,DATE,Vms,Ta,RH,VPDhpa,SVWC30cm,Rn,PPFD,Rainfall,Month,Day,year,time,DOY,Cof,G,GPPob,LE,SIF
1,2024-1-1,2,3.718,46.9044,4.23526,39.6,375.225,582.955,0,1,1,2024,9,1,420,50,0.34027,50,0.14179
2,2024-1-1,2,3.835,49.6721,4.04781,39.6,456.718,728.442,0,1,1,2024,9.5,1,420,50,0.35213,50,0.14324
3,2024-1-1,2,4.636,51.2327,4.14973,39.6,528.766,861.157,0,1,1,2024,10,1,420,50,0.36001,50,0.15085
4,2024-1-1,2,5.159,52.1083,4.22715,39.6,579.117,957.452,0,1,1,2024,10.5,1,420,50,0.3645,50,0.14617
5,2024-1-1,2,5.284,49.9402,4.45723,39.6,617.881,1035.47,0,1,1,2024,11,1,420,50,0.36752,50,0.14899
6,2024-1-1,2,4.938,50.8385,4.27271,39.6,650.767,1108.41,0,1,1,2024,11.5,1,420,50,0.36984,50,0.15016
7,2024-1-1,2,5.821,48.2082,4.78706,39.6,651.394,1121.61,0,1,1,2024,12,1,420,50,0.36988,50,0.1396
8,2024-1-1,2,5.493,50.1223,4.50618,39.6,626.638,1087.43,0,1,1,2024,12.5,1,420,50,0.36816,50,0.14683
9,2024-1-1,2,5.32,49.6344,4.49573,39.6,594.62,1043.45,0,1,1,2024,13,1,420,50,0.36575,50,0.14453
10,2024-1-1,2,5.777,48.0397,4.78798,39.6,544.442,964.786,0,1,1,2024,13.5,1,420,50,0.36148,50,0.14862
11,2024-1-1,2,6.354,46.4172,5.13893,39.6,479.939,867.698,0,1,1,2024,14,1,420,50,0.35489,50,0.15376
12,2024-1-1,2,6.683,46.1377,5.28442,39.6,402.304,739.045,0,1,1,2024,14.5,1,420,50,0.34465,50,0.13322
13,2024-1-1,2,6.675,46.9551,5.20136,39.6,316.696,594.164,0,1,1,2024,15,1,420,50,0.32879,50,0.12266
14,2024-1-1,2,6.339,49.4954,4.83869,39.6,224.556,432.995,0,1,1,2024,15.5,1,420,50,0.30201,50,0.11121
15,2024-1-2,2,4.138,48.7638,4.20986,39.4,49.6365,105.493,0.2,1,2,2024,9.5,2,420,50,0.152,50,0.03495
16,2024-1-2,2,3.274,56.6804,3.34851,39.4,56.963,113.993,0.4,1,2,2024,10,2,420,50,0.16558,50,0.03077
17,2024-1-2,2,2.475,68.1562,2.32537,39.4,59.9524,118.243,0.3,1,2,2024,10.5,2,420,50,0.17073,50,0.03524
18,2024-1-2,2,0.979,94.1886,0.38111,39.4,58.3601,115.601,0.7,1,2,2024,11,2,420,50,0.16801,50,0.03863
19,2024-1-2,2,1.16,92.4001,0.50496,39.4,90.4189,171.487,0.5,1,2,2024,13,2,420,50,0.21336,50,0.04788
20,2024-1-2,2,1.686,92.4082,0.52391,39.4,65.5753,126.8,1.3,1,2,2024,14,2,420,50,0.17988,50,0.04101
21,2024-1-3,2,0.61,49.5175,3.22329,39.5,404.712,610.201,0,1,3,2024,9,3,420,50,0.32122,50,0.1509
22,2024-1-3,2,1.086,46.1199,3.56087,39.5,497.459,773.628,0,1,3,2024,9.5,3,420,50,0.33419,50,0.14902
23,2024-1-3,2,1.574,44.9814,3.76636,39.5,572.161,910.971,0,1,3,2024,10,3,420,50,0.34219,50,0.15699
24,2024-1-3,2,2.21,41.4753,4.1935,39.5,631.876,1022.98,0,1,3,2024,10.5,3,420,50,0.34743,50,0.1455
25,2024-1-3,2,2.473,41.0217,4.30623,39.5,679.419,1115.81,0,1,3,2024,11,3,420,50,0.35096,50,0.14439
26,2024-1-3,2,2.65,41.2618,4.34322,39.5,709.342,1177.19,0,1,3,2024,11.5,3,420,50,0.35266,50,0.14971
27,2024-1-3,2,2.834,37.0724,4.71441,39.5,707.323,1183.89,0,1,3,2024,12,3,420,50,0.35143,50,0.15076
28,2024-1-3,2,2.953,37.3807,4.73121,39.5,684.471,1159.63,0,1,3,2024,12.5,3,420,50,0.34819,50,0.15794
29,2024-1-3,2,3.238,38.6145,4.73286,39.5,647.468,1111.73,0,1,3,2024,13,3,420,50,0.34327,50,0.15593
30,2024-1-3,2,3.387,38.0685,4.82569,39.5,596.874,1037.74,0,1,3,2024,13.5,3,420,50,0.33631,50,0.17253
31,2024-1-3,2,3.491,38.2406,4.84786,39.5,533.183,941.351,0,1,3,2024,14,3,420,50,0.32671,50,0.17077
32,2024-1-3,2,3.748,38.1342,4.9453,39.5,452.882,817.134,0,1,3,2024,14.5,3,420,50,0.31272,50,0.14602
33,2024-1-3,2,3.768,36.4234,5.08925,39.5,364.09,673.553,0,1,3,2024,15,3,420,50,0.29352,50,0.13423
34,2024-1-3,2,3.759,44.3811,4.44941,39.5,256.443,490.14,0,1,3,2024,15.5,3,420,50,0.26193,50,0.13298
35,2024-1-4,2,3.263,49.7862,3.87839,39.5,372.008,569.444,0,1,4,2024,9,4,420,50,0.23606,50,0.08471
36,2024-1-4,2,4.401,48.1419,4.34053,39.5,537.338,884.287,0,1,4,2024,10.5,4,420,50,0.27229,50,0.12272
37,2024-1-4,2,5.821,41.4849,5.40849,39.5,716.84,1179.36,0,1,4,2024,11,4,420,50,0.30496,50,0.10178
38,2024-1-4,2,6.575,35.9671,6.23563,39.5,619.092,1044.59,0,1,4,2024,12,4,420,50,0.28517,50,0.07434
39,2024-1-4,2,7.211,33.82,6.7331,39.5,653.839,1123.49,0,1,4,2024,12.5,4,420,50,0.29062,50,0.07728
40,2024-1-4,2,7.39,36.8994,6.49912,39.5,674.11,1178.2,0,1,4,2024,13,4,420,50,0.29325,50,0.08737
41,2024-1-4,2,8.143,27.7217,7.83747,39.5,605.722,1076.7,0,1,4,2024,13.5,4,420,50,0.27889,50,0.13404
42,2024-1-4,2,7.784,26.189,7.81002,39.5,518.648,941.706,0,1,4,2024,14,4,420,50,0.25859,50,0.12568
43,2024-1-4,2,7.276,30.6161,7.09063,39.5,432.954,803.111,0,1,4,2024,14.5,4,420,50,0.2355,50,0.12194
44,2024-1-4,2,7.478,29.7802,7.27612,39.5,345.54,657.017,0,1,4,2024,15,4,420,50,0.208,50,0.0894
45,2024-1-4,2,7.003,34.296,6.58983,39.5,249.232,486.753,0,1,4,2024,15.5,4,420,50,0.1717,50,0.09495
46,2024-1-5,2,6.62,41.3225,5.73188,39.3,334.439,569.768,0,1,5,2024,10,5,420,50,0.20278,50,0.04303
47,2024-1-5,2,7.088,39.8179,6.07137,39.3,451.239,768.986,0,1,5,2024,10.5,5,420,50,0.25246,50,0.10051
48,2024-1-5,2,8.115,39.3615,6.56278,39.3,609.219,1046.44,0,1,5,2024,11,5,420,50,0.30809,50,0.09853
49,2024-1-5,2,9.061,37.997,7.15544,39.3,670.536,1157.89,0,1,5,2024,11.5,5,420,50,0.32916,50,0.08452
50,2024-1-5,2,9.329,37.2748,7.37099,39.3,649.015,1138.09,0,1,5,2024,12,5,420,50,0.32645,50,0.10102
51,2024-1-5,2,9.491,36.643,7.52699,39.3,627.322,1113.02,0,1,5,2024,12.5,5,420,50,0.3234,50,0.10217
52,2024-1-5,2,8.827,36.5974,7.20201,39.3,595.077,1067.08,0,1,5,2024,13,5,420,50,0.31671,50,0.1141
53,2024-1-5,2,8.626,35.0768,7.27492,39.3,551.178,998.59,0,1,5,2024,13.5,5,420,50,0.30545,50,0.12597
54,2024-1-5,2,8.856,39.0302,6.93928,39.3,489.339,898.449,0,1,5,2024,14,5,420,50,0.28634,50,0.13209
55,2024-1-5,2,9.34,41.4122,6.88991,39.3,409.698,766.401,0,1,5,2024,14.5,5,420,50,0.25718,50,0.11139
56,2024-1-5,2,8.932,40.5368,6.80272,39.3,328.294,629.579,0,1,5,2024,15,5,420,50,0.22228,50,0.10789
57,2024-1-5,2,8.559,37.2512,6.99937,39.3,239.597,477.043,0,1,5,2024,15.5,5,420,50,0.17695,50,0.09464
58,2024-1-6,2,7.118,18.5286,8.23607,39.1,95.2027,160.477,0,1,6,2024,9,6,420,50,0.10964,50,0.0322
59,2024-1-6,2,7.377,20.5136,8.17951,39.1,152.73,255.548,0,1,6,2024,9.5,6,420,50,0.16687,50,0.03228
60,2024-1-6,2,7.344,22.3739,7.97002,39.1,278.237,466.478,0,1,6,2024,10,6,420,50,0.27165,50,0.04842
61,2024-1-6,2,7.179,22.7647,7.84062,39.1,465.068,788.304,0,1,6,2024,10.5,6,420,50,0.39151,50,0.13961
62,2024-1-6,2,7.299,22.4754,7.93507,39.1,623.577,1054.31,0,1,6,2024,11,6,420,50,0.47111,50,0.13797
63,2024-1-6,2,7.487,22.4742,8.03811,39.1,658.205,1124.84,0,1,6,2024,11.5,6,420,50,0.48912,50,0.11101
64,2024-1-6,2,7.447,22.3587,8.02806,39.1,660.223,1139.88,0,1,6,2024,12,6,420,50,0.49337,50,0.11973
65,2024-1-6,2,7.508,24.8133,7.8068,39.1,643.692,1121.42,0,1,6,2024,12.5,6,420,50,0.48977,50,0.1316
66,2024-1-6,2,7.628,26.9141,7.65126,39.1,613.826,1080.82,0,1,6,2024,13,6,420,50,0.47999,50,0.12664
67,2024-1-6,2,7.948,22.6189,8.27998,39.1,572.54,1019.73,0,1,6,2024,13.5,6,420,50,0.46405,50,0.13502
68,2024-1-6,2,8.371,21.5679,8.63775,39.1,513.241,929.489,0,1,6,2024,14,6,420,50,0.43733,50,0.13529
69,2024-1-6,2,8.227,21.247,8.58853,39.1,439.279,807.412,0,1,6,2024,14.5,6,420,50,0.39885,50,0.12827
70,2024-1-6,2,8.384,22.063,8.59081,39.1,348.352,652.694,0,1,6,2024,15,6,420,50,0.34307,50,0.10938
71,2024-1-6,2,7.801,27.7168,7.65725,39.1,248.539,473.732,0,1,6,2024,15.5,6,420,50,0.26931,50,0.07911
72,2024-1-7,2,3.153,30.3901,5.33468,39,217.884,355.567,0,1,7,2024,9,7,420,50,0.24171,50,0.06373
73,2024-1-7,2,3.617,30.6518,5.49231,39,439.599,703.17,0,1,7,2024,9.5,7,420,50,0.40956,50,0.11971
74,2024-1-7,2,3.932,30.9511,5.59167,39,516.4,847.342,0,1,7,2024,10,7,420,50,0.45607,50,0.11497
75,2024-1-7,2,4.376,29.2301,5.91306,38.9,477.661,803.582,0,1,7,2024,10.5,7,420,50,0.43312,50,0.09017
76,2024-1-7,2,5.947,36.7242,5.89989,38.9,321.125,570.495,0,1,7,2024,12,7,420,50,0.32614,50,0.09903
77,2024-1-7,2,7.788,38.9801,6.45835,38.9,453.375,782.089,0,1,7,2024,14,7,420,50,0.41757,50,0.07445
78,2024-1-8,2,2.993,62.9399,2.80806,38.8,66.4505,124.344,0,1,8,2024,9,8,420,50,0.07948,50,0.03293
79,2024-1-8,2,2.747,61.488,2.86741,38.8,148.287,257.965,0,1,8,2024,9.5,8,420,50,0.1662,50,0.05541
80,2024-1-8,2,3.095,63.6461,2.77459,38.8,265.553,449.817,0,1,8,2024,10,8,420,50,0.27352,50,0.07902
81,2024-1-8,2,4.156,71.8104,2.31916,38.8,245.422,415.942,0,1,8,2024,10.5,8,420,50,0.2561,50,0.06897
82,2024-1-8,2,3.934,72.5211,2.22559,38.8,236.705,403.65,0,1,8,2024,11,8,420,50,0.24829,50,0.05757
83,2024-1-8,2,3.658,71.0443,2.29992,38.8,170.9,295.468,0,1,8,2024,11.5,8,420,50,0.1876,50,0.05458
84,2024-1-8,2,3.781,67.4531,2.60774,38.8,210.217,356.057,0,1,8,2024,12,8,420,50,0.22421,50,0.06454
85,2024-1-8,2,4.241,70.0455,2.47915,38.8,250.808,428.215,0,1,8,2024,12.5,8,420,50,0.25999,50,0.05226
86,2024-1-8,2,5.034,70.4595,2.58471,38.8,570.27,991.006,0,1,8,2024,13,8,420,50,0.48763,50,0.11937
87,2024-1-8,2,5.496,70.724,2.64548,38.8,480.98,849.904,0,1,8,2024,13.5,8,420,50,0.43219,50,0.10943
88,2024-1-8,2,5.646,72.0695,2.55038,38.7,429.024,762.055,0,1,8,2024,14,8,420,50,0.39718,50,0.11044
89,2024-1-8,2,5.546,72.8462,2.46227,38.7,371.456,665.386,0,1,8,2024,14.5,8,420,50,0.35577,50,0.12522
90,2024-1-8,2,4.69,72.7334,2.32899,38.8,301.573,543.944,0,1,8,2024,15,8,420,50,0.30145,50,0.09455
91,2024-1-8,2,4.788,70.8493,2.50708,38.7,221.972,408.969,0,1,8,2024,15.5,8,420,50,0.23347,50,0.07059
92,2024-1-9,2,6.86,73.0861,2.67292,38.7,326.322,515.943,0,1,9,2024,9,9,420,50,0.32297,50,0.11035
93,2024-1-9,2,6.948,72.4385,2.75386,38.7,433.397,699.255,0,1,9,2024,9.5,9,420,50,0.40563,50,0.10986
94,2024-1-9,2,6.578,74.5655,2.47737,38.7,502.769,831.15,0,1,9,2024,10,9,420,50,0.45483,50,0.11258
95,2024-1-9,2,7.138,71.6533,2.86955,38.7,564.305,949.098,0,1,9,2024,10.5,9,420,50,0.49593,50,0.10781
96,2024-1-9,2,7.036,72.6541,2.7489,38.7,588.433,1001.42,0,1,9,2024,11,9,420,50,0.51189,50,0.10799
97,2024-1-9,2,6.655,73.5562,2.58939,38.7,576.761,991.972,0,1,9,2024,11.5,9,420,50,0.50533,50,0.1171
98,2024-1-9,2,6.088,77.5158,2.11704,38.6,550.828,959.24,0,1,9,2024,13,9,420,50,0.49094,50,0.10449
99,2024-1-9,2,5.895,77.3617,2.10321,38.6,490.724,852.261,0,1,9,2024,13.5,9,420,50,0.45132,50,0.2541
100,2024-1-10,2,0.608,42.6109,3.66374,38.6,384.625,579.949,0,1,10,2024,9,10,420,50,0.39526,50,0.11557
101,2024-1-10,2,1.737,40.3091,4.13439,38.6,470.769,735.046,0,1,10,2024,9.5,10,420,50,0.46327,50,0.11459
102,2024-1-10,2,4.726,25.9724,6.33907,38.5,365.617,668.138,0,1,10,2024,15,10,420,50,0.38589,50,0.10616
103,2024-1-11,2,7.805,34.3019,6.96157,38.5,375.712,579.211,0,1,11,2024,9,11,420,50,0.41265,50,0.11653
104,2024-1-11,2,7.386,34.8942,6.70381,38.5,467.626,742.902,0,1,11,2024,9.5,11,420,50,0.48648,50,0.1247
105,2024-1-11,2,7.192,35.7631,6.5269,38.5,536.093,872.09,0,1,11,2024,10,11,420,50,0.53647,50,0.10777
106,2024-1-11,2,7.626,36.6855,6.6274,38.5,593.074,982.686,0,1,11,2024,10.5,11,420,50,0.57507,50,0.10971
107,2024-1-11,2,7.324,41.0176,6.04753,38.5,636.486,1069.01,0,1,11,2024,11,11,420,50,0.60272,50,0.09996
108,2024-1-11,2,8.446,40.2025,6.61917,38.4,565.183,1007.17,0,1,11,2024,13.5,11,420,50,0.55669,50,0.10095
109,2024-1-11,2,9.036,37.2765,7.22637,38.4,505,910.347,0,1,11,2024,14,11,420,50,0.51576,50,0.09671
110,2024-1-11,2,9.758,34.8539,7.87986,38.4,436.645,798.81,0,1,11,2024,14.5,11,420,50,0.46591,50,0.09636
111,2024-1-11,2,8.654,39.3856,6.80502,38.4,351.755,653.551,0,1,11,2024,15,11,420,50,0.39797,50,0.09317
112,2024-1-12,2,9.715,51.6559,5.83067,38.3,388.079,600.557,0,1,12,2024,9,12,420,50,0.4434,50,0.11981
113,2024-1-12,2,9.685,52.4518,5.72312,38.3,471.515,751.255,0,1,12,2024,9.5,12,420,50,0.50157,50,0.12061
114,2024-1-12,2,10.177,51.0451,6.09029,38.3,541.449,879.496,0,1,12,2024,10,12,420,50,0.54439,50,0.12428
115,2024-1-12,2,10.374,51.9614,6.05562,38.3,596.843,985.314,0,1,12,2024,10.5,12,420,50,0.57497,50,0.12281
116,2024-1-12,2,10.808,52.1521,6.20891,38.3,641.59,1072.57,0,1,12,2024,11,12,420,50,0.59768,50,0.11389
117,2024-1-12,2,10.521,54.8901,5.74259,38.3,674.327,1142.88,0,1,12,2024,11.5,12,420,50,0.61319,50,0.0981
118,2024-1-12,2,10.654,54.4344,5.85234,38.3,671.955,1149.36,0,1,12,2024,12,12,420,50,0.61182,50,0.10253
119,2024-1-12,2,10.803,53.5431,6.0264,38.3,659.152,1138.7,0,1,12,2024,12.5,12,420,50,0.60558,50,0.10529
120,2024-1-12,2,11.367,51.7929,6.49242,38.3,632.831,1108.67,0,1,12,2024,13,12,420,50,0.59275,50,0.12359
121,2024-1-12,2,11.252,51.5054,6.48148,38.2,583.562,1033.36,0,1,12,2024,13.5,12,420,50,0.56777,50,0.12569
122,2024-1-12,2,11.958,49.0494,7.13563,38.2,516.255,926.056,0,1,12,2024,14,12,420,50,0.53078,50,0.12996
123,2024-1-12,2,12.191,47.3502,7.4878,38.2,444.727,808.525,0,1,12,2024,14.5,12,420,50,0.48702,50,0.11671
124,2024-1-12,2,12.506,46.5735,7.75744,38.2,355.901,660.745,0,1,12,2024,15,12,420,50,0.42451,50,0.10022
125,2024-1-12,2,11.942,48.1253,7.25738,38.2,263.296,500.914,0,1,12,2024,15.5,12,420,50,0.34676,50,0.08995
126,2024-1-13,2,11.541,41.2765,8.0005,38.1,555.888,899.841,0,1,13,2024,10,13,420,50,0.45092,50,0.13484
127,2024-1-13,2,11.352,43.8074,7.56036,38.1,616.8,1015.33,0,1,13,2024,10.5,13,420,50,0.47354,50,0.13479
128,2024-1-13,2,11.603,42.2243,7.90376,38.1,666.82,1111.79,0,1,13,2024,11,13,420,50,0.48962,50,0.14131
129,2024-1-13,2,12.075,43.9152,7.91556,38.1,697.971,1180.87,0,1,13,2024,11.5,13,420,50,0.49739,50,0.12232
130,2024-1-13,2,12.148,45.4211,7.74019,38.1,695.289,1190.05,0,1,13,2024,12,13,420,50,0.49237,50,0.12298
131,2024-1-13,2,12.632,43.8161,8.22562,38.1,681.086,1177.6,0,1,13,2024,12.5,13,420,50,0.48306,50,0.13639
132,2024-1-13,2,12.877,42.492,8.55589,38.1,647.459,1132.32,0,1,13,2024,13,13,420,50,0.46619,50,0.13612
133,2024-1-13,2,13.121,40.8986,8.93454,38,599.212,1060.02,0,1,13,2024,13.5,13,420,50,0.44282,50,0.13888
134,2024-1-13,2,13.195,40.2842,9.07121,38.1,537.74,964.361,0,1,13,2024,14,13,420,50,0.4124,50,0.14436
135,2024-1-13,2,13.354,39.7267,9.25149,38,466.439,848.822,0,1,13,2024,14.5,13,420,50,0.37496,50,0.12931
136,2024-1-13,2,13.382,36.243,9.80411,38,380.785,708.071,0,1,13,2024,15,13,420,50,0.32599,50,0.12115
137,2024-1-13,2,13.315,33.0189,10.25494,38,288.082,552.382,0,1,13,2024,15.5,13,420,50,0.26367,50,0.10907
138,2024-1-15,2,2.248,40.152,4.3,37.7,75.4826,129.511,0,1,15,2024,9,15,420,50,0.06976,50,0.03107
139,2024-1-15,2,2.81,35.766,4.80406,37.7,142.541,239.472,0,1,15,2024,9.5,15,420,50,0.13048,50,0.04605
140,2024-1-15,2,3.233,37.4582,4.8203,37.7,305.502,506.188,0,1,15,2024,10,15,420,50,0.26821,50,0.08176
141,2024-1-15,2,4.34,53.4928,3.87601,37.7,142.467,240.207,0,1,15,2024,14.5,15,420,50,0.14901,50,0.0366
142,2024-1-15,2,4.209,53.7184,3.82182,37.7,179.434,302.261,0,1,15,2024,15,15,420,50,0.18757,50,0.04166
143,2024-1-16,2,4.108,96.9918,0.24665,37.6,31.1652,58.3078,0.7,1,16,2024,9.5,16,420,50,0.04418,50,0.02651
144,2024-1-16,2,4.072,97.6282,0.19398,37.6,52.4373,94.7983,0.6,1,16,2024,10,16,420,50,0.07363,50,0.01999
145,2024-1-16,2,4.284,98.4122,0.13181,37.6,73.1999,125.818,0,1,16,2024,11.5,16,420,50,0.10154,50,0.01591
146,2024-1-16,2,4.343,98.7458,0.10455,37.6,74.5994,128.892,0,1,16,2024,12,16,420,50,0.10327,50,0.04549
147,2024-1-16,2,4.318,98.8578,0.09505,37.6,80.7788,141.087,0,1,16,2024,12.5,16,420,50,0.1114,50,0.04777
148,2024-1-16,2,4.466,96.5254,0.29216,37.6,70.0757,121.878,0,1,16,2024,13.5,16,420,50,0.09674,50,0.03828
149,2024-1-16,2,4.428,95.3151,0.39287,37.6,73.7147,128.852,0,1,16,2024,14,16,420,50,0.10147,50,0.0322
150,2024-1-16,2,4.263,94.9061,0.42224,37.6,50.4246,88.1223,0,1,16,2024,14.5,16,420,50,0.06993,50,0.01651
151,2024-1-16,2,4.518,92.9996,0.59077,37.6,43.124,76.5685,0,1,16,2024,15,16,420,50,0.05989,50,0.01471
152,2024-1-16,2,4.89,92.3081,0.66628,37.6,16.3893,31.2493,0,1,16,2024,16,16,420,50,0.02293,50,0.0125
153,2024-1-17,2,6.735,99.1784,0.0809,39.6,1.62212,3.58994,0,1,17,2024,7.5,17,420,50,0.00218,50,3.59E-04
154,2024-1-17,2,6.409,99.1113,0.08556,40.3,2.23236,5.43022,0.3,1,17,2024,8,17,420,50,0.003,50,5.43E-04
155,2024-1-17,2,6.184,99.0046,0.09435,40.6,4.96815,11.0372,1.7,1,17,2024,8.5,17,420,50,0.00665,50,0.0011
156,2024-1-17,2,6.127,99.0931,0.08562,41.1,10.7283,21.3221,1.1,1,17,2024,9,17,420,50,0.01431,50,0.00213
157,2024-1-17,2,6.192,99.1735,0.07838,44.7,12.8973,25.6494,0.2,1,17,2024,9.5,17,420,50,0.01716,50,0.00256
158,2024-1-17,2,6.273,99.2863,0.06807,46,13.3688,26.9662,0.5,1,17,2024,10,17,420,50,0.01776,50,0.0027
159,2024-1-17,2,6.296,99.3661,0.06055,45.4,14.0496,28.9789,1.2,1,17,2024,10.5,17,420,50,0.01863,50,0.0029
160,2024-1-17,2,4.89,99.7096,0.02515,43.5,12.3902,24.6985,1.2,1,17,2024,16.5,17,420,50,0.01614,50,0.00247
161,2024-1-17,2,5.186,99.7362,0.02333,46.8,4.40374,8.59171,0.8,1,17,2024,17,17,420,50,0.00575,50,8.59E-04
162,2024-1-18,2,4.802,99.912,0.00758,47.7,5.53207,11.6888,0.7,1,18,2024,7.5,18,420,50,0.00689,50,0.00117
163,2024-1-18,2,3.865,99.9149,0.00686,47.5,15.6597,30.4031,0.2,1,18,2024,8,18,420,50,0.01939,50,0.00304
164,2024-1-18,2,4.682,99.9559,0.00376,45.7,90.2818,164.299,0,1,18,2024,10.5,18,420,50,0.10695,50,0.01643
165,2024-1-18,2,4.912,99.9569,0.00374,45.5,77.4466,142.434,0,1,18,2024,11,18,420,50,0.09213,50,0.01424
166,2024-1-18,2,4.685,99.9226,0.00661,45.2,98.9837,178.282,0,1,18,2024,11.5,18,420,50,0.11637,50,0.01783
167,2024-1-18,2,5.363,99.959,0.00367,44.9,113.665,204.239,0,1,18,2024,12,18,420,50,0.1325,50,0.02042
168,2024-1-18,2,3.884,99.8472,0.01233,44.7,107.303,199.649,0,1,18,2024,12.5,18,420,50,0.12523,50,0.01996
169,2024-1-18,2,1.861,99.9805,0.00136,43.6,11.6259,23.8021,0.8,1,18,2024,16,18,420,50,0.01404,50,0.00238
170,2024-1-18,2,1.433,99.9827,0.00117,43.6,9.71544,18.4281,0.9,1,18,2024,16.5,18,420,50,0.01173,50,0.00184
171,2024-1-18,2,1.276,99.9824,0.00118,43.8,2.44842,5.37075,0.7,1,18,2024,17,18,420,50,0.00296,50,5.37E-04
172,2024-1-19,2,-0.175,99.9863,8.26E-04,44.1,4.57331,8.49329,0,1,19,2024,7.5,19,420,50,0.00526,50,8.49E-04
173,2024-1-19,2,-0.132,100.02,-0.00121,42.9,9.09072,17.5404,0.1,1,19,2024,16.5,19,420,50,0.0101,50,0.00175
174,2024-1-19,2,-0.313,100.018,-0.00107,42.8,1.61531,4.99852,0,1,19,2024,17,19,420,50,0.0018,50,5.00E-04
175,2024-1-20,2,-2.844,96.8077,0.15805,42.1,5.24161,10.6722,0,1,20,2024,7.5,20,420,50,0.00552,50,0.00107
176,2024-1-20,2,-2.929,96.8941,0.1528,42.1,14.9262,27.2208,0,1,20,2024,8,20,420,50,0.01559,50,0.00272
177,2024-1-21,2,-4.173,96.4098,0.16085,41.3,9.68964,17.2246,0,1,21,2024,17,21,420,50,0.00886,50,0.00172
178,2024-1-22,2,-10.934,74.213,0.68227,41,19.4221,35.6317,0,1,22,2024,17,22,420,50,0.01574,50,0.00356
179,2024-1-23,2,-7.429,43.0442,1.98783,40.7,22.2274,54.6568,0,1,23,2024,17,23,420,50,0.01581,50,0.00547
180,2024-1-24,2,-3.207,36.1694,3.07548,40.3,18.3541,33.0178,0,1,24,2024,17,24,420,50,0.01133,50,0.0033
181,2024-1-25,2,0.337,31.4156,4.29309,40.1,675.948,1159.05,0,1,25,2024,13,25,420,50,0.22876,50,0.11591
182,2024-1-26,2,-3.155,38.082,2.99498,40,11.1673,20.3818,0,1,26,2024,7.5,26,420,50,0.01951,50,0.00204
183,2024-1-28,2,1.616,29.3458,4.85136,39.7,597.205,945.665,0,1,28,2024,10,28,420,50,0.28318,50,0.09457
184,2024-1-28,2,2.453,29.2856,5.15576,39.7,658.101,1062.14,0,1,28,2024,10.5,28,420,50,0.29622,50,0.10621
185,2024-1-28,2,2.971,28.7645,5.3891,39.7,701.063,1147.28,0,1,28,2024,11,28,420,50,0.30485,50,0.11473
186,2024-1-28,2,3.535,28.5654,5.62482,39.7,737.478,1222.75,0,1,28,2024,11.5,28,420,50,0.31189,50,0.12228
187,2024-1-28,2,4.001,26.908,5.94796,39.7,747.267,1254.3,0,1,28,2024,12,28,420,50,0.3137,50,0.12543
188,2024-1-28,2,4.734,25.9033,6.34855,39.7,731.285,1240.71,0,1,28,2024,12.5,28,420,50,0.3105,50,0.12407
189,2024-1-28,2,4.835,25.5828,6.42128,39.7,700.797,1198.67,0,1,28,2024,13,28,420,50,0.30418,50,0.11987
190,2024-1-28,2,4.56,25.2643,6.32563,39.7,654.394,1127.18,0,1,28,2024,13.5,28,420,50,0.29398,50,0.11272
191,2024-1-28,2,4.492,26.0334,6.23072,39.7,593.077,1028.79,0,1,28,2024,14,28,420,50,0.27932,50,0.10288
192,2024-1-28,2,4.514,26.3751,6.21153,39.7,513.179,898.869,0,1,28,2024,14.5,28,420,50,0.25798,50,0.08989
193,2024-1-29,2,2.838,17.6726,6.16956,39.7,11.5305,21.2763,0,1,29,2024,7.5,29,420,50,0.00929,50,0.00213
194,2024-1-29,2,2.894,27.5704,5.4495,39.7,172.001,290.075,0,1,29,2024,10,29,420,50,0.12281,50,0.02901
195,2024-1-29,2,3.105,25.1256,5.71861,39.7,251.047,417.744,0,1,29,2024,10.5,29,420,50,0.16926,50,0.04177
196,2024-1-29,2,3.035,25.9142,5.6303,39.6,216.161,364.268,0,1,29,2024,11,29,420,50,0.15042,50,0.03643
197,2024-1-29,2,2.938,26.6938,5.53275,39.7,208.426,353.631,0,1,29,2024,11.5,29,420,50,0.1466,50,0.03536
198,2024-1-29,2,3.105,30.5278,5.30601,39.7,227.637,386.941,0,1,29,2024,12,29,420,50,0.1585,50,0.03869
199,2024-1-29,2,3.143,37.6918,4.77171,39.6,221.108,377.878,0,1,29,2024,12.5,29,420,50,0.15546,50,0.03779
200,2024-1-29,2,3.375,41.5785,4.54832,39.7,230.244,389.033,0,1,29,2024,13,29,420,50,0.16152,50,0.0389
201,2024-1-29,2,4.023,41.3242,4.78223,39.7,384.572,666.912,0,1,29,2024,14,29,420,50,0.2442,50,0.06669
202,2024-1-30,2,4.115,92.606,0.60655,39.7,420.466,696.595,0,1,30,2024,10,30,420,50,0.29776,50,0.06966
203,2024-1-30,2,5.483,82.8867,1.54502,39.7,632.767,1053.76,0,1,30,2024,10.5,30,420,50,0.39836,50,0.10538
204,2024-1-30,2,6.129,78.2396,2.05472,39.7,601.837,1022.23,0,1,30,2024,11,30,420,50,0.38481,50,0.10222
205,2024-1-30,2,5.474,81.5855,1.66145,39.7,416.819,703.608,0,1,30,2024,11.5,30,420,50,0.29516,50,0.07036
206,2024-1-30,2,5.12,84.7922,1.33866,39.7,272.062,455.67,0,1,30,2024,12,30,420,50,0.21032,50,0.04557
207,2024-1-30,2,5.271,84.7021,1.36086,39.7,234.488,396.39,0,1,30,2024,12.5,30,420,50,0.18559,50,0.03964
208,2024-1-30,2,5.957,81.6258,1.71441,39.7,275.809,467.714,0,1,30,2024,13,30,420,50,0.21238,50,0.04677
209,2024-1-30,2,6.321,81.0005,1.81802,39.7,259.004,437.318,0,1,30,2024,13.5,30,420,50,0.20144,50,0.04373
210,2024-1-30,2,6.42,81.4195,1.79014,39.7,137.949,243.687,0,1,30,2024,14,30,420,50,0.11627,50,0.02437
211,2024-1-30,2,6.487,81.4538,1.79512,39.7,86.3678,157.381,0,1,30,2024,14.5,30,420,50,0.07545,50,0.01574
212,2024-1-30,2,6.478,82.7343,1.67014,39.7,9.62537,18.6575,0,1,30,2024,17,30,420,50,0.00887,50,0.00187
213,2024-1-31,2,5.9,99.7916,0.01937,40.3,20.8833,37.8864,0,1,31,2024,7.5,31,420,50,0.01859,50,0.00379
214,2024-1-31,2,6.523,99.8299,0.01651,40.5,65.2664,117.932,0,1,31,2024,9,31,420,50,0.05608,50,0.01179
215,2024-1-31,2,6.637,99.8307,0.01656,40.6,75.1943,136.706,0.1,1,31,2024,9.5,31,420,50,0.06409,50,0.01367
216,2024-1-31,2,6.658,99.8255,0.01709,40.6,119.913,209.767,0,1,31,2024,10,31,420,50,0.09895,50,0.02098
217,2024-1-31,2,7.161,99.8465,0.01556,40.7,114.767,203.947,0.3,1,31,2024,10.5,31,420,50,0.09496,50,0.02039
218,2024-1-31,2,6.777,99.8455,0.01526,40.8,82.7748,147.027,0.4,1,31,2024,11,31,420,50,0.06999,50,0.0147
219,2024-1-31,2,7.127,99.8606,0.0141,40.8,107.742,191.46,0.1,1,31,2024,11.5,31,420,50,0.08943,50,0.01915
220,2024-1-31,2,7.407,99.8704,0.01336,40.9,127.486,222.172,0.2,1,31,2024,12,31,420,50,0.10429,50,0.02222
221,2024-1-31,2,7.631,99.8961,0.01088,41,75.8522,140.495,0.6,1,31,2024,12.5,31,420,50,0.06429,50,0.01405
222,2024-1-31,2,7.602,99.8981,0.01065,41,104.199,189.877,0.5,1,31,2024,13,31,420,50,0.08648,50,0.01899
223,2024-1-31,2,7.611,99.9042,0.01002,41.1,88.0685,164.973,1.1,1,31,2024,13.5,31,420,50,0.07386,50,0.0165
224,2024-1-31,2,7.46,99.8976,0.0106,41.2,75.6563,140.225,0.7,1,31,2024,14,31,420,50,0.06396,50,0.01402
225,2024-1-31,2,7.483,99.9249,0.00778,41.4,78.7495,140.473,0.1,1,31,2024,14.5,31,420,50,0.06637,50,0.01405
226,2024-1-31,2,7.665,99.9675,0.00341,42.4,22.2113,38.975,0,1,31,2024,16.5,31,420,50,0.01944,50,0.0039
227,2024-1-31,2,7.748,99.9688,0.00329,42.5,4.79431,9.69935,2.1,1,31,2024,17,31,420,50,0.00425,50,9.70E-04
228,2024-1-31,2,7.695,99.9861,0.00146,42.6,0.8449,2.08197,2.2,1,31,2024,17.5,31,420,50,7.50E-04,50,2.08E-04
229,2024-2-1,2,0.595,100.107,-0.00682,43.5,8.31896,15.0207,0,2,1,2024,7.5,32,420,50,0.00715,50,0.0015
230,2024-2-1,2,0.374,100.117,-0.00734,43.4,17.3411,30.6968,0,2,1,2024,8,32,420,50,0.0148,50,0.00307
231,2024-2-1,2,0.264,100.119,-0.00741,43.4,20.5688,37.448,0,2,1,2024,8.5,32,420,50,0.0175,50,0.00374
232,2024-2-1,2,0.093,100.112,-0.00689,43.3,10.872,22.3877,0.1,2,1,2024,9,32,420,50,0.00931,50,0.00224
233,2024-2-1,2,-1.966,99.6217,0.01999,43.4,17.5745,31.3915,0,2,1,2024,16,32,420,50,0.01477,50,0.00314
234,2024-2-1,2,-2.26,99.4693,0.02744,43.4,12.4334,21.3972,0,2,1,2024,16.5,32,420,50,0.01048,50,0.00214
235,2024-2-1,2,-2.536,99.259,0.03754,43.4,6.82025,11.1183,0,2,1,2024,17,32,420,50,0.00577,50,0.00111
236,2024-2-1,2,-2.555,99.0747,0.04681,43.3,2.11048,3.26833,0,2,1,2024,17.5,32,420,50,0.00179,50,3.27E-04
237,2024-2-2,2,-3.263,97.0771,0.14024,42.6,2.87135,4.7361,0,2,2,2024,7,33,420,50,0.00237,50,4.74E-04
238,2024-2-2,2,-3.053,97.2305,0.13499,42.6,12.2981,19.791,0,2,2,2024,7.5,33,420,50,0.01007,50,0.00198
239,2024-2-2,2,-3.111,97.21,0.1354,42.6,21.7491,36.9082,0,2,2,2024,8,33,420,50,0.01768,50,0.00369
240,2024-2-2,2,-2.562,97.8586,0.10827,44.3,15.3926,28.1928,0,2,2,2024,17,33,420,50,0.01235,50,0.00282
241,2024-2-2,2,-2.962,97.5021,0.12258,44.1,2.26075,5.42252,0,2,2,2024,17.5,33,420,50,0.00183,50,5.42E-04
242,2024-2-3,2,-3.939,96.4543,0.16169,42.7,2.14571,3.83699,0,2,3,2024,7,34,420,50,0.00169,50,3.84E-04
243,2024-2-3,2,-4.085,96.2794,0.1678,42.7,9.10512,21.3809,0,2,3,2024,7.5,34,420,50,0.00712,50,0.00214
244,2024-2-3,2,-4.281,96.1181,0.1725,42.7,17.0036,40.288,0,2,3,2024,8,34,420,50,0.01322,50,0.00403
245,2024-2-3,2,-3.969,96.3781,0.16479,42.4,15.5993,38.8381,0,2,3,2024,16.5,34,420,50,0.01192,50,0.00388
246,2024-2-3,2,-4.267,96.1188,0.17265,42.4,4.65582,12.1519,0,2,3,2024,17,34,420,50,0.00358,50,0.00122
247,2024-2-3,2,-4.536,95.8983,0.17878,42.4,1.12538,3.41033,0,2,3,2024,17.5,34,420,50,8.67E-04,50,3.41E-04
248,2024-2-4,2,-4.776,95.6508,0.18615,42,1.98706,5.97603,0,2,4,2024,7,35,420,50,0.00149,50,5.98E-04
249,2024-2-4,2,-4.726,95.6765,0.18575,41.9,11.2482,29.617,0,2,4,2024,7.5,35,420,50,0.00835,50,0.00296
250,2024-2-4,2,-4.905,95.4894,0.19117,41.9,25.0151,65.9244,0,2,4,2024,8,35,420,50,0.01839,50,0.00659
251,2024-2-4,2,-3.904,96.3579,0.16652,41.7,20.309,70.0193,0,2,4,2024,16,35,420,50,0.01472,50,0.007
252,2024-2-4,2,-4.198,96.1481,0.17225,41.7,20.7288,70.381,0,2,4,2024,16.5,35,420,50,0.015,50,0.00704
253,2024-2-4,2,-4.279,96.0624,0.175,41.7,9.63785,33.8637,0,2,4,2024,17,35,420,50,0.00702,50,0.00339
254,2024-2-4,2,-4.429,95.9294,0.17887,41.7,1.61549,6.66391,0,2,4,2024,17.5,35,420,50,0.00118,50,6.66E-04
255,2024-2-5,2,-6.904,93.6642,0.23032,41.4,1.90156,6.85585,0,2,5,2024,7,36,420,50,0.00135,50,6.86E-04
256,2024-2-5,2,-6.997,93.5901,0.23135,41.4,10.8176,35.0794,0,2,5,2024,7.5,36,420,50,0.00762,50,0.00351
257,2024-2-5,2,-6.728,93.8093,0.22814,41.4,27.9207,89.6925,0,2,5,2024,8,36,420,50,0.01943,50,0.00897
258,2024-2-5,2,-1.52,98.0069,0.10888,41.4,197.967,649.056,0,2,5,2024,10.5,36,420,50,0.12382,50,0.06491
259,2024-2-5,2,-3.711,96.5919,0.15811,43.1,12.8444,38.5421,0,2,5,2024,17,36,420,50,0.00884,50,0.00385
260,2024-2-5,2,-3.961,96.3818,0.16472,43.1,3.59053,10.8081,0,2,5,2024,17.5,36,420,50,0.00248,50,0.00108
261,2024-2-6,2,-4.785,94.9755,0.2149,41.7,1.11855,9.29455,0,2,6,2024,7,37,420,50,7.50E-04,50,9.29E-04
262,2024-2-6,2,-4.856,94.7616,0.22284,41.7,3.36007,18.0178,0,2,6,2024,7.5,37,420,50,0.00225,50,0.0018
263,2024-2-6,2,-4.896,94.3016,0.24168,41.6,18.4372,71.0908,0,2,6,2024,8,37,420,50,0.0122,50,0.00711
264,2024-2-6,2,-3.58,96.7496,0.15228,41.4,24.9855,82.3488,0,2,6,2024,16,37,420,50,0.01616,50,0.00823
265,2024-2-6,2,-3.868,96.5602,0.1577,41.4,21.3919,68.4566,0,2,6,2024,16.5,37,420,50,0.01384,50,0.00685
266,2024-2-6,2,-3.943,96.5082,0.15918,41.3,10.5547,33.8596,0,2,6,2024,17,37,420,50,0.00687,50,0.00339
267,2024-2-6,2,-3.853,96.5514,0.15828,41.3,2.60266,8.39696,0,2,6,2024,17.5,37,420,50,0.0017,50,8.40E-04
268,2024-2-7,2,-5.089,83.886,0.67344,41.1,0.58632,6.66288,0,2,7,2024,7,38,420,50,3.70E-04,50,6.66E-04
269,2024-2-7,2,-4.997,83.4371,0.69707,41.1,6.27932,23.884,0,2,7,2024,7.5,38,420,50,0.00395,50,0.00239
270,2024-2-7,2,-5.156,83.453,0.68801,41.1,13.8588,46.7855,0,2,7,2024,8,38,420,50,0.00867,50,0.00468
271,2024-2-7,2,-4.991,82.5827,0.73336,41.1,25.179,80.7385,0,2,7,2024,8.5,38,420,50,0.01562,50,0.00807
272,2024-2-7,2,-4.881,75.7344,1.0303,40.9,26.685,69.535,0,2,7,2024,17,38,420,50,0.01619,50,0.00695
273,2024-2-7,2,-5.122,69.225,1.28293,40.9,5.11277,19.1641,0,2,7,2024,17.5,38,420,50,0.00313,50,0.00192
274,2024-2-8,2,-2.556,46.9636,2.68286,40.8,3.35838,23.3995,0,2,8,2024,7,39,420,50,0.00199,50,0.00234
275,2024-2-8,2,-2.227,44.3944,2.88257,40.7,164.456,494.62,0,2,8,2024,8.5,39,420,50,0.08925,50,0.04946
276,2024-2-8,2,-1.66,97.8107,0.11837,40.7,30.7745,62.0226,0,2,8,2024,17,39,420,50,0.01747,50,0.0062
277,2024-2-8,2,-1.721,96.0941,0.21023,40.7,6.94332,17.9091,0,2,8,2024,17.5,39,420,50,0.00398,50,0.00179
278,2024-2-9,2,-1.691,63.8498,1.95002,40.5,25.1595,29.6891,0,2,9,2024,7,40,420,50,0.01376,50,0.00297
279,2024-2-9,2,2.841,62.5799,2.80483,40.5,379.469,723.292,0,2,9,2024,15.5,40,420,50,0.17386,50,0.07233
280,2024-2-9,2,2.28,72.2014,2.00187,40.4,274.348,535.97,0,2,9,2024,16,40,420,50,0.13096,50,0.0536
281,2024-2-9,2,2.403,61.7483,2.77897,40.4,176.173,352.716,0,2,9,2024,16.5,40,420,50,0.08754,50,0.03527
282,2024-2-9,2,2.18,52.6553,3.38514,40.4,14.2727,36.2402,0,2,9,2024,17.5,40,420,50,0.00761,50,0.00362
283,2024-2-10,2,3.446,45.7192,4.24726,40.3,24.0908,30.8734,0,2,10,2024,7,41,420,50,0.01227,50,0.00309
284,2024-2-10,2,4.97,48.5847,4.47861,40.3,233.145,320.06,0,2,10,2024,8,41,420,50,0.10852,50,0.03201
285,2024-2-10,2,5.265,45.1796,4.87464,40.3,348.381,515.568,0,2,10,2024,8.5,41,420,50,0.15494,50,0.05156
286,2024-2-10,2,5.811,40.9416,5.45492,40.3,458.127,707.837,0,2,10,2024,9,41,420,50,0.19554,50,0.07078
287,2024-2-10,2,5.853,34.5955,6.05872,40.3,553.839,884.015,0,2,10,2024,9.5,41,420,50,0.22841,50,0.0884
288,2024-2-10,2,6.151,35.4204,6.1072,40.3,633.329,1036.61,0,2,10,2024,10,41,420,50,0.25405,50,0.10366
289,2024-2-10,2,6.127,40.7456,5.5943,40.3,691.984,1156.08,0,2,10,2024,10.5,41,420,50,0.27205,50,0.11561
290,2024-2-10,2,6.477,38.9683,5.90329,40.3,742.528,1258.13,0,2,10,2024,11,41,420,50,0.28696,50,0.12581
291,2024-2-10,2,6.775,42.2139,5.70545,40.3,779.142,1338.55,0,2,10,2024,11.5,41,420,50,0.29738,50,0.13386
292,2024-2-10,2,6.493,53.6338,4.48973,40.3,788.468,1368.86,0,2,10,2024,12,41,420,50,0.29977,50,0.13689
293,2024-2-10,2,6.74,48.8872,5.03441,40.3,752.882,1316.47,0,2,10,2024,12.5,41,420,50,0.28913,50,0.13165
294,2024-2-10,2,6.903,41.4093,5.8361,40.3,722.042,1277.27,0,2,10,2024,13,41,420,50,0.2797,50,0.12773
295,2024-2-10,2,6.958,40.925,5.90666,40.3,611.462,1091.13,0,2,10,2024,13.5,41,420,50,0.24517,50,0.10911
296,2024-2-10,2,6.493,41.8328,5.63244,40.3,638.1,1144.07,0,2,10,2024,14,41,420,50,0.25336,50,0.11441
297,2024-2-10,2,7.068,43.0083,5.74162,40.3,564.802,1027.04,0,2,10,2024,14.5,41,420,50,0.22947,50,0.1027
298,2024-2-10,2,7.666,42.2716,6.05923,40.3,471.87,875.839,0,2,10,2024,15,41,420,50,0.19761,50,0.08758
299,2024-2-10,2,7.302,43.9207,5.74121,40.3,368.402,691.205,0,2,10,2024,15.5,41,420,50,0.1598,50,0.06912
300,2024-2-10,2,6.829,46.2004,5.33164,40.3,266.964,507.03,0,2,10,2024,16,41,420,50,0.12003,50,0.0507
301,2024-2-10,2,6.724,45.2849,5.38329,40.3,164.493,319.142,0,2,10,2024,16.5,41,420,50,0.07681,50,0.03191
302,2024-2-10,2,6.373,45.0408,5.27787,40.3,56.4445,122.73,0,2,10,2024,17,41,420,50,0.02749,50,0.01227
303,2024-2-10,2,6.009,45.6363,5.09076,40.3,14.1338,35.8218,0,2,10,2024,17.5,41,420,50,0.00699,50,0.00358
304,2024-2-11,2,3.678,38.1478,4.91982,40.3,22.3859,32.1096,0,2,11,2024,7,42,420,50,0.01056,50,0.00321
305,2024-2-11,2,3.843,37.7506,5.00947,40.3,134.043,163.028,0,2,11,2024,7.5,42,420,50,0.06054,50,0.0163
306,2024-2-11,2,4.17,37.1991,5.17173,40.3,258.784,350.618,0,2,11,2024,8,42,420,50,0.11163,50,0.03506
307,2024-2-11,2,4.418,36.8037,5.29587,40.3,382.488,555.868,0,2,11,2024,8.5,42,420,50,0.15801,50,0.05559
308,2024-2-11,2,4.9,34.7618,5.65491,40.3,490.901,748.192,0,2,11,2024,9,42,420,50,0.19556,50,0.07482
309,2024-2-11,2,5.188,31.2469,6.08077,40.3,586.427,922.584,0,2,11,2024,9.5,42,420,50,0.2265,50,0.09226
310,2024-2-11,2,5.475,29.5315,6.35847,40.3,667.923,1075.69,0,2,11,2024,10,42,420,50,0.25143,50,0.10757
311,2024-2-11,2,6.091,27.3829,6.83882,40.3,736.51,1209.55,0,2,11,2024,10.5,42,420,50,0.27142,50,0.12096
312,2024-2-11,2,7.202,27.0833,7.41391,40.3,779.865,1307.63,0,2,11,2024,11,42,420,50,0.28353,50,0.13076
313,2024-2-11,2,8.351,27.4221,7.98216,40.3,802.488,1368.37,0,2,11,2024,11.5,42,420,50,0.28958,50,0.13684
314,2024-2-11,2,8.093,33.8209,7.1517,40.3,814.789,1402.31,0,2,11,2024,12,42,420,50,0.2927,50,0.14023
315,2024-2-11,2,7.46,34.6754,6.76054,40.3,800.127,1387.48,0,2,11,2024,12.5,42,420,50,0.28832,50,0.13875
316,2024-2-11,2,8.102,33.1176,7.23213,40.3,768.464,1345.91,0,2,11,2024,13,42,420,50,0.27911,50,0.13459
317,2024-2-11,2,8.392,32.8246,7.40861,40.3,721.805,1277.7,0,2,11,2024,13.5,42,420,50,0.2654,50,0.12777
318,2024-2-11,2,9.413,30.7239,8.18705,40.3,669.759,1198.97,0,2,11,2024,14,42,420,50,0.24974,50,0.1199
319,2024-2-11,2,9.946,27.6951,8.85691,40.3,589.991,1076.32,0,2,11,2024,14.5,42,420,50,0.22498,50,0.10763
320,2024-2-11,2,9.645,28.9795,8.52538,40.3,498.362,925.443,0,2,11,2024,15,42,420,50,0.19515,50,0.09254
321,2024-2-11,2,9.348,28.9543,8.35946,40.4,401.447,760.038,0,2,11,2024,15.5,42,420,50,0.16181,50,0.076
322,2024-2-11,2,9.283,28.5822,8.36648,40.4,294.618,570.974,0,2,11,2024,16,42,420,50,0.12274,50,0.0571
323,2024-2-11,2,8.74,29.5416,7.95644,40.4,187.907,378.224,0,2,11,2024,16.5,42,420,50,0.081,50,0.03782
324,2024-2-11,2,7.979,32.0516,7.28604,40.4,55.2763,126.983,0,2,11,2024,17,42,420,50,0.02491,50,0.0127
325,2024-2-11,2,7.578,33.5577,6.93199,40.4,11.9718,36.2326,0,2,11,2024,17.5,42,420,50,0.00547,50,0.00362
326,2024-2-12,2,6.528,44.3858,5.39826,40.6,153.188,182.763,0,2,12,2024,7.5,43,420,50,0.07923,50,0.01828
327,2024-2-12,2,6.856,45.4249,5.41856,40.6,269.885,367.534,0,2,12,2024,8,43,420,50,0.12393,50,0.03675
328,2024-2-12,2,6.751,46.4126,5.28215,40.6,388.944,569.388,0,2,12,2024,8.5,43,420,50,0.1632,50,0.05694
329,2024-2-12,2,7.167,43.0886,5.77266,40.6,494.131,757.937,0,2,12,2024,9,43,420,50,0.19412,50,0.07579
330,2024-2-12,2,7.635,39.9883,6.28555,40.6,585.244,927.273,0,2,12,2024,9.5,43,420,50,0.21849,50,0.09273
331,2024-2-12,2,8.416,37.2595,6.9308,40.6,663.745,1077.32,0,2,12,2024,10,43,420,50,0.23784,50,0.10773
332,2024-2-12,2,8.672,36.0017,7.1937,40.6,727.356,1205.49,0,2,12,2024,10.5,43,420,50,0.2524,50,0.12055
333,2024-2-12,2,8.718,36.8805,7.11708,40.6,777.944,1310.29,0,2,12,2024,11,43,420,50,0.2632,50,0.13103
334,2024-2-12,2,9.169,36.8203,7.34465,40.6,811.857,1389.02,0,2,12,2024,11.5,43,420,50,0.2699,50,0.1389
335,2024-2-12,2,9.726,35.1954,7.82171,40.6,814.868,1411.46,0,2,12,2024,12,43,420,50,0.26991,50,0.14115
336,2024-2-12,2,10.195,32.0735,8.46066,40.6,799.826,1401.19,0,2,12,2024,12.5,43,420,50,0.26619,50,0.14012
337,2024-2-12,2,10.578,31.3109,8.77762,40.6,770.542,1364.46,0,2,12,2024,13,43,420,50,0.25956,50,0.13645
338,2024-2-12,2,10.985,31.0464,9.05376,40.7,724.728,1296.95,0,2,12,2024,13.5,43,420,50,0.24947,50,0.1297
339,2024-2-12,2,11.405,28.8477,9.60681,40.7,668.207,1207.71,0,2,12,2024,14,43,420,50,0.23698,50,0.12077
340,2024-2-12,2,11.374,28.5551,9.6265,40.7,591.389,1082.35,0,2,12,2024,14.5,43,420,50,0.21967,50,0.10824
341,2024-2-12,2,11.482,28.819,9.65988,40.8,494.856,921.414,0,2,12,2024,15,43,420,50,0.19685,50,0.09214
342,2024-2-12,2,11.396,30.2803,9.40777,40.8,392.493,744.455,0,2,12,2024,15.5,43,420,50,0.17077,50,0.07445
343,2024-2-12,2,11.276,30.6839,9.27912,40.9,290.947,564.532,0,2,12,2024,16,43,420,50,0.14201,50,0.05645
344,2024-2-12,2,11.168,31.6931,9.07866,40.9,183.492,369.706,0,2,12,2024,16.5,43,420,50,0.10597,50,0.03697
345,2024-2-12,2,10.824,31.6057,8.88455,40.9,56.0913,129.082,0,2,12,2024,17,43,420,50,0.0449,50,0.01291
346,2024-2-12,2,10.612,31.7859,8.73673,41,12.8543,37.7128,0,2,12,2024,17.5,43,420,50,0.01241,50,0.00377
347,2024-2-13,2,9.213,45.5944,6.34348,41.1,3.12652,10.7916,0,2,13,2024,7,44,420,50,0.00445,50,0.00108
348,2024-2-13,2,9.215,56.4147,5.08256,41.1,2.26446,16.9874,0,2,13,2024,7.5,44,420,50,0.00327,50,0.0017
349,2024-2-13,2,10.17,47.9435,6.47311,41.1,97.8912,162.286,0,2,13,2024,8,44,420,50,0.09095,50,0.01623
350,2024-2-13,2,10.638,41.6288,7.48906,41.1,322.851,482.535,0,2,13,2024,8.5,44,420,50,0.172,50,0.04825
351,2024-2-13,2,10.707,42.0493,7.46942,41.1,432.845,684.727,0.1,2,13,2024,9,44,420,50,0.19429,50,0.06847
352,2024-2-13,2,11.16,42.4455,7.64549,41.1,518.199,842.812,0,2,13,2024,9.5,44,420,50,0.2081,50,0.08428
353,2024-2-13,2,10.703,43.7167,7.25257,41.1,386.165,658.182,0,2,13,2024,10,44,420,50,0.18673,50,0.06582
354,2024-2-13,2,13.662,41.3138,9.19061,41.1,663.288,1201.22,0,2,13,2024,13.5,44,420,50,0.22518,50,0.12012
355,2024-2-13,2,13.948,40.5957,9.47775,41.1,606.34,1106.23,0,2,13,2024,14,44,420,50,0.21935,50,0.11062
356,2024-2-13,2,14.005,40.4239,9.54042,41.1,533.132,981.33,0,2,13,2024,14.5,44,420,50,0.21137,50,0.09813
357,2024-2-13,2,13.994,41.1095,9.42389,41.1,448.56,836.818,0,2,13,2024,15,44,420,50,0.2009,50,0.08368
358,2024-2-13,2,14.288,41.6823,9.51192,41.1,350.221,659.806,0,2,13,2024,15.5,44,420,50,0.18583,50,0.06598
359,2024-2-13,2,14.028,42.4821,9.22459,41.1,248.88,469.419,0,2,13,2024,16,44,420,50,0.16437,50,0.04694
360,2024-2-13,2,13.734,43.0036,8.96791,41.1,156.553,299.154,0,2,13,2024,16.5,44,420,50,0.13417,50,0.02992
361,2024-2-14,2,12.503,79.3434,2.99871,40.9,327.805,503.458,0,2,14,2024,8.5,45,420,50,0.22294,50,0.05035
362,2024-2-14,2,12.52,77.7507,3.23354,40.9,431.409,692.221,0,2,14,2024,9,45,420,50,0.24172,50,0.06922
363,2024-2-14,2,12.528,77.4899,3.27316,40.9,494.752,822.324,0,2,14,2024,9.5,45,420,50,0.25112,50,0.08223
364,2024-2-14,2,12.199,80.0458,2.83936,40.8,335.072,575.4,0,2,14,2024,10,45,420,50,0.22883,50,0.05754
365,2024-2-14,2,12.396,79.9597,2.88884,40.8,258.906,441.324,0,2,14,2024,10.5,45,420,50,0.21205,50,0.04413
366,2024-2-14,2,12.245,81.3979,2.655,40.8,160.174,281.317,0,2,14,2024,11,45,420,50,0.17569,50,0.02813
367,2024-2-14,2,12.351,82.3535,2.53625,40.8,172.615,304.321,0,2,14,2024,11.5,45,420,50,0.18295,50,0.03043
368,2024-2-14,2,12.657,82.1373,2.61949,40.8,306.766,527.705,0,2,14,2024,12,45,420,50,0.22858,50,0.05277
369,2024-2-14,2,13.138,80.3408,2.97525,40.8,252.146,436.198,0,2,14,2024,12.5,45,420,50,0.21553,50,0.04362
370,2024-2-14,2,13.249,79.6253,3.10599,40.8,272.469,476.979,0,2,14,2024,13,45,420,50,0.22277,50,0.0477
371,2024-2-14,2,13.198,79.7715,3.07344,40.8,342.993,603.708,0,2,14,2024,13.5,45,420,50,0.24079,50,0.06037
372,2024-2-14,2,13.353,79.4864,3.14847,40.8,283.4565,498.418,0,2,14,2024,14,45,420,50,0.22854,50,0.04984
373,2024-2-14,2,13.508,79.2013,3.22468,40.8,223.92,393.128,0,2,14,2024,14.5,45,420,50,0.21158,50,0.03931
374,2024-2-14,2,13.64,78.7199,3.32782,40.8,150.786,262.026,0,2,14,2024,15,45,420,50,0.17977,50,0.0262
375,2024-2-14,2,13.956,77.9897,3.51349,40.8,139.897,259.873,0,2,14,2024,16.5,45,420,50,0.17661,50,0.02599
376,2024-2-15,2,2.915,93.3343,0.50227,40.6,1.45403,4.31671,0.3,2,15,2024,7,46,420,50,0.00439,50,4.32E-04
377,2024-2-16,2,3.129,54.6605,3.46876,40.8,590.264,957.166,0,2,16,2024,9.5,47,420,50,0.4198,50,0.09572
378,2024-2-16,2,3.46,54.8221,3.5385,40.8,670.538,1111.26,0,2,16,2024,10,47,420,50,0.43074,50,0.11113
379,2024-2-16,2,3.959,55.8877,3.57908,40.8,734.207,1239.2,0,2,16,2024,10.5,47,420,50,0.43859,50,0.12392
380,2024-2-16,2,3.668,55.032,3.57429,40.8,786.489,1347.45,0,2,16,2024,11,47,420,50,0.44473,50,0.13475
381,2024-2-16,2,4.3,51.2934,4.04791,40.8,828.913,1436.46,0,2,16,2024,11.5,47,420,50,0.44971,50,0.14365
382,2024-2-16,2,5.097,47.8805,4.58043,40.8,821.969,1452.51,0,2,16,2024,12.5,47,420,50,0.45268,50,0.14525
383,2024-2-16,2,5.19,47.2667,4.66458,40.8,792.458,1413.66,0,2,16,2024,13,47,420,50,0.45214,50,0.14137
384,2024-2-16,2,5.675,46.7624,4.87103,40.8,744.945,1344.02,0,2,16,2024,13.5,47,420,50,0.44985,50,0.1344
385,2024-2-16,2,5.987,44.1806,5.21911,40.8,685.161,1250.11,0,2,16,2024,14,47,420,50,0.44583,50,0.12501
386,2024-2-16,2,6.4,41.8959,5.5903,40.8,607.572,1126.38,0,2,16,2024,14.5,47,420,50,0.43865,50,0.11264
387,2024-2-16,2,6.845,40.6058,5.89257,40.8,517.426,980.297,0,2,16,2024,15,47,420,50,0.42729,50,0.09803
388,2024-2-17,2,6.845,85.6737,1.42133,40.6,384.087,659.438,0,2,17,2024,10,48,420,50,0.45768,50,0.06594
389,2024-2-17,2,7.544,83.0289,1.7665,40.6,410.152,721.952,0,2,17,2024,10.5,48,420,50,0.46657,50,0.0722
390,2024-2-17,2,7.626,83.1703,1.76164,40.6,366.478,641.851,0,2,17,2024,11,48,420,50,0.4553,50,0.06419
391,2024-2-17,2,9.801,95.9644,0.48955,40.6,3.94453,8.24908,0,2,17,2024,17.5,48,420,50,0.01933,50,8.25E-04
392,2024-2-18,2,12.067,94.3438,0.79787,40.4,1.3221,3.36317,0,2,18,2024,7,49,420,50,0.00772,50,3.36E-04
393,2024-2-19,2,8.562,99.7346,0.02961,40,2.93219,6.84282,0,2,19,2024,17.5,50,420,50,0.01829,50,6.84E-04
394,2024-2-20,2,2.035,100.131,-0.00927,45.8,1.53552,4.60435,0.4,2,20,2024,7,51,420,50,0.00911,50,4.60E-04
395,2024-2-20,2,7.213,100.165,-0.01679,44.4,3.54564,7.11279,0.1,2,20,2024,17.5,51,420,50,0.01989,50,7.11E-04
396,2024-2-21,2,-3.437,97.9056,0.09919,45.6,2.43624,4.79773,0,2,21,2024,7,52,420,50,0.0129,50,4.80E-04
397,2024-2-22,2,-7.179,93.4913,0.23162,42.4,2.71718,5.05673,0,2,22,2024,7,53,420,50,0.0127,50,5.06E-04
398,2024-2-24,2,-7.088,93.5445,0.23135,41.3,1.61146,4.22384,0,2,24,2024,7,55,420,50,0.00558,50,4.22E-04
399,2024-2-26,2,-3.951,59.9604,1.82418,40.6,6.70805,19.3619,0,2,26,2024,17.5,57,420,50,0.01304,50,0.00194
400,2024-2-28,2,-0.659,88.5544,0.66618,40.3,7.13726,14.1378,0,2,28,2024,7,59,420,50,0.00553,50,0.00141
401,2024-2-28,2,-0.466,87.2911,0.75024,40.3,20.7986,38.9167,0,2,28,2024,7.5,59,420,50,0.01586,50,0.00389
402,2024-2-28,2,-0.397,86.8408,0.78076,40.3,24.7852,47.8576,0,2,28,2024,8,59,420,50,0.0187,50,0.00479
403,2024-2-28,2,-0.378,83.3412,0.98977,40.3,114.698,210.935,0,2,28,2024,10.5,59,420,50,0.07897,50,0.02109
404,2024-2-28,2,-0.214,84.1634,0.95227,40.3,132.088,243.779,0,2,28,2024,11,59,420,50,0.08935,50,0.02438
405,2024-2-28,2,0.266,75.3187,1.53698,40.3,29.0834,54.3618,0,2,28,2024,16.5,59,420,50,0.01888,50,0.00544
406,2024-2-28,2,0.15,77.8247,1.36931,40.3,25.3642,46.2209,0,2,28,2024,17,59,420,50,0.01635,50,0.00462
407,2024-2-28,2,-0.071,78.4732,1.30802,40.3,14.4267,26.2213,0,2,28,2024,17.5,59,420,50,0.00926,50,0.00262
408,2024-2-29,2,-3.788,93.8348,0.28436,40.2,24.0874,43.95,0,2,29,2024,7,60,420,50,0.01142,50,0.0044
409,2024-2-29,2,-3.724,96.2142,0.17546,40.2,15.8278,29.83,0,2,29,2024,7.5,60,420,50,0.00743,50,0.00298
410,2024-2-29,2,-3.487,96.7208,0.15471,40.2,35.0301,63.6046,0,2,29,2024,8,60,420,50,0.01609,50,0.00636
411,2024-2-29,2,-3.405,96.6391,0.15955,40.2,139.746,266.309,0,2,29,2024,12.5,60,420,50,0.05423,50,0.02663
412,2024-2-29,2,-3.368,96.7257,0.15587,40.2,41.9874,88.6484,0,2,29,2024,15.5,60,420,50,0.01544,50,0.00886
413,2024-2-29,2,-3.422,96.6869,0.15708,40.2,37.5382,76.452,0,2,29,2024,16,60,420,50,0.0136,50,0.00765
414,2024-2-29,2,-3.677,96.4717,0.1641,40.2,39.4664,76.5759,0,2,29,2024,16.5,60,420,50,0.01405,50,0.00766
415,2024-2-29,2,-3.655,96.4911,0.16347,40.2,20.5402,39.847,0,2,29,2024,17,60,420,50,0.00724,50,0.00398
416,2024-2-29,2,-3.821,96.3458,0.16812,40.2,7.48117,15.6273,0,2,29,2024,17.5,60,420,50,0.0026,50,0.00156
417,2024-3-1,2,-3.745,96.4027,0.16646,40.1,6.21805,13.6098,0,3,1,2024,7,61,420,50,0.0019,50,0.00136
418,2024-3-1,2,-3.866,96.2894,0.17014,40.1,25.0635,50.6913,0,3,1,2024,7.5,61,420,50,0.0078,50,0.00507
419,2024-3-1,2,-3.928,96.2469,0.17129,40,53.6846,108.53,0,3,1,2024,8,61,420,50,0.01694,50,0.01085
420,2024-3-1,2,-2.252,97.6012,0.12412,40,240.757,462.831,0,3,1,2024,9.5,61,420,50,0.0762,50,0.04628
421,2024-3-1,2,-2.239,97.716,0.1183,40,250.754,480.556,0,3,1,2024,10,61,420,50,0.08068,50,0.04806
422,2024-3-1,2,-2.405,97.6584,0.11979,40,124.851,248.141,0,3,1,2024,10.5,61,420,50,0.04283,50,0.02481
423,2024-3-1,2,-2.719,97.401,0.12988,40,129.861,258.425,0,3,1,2024,11,61,420,50,0.04537,50,0.02584
424,2024-3-1,2,-2.509,97.4843,0.1277,40,298.719,569.311,0,3,1,2024,11.5,61,420,50,0.10008,50,0.05693
425,2024-3-1,2,-1.455,98.222,0.0976,40,476.809,882.778,0.1,3,1,2024,12.5,61,420,50,0.15575,50,0.08828
426,2024-3-1,2,-1.169,98.5375,0.08199,40,307.959,562.857,0,3,1,2024,13.5,61,420,50,0.11031,50,0.05629
427,2024-3-1,2,-0.859,98.7529,0.07153,40,206.54,403.836,0,3,1,2024,14,61,420,50,0.07824,50,0.04038
428,2024-3-1,2,-1.243,98.6988,0.07255,40,182.031,359.805,0,3,1,2024,14.5,61,420,50,0.07085,50,0.03598
429,2024-3-1,2,-1.838,98.2215,0.0949,40,43.6359,82.556,0,3,1,2024,17,61,420,50,0.01964,50,0.00826
430,2024-3-1,2,-1.966,98.1082,0.09999,40,16.4923,32.5497,0,3,1,2024,17.5,61,420,50,0.00765,50,0.00325
431,2024-3-2,2,-3.387,96.7808,0.15303,39.9,17.5204,37.994,0,3,2,2024,7,62,420,50,0.0117,50,0.0038
432,2024-3-3,2,6.185,50.8439,4.65958,39.8,843.198,1461.36,0,3,3,2024,13,63,420,50,0.46399,50,0.14614
433,2024-3-3,2,6.814,45.1315,5.43196,39.8,714.055,1243.68,0,3,3,2024,13.5,63,420,50,0.41244,50,0.12437
434,2024-3-3,2,6.868,47.4591,5.2209,39.8,744.747,1316.1,0,3,3,2024,14,63,420,50,0.4252,50,0.13161
435,2024-3-3,2,6.949,45.9377,5.40211,39.8,632.042,1127.41,0,3,3,2024,14.5,63,420,50,0.37687,50,0.11274
436,2024-3-3,2,7.29,45.7123,5.55322,39.8,550.227,989.097,0,3,3,2024,15,63,420,50,0.33894,50,0.09891
437,2024-3-3,2,7.629,46.3468,5.61726,40,455.496,840.731,0,3,3,2024,15.5,63,420,50,0.29171,50,0.08407
438,2024-3-3,2,7.751,46.2407,5.67552,40.1,343.324,642.574,0,3,3,2024,16,63,420,50,0.23068,50,0.06426
439,2024-3-3,2,7.813,47.5592,5.55982,40.1,229.018,431.709,0,3,3,2024,16.5,63,420,50,0.16197,50,0.04317
440,2024-3-3,2,7.474,50.5592,5.12161,40.2,111.045,218.588,0,3,3,2024,17,63,420,50,0.08303,50,0.02186
441,2024-3-4,2,4.153,99.1553,0.06948,40.3,4.84231,9.64252,0.4,3,4,2024,7,64,420,50,0.00367,50,9.64E-04
442,2024-3-4,2,4.517,99.3214,0.05726,40.3,9.82001,19.0697,0.2,3,4,2024,7.5,64,420,50,0.00741,50,0.00191
443,2024-3-4,2,4.706,99.4069,0.05072,40.3,18.3407,35.7835,0.8,3,4,2024,8,64,420,50,0.01377,50,0.00358
444,2024-3-4,2,4.372,99.4666,0.04455,40.3,25.8473,50.7707,0.1,3,4,2024,8.5,64,420,50,0.01932,50,0.00508
445,2024-3-4,2,4.998,99.5979,0.03509,40.3,30.5489,62.7301,0.4,3,4,2024,9.5,64,420,50,0.02272,50,0.00627
446,2024-3-4,2,5.055,99.6254,0.03282,40.3,44.8119,89.3826,0.5,3,4,2024,10,64,420,50,0.03309,50,0.00894
447,2024-3-4,2,5.439,99.6644,0.03021,40.3,49.9909,97.8711,0.6,3,4,2024,10.5,64,420,50,0.03678,50,0.00979
448,2024-3-4,2,5.671,99.6991,0.02752,40.4,66.8776,128.95,0.5,3,4,2024,11,64,420,50,0.0488,50,0.0129
449,2024-3-4,2,5.805,99.7202,0.02583,40.4,77.0014,146.236,0.6,3,4,2024,11.5,64,420,50,0.05588,50,0.01462
450,2024-3-4,2,5.816,99.7266,0.02526,40.5,68.1765,130.854,0.3,3,4,2024,12,64,420,50,0.04959,50,0.01309
451,2024-3-4,2,6.278,99.7583,0.02306,40.6,54.7317,108.314,0.6,3,4,2024,12.5,64,420,50,0.03997,50,0.01083
452,2024-3-4,2,6.485,99.7661,0.02264,40.9,83.8107,157.657,0.3,3,4,2024,13,64,420,50,0.06043,50,0.01577
453,2024-3-4,2,6.685,99.7689,0.02268,41.8,97.7814,182.023,0.1,3,4,2024,13.5,64,420,50,0.07002,50,0.0182
454,2024-3-4,2,6.487,99.7862,0.02069,43.1,83.886,158.094,0.1,3,4,2024,14,64,420,50,0.06032,50,0.01581
455,2024-3-4,2,6.877,99.8131,0.01858,43.9,75.5543,143.306,0,3,4,2024,14.5,64,420,50,0.05444,50,0.01433
456,2024-3-4,2,6.638,99.8769,0.01204,44.4,16.5278,32.3397,0.1,3,4,2024,17,64,420,50,0.0121,50,0.00323
457,2024-3-4,2,6.696,99.8982,0.01,44.5,10.1485,18.9014,0.1,3,4,2024,17.5,64,420,50,0.00743,50,0.00189
458,2024-3-5,2,4.591,99.7708,0.01944,43.3,1.21353,2.59183,0,3,5,2024,6.5,65,420,50,0.00208,50,2.59E-04
459,2024-3-5,2,3.947,99.7786,0.01795,43.2,7.01134,14.0749,0.2,3,5,2024,7,65,420,50,0.012,50,0.00141
460,2024-3-5,2,2.175,99.9529,0.00337,42.8,4.94232,9.96858,0,3,5,2024,17.5,65,420,50,0.01266,50,9.97E-04
461,2024-3-6,2,0.684,100.06,-0.00385,42.3,0.502,1.73613,0,3,6,2024,6.5,66,420,50,0.00185,50,1.74E-04
462,2024-3-6,2,0.656,100.06,-0.00384,42.3,4.7013,9.31212,0,3,6,2024,7,66,420,50,0.01711,50,9.31E-04
463,2024-3-9,2,6.309,47.9496,4.97646,41.7,607.955,989.041,0,3,9,2024,10,69,420,50,0.49306,50,0.0989
464,2024-3-9,2,6.403,48.819,4.92524,41.7,634.762,1048.74,0,3,9,2024,10.5,69,420,50,0.50154,50,0.10487
465,2024-3-9,2,7.136,45.4976,5.51655,41.7,521.857,882.258,0,3,9,2024,11,69,420,50,0.46358,50,0.08823
466,2024-3-9,2,7.679,43.3339,5.95302,41.7,544.128,907.267,0,3,9,2024,11.5,69,420,50,0.47199,50,0.09073
467,2024-3-9,2,8.197,41.9906,6.3134,41.7,544.919,913.307,0,3,9,2024,12,69,420,50,0.47243,50,0.09133
468,2024-3-9,2,8.267,38.1624,6.76218,41.7,660.438,1115.54,0,3,9,2024,12.5,69,420,50,0.51009,50,0.11155
469,2024-3-9,2,8.782,34.076,7.46562,41.7,616.694,1047.11,0,3,9,2024,13,69,420,50,0.49711,50,0.10471
470,2024-3-9,2,8.775,32.9221,7.59269,41.7,348.308,602.217,0,3,9,2024,13.5,69,420,50,0.38203,50,0.06022
471,2024-3-9,2,8.606,34.4621,7.33384,41.7,194.712,347.025,0,3,9,2024,14,69,420,50,0.26909,50,0.0347
472,2024-3-10,2,8.464,39.3345,6.72347,41.3,381.073,534.112,0,3,10,2024,8,70,420,50,0.39991,50,0.05341
473,2024-3-10,2,8.361,38.3526,6.78463,41.3,500.353,736.499,0,3,10,2024,8.5,70,420,50,0.45986,50,0.07365
474,2024-3-10,2,8.503,38.1599,6.87183,41.3,606.624,926.564,0,3,10,2024,9,70,420,50,0.50227,50,0.09266
475,2024-3-10,2,8.68,37.5213,7.0267,41.3,698.431,1095.31,0,3,10,2024,9.5,70,420,50,0.53291,50,0.10953
476,2024-3-10,2,8.972,34.3873,7.52658,41.3,777.033,1243.33,0,3,10,2024,10,70,420,50,0.55577,50,0.12433
477,2024-3-10,2,9.241,36.4632,7.42216,41.3,842.449,1374.41,0,3,10,2024,10.5,70,420,50,0.57291,50,0.13744
478,2024-3-10,2,9.842,37.4914,7.60364,41.3,886.517,1470.68,0,3,10,2024,11,70,420,50,0.58375,50,0.14707
479,2024-3-10,2,10.452,33.9458,8.37016,41.3,915.114,1546.77,0,3,10,2024,11.5,70,420,50,0.59062,50,0.15468
480,2024-3-10,2,10.668,33.7191,8.52092,41.3,924.788,1576.45,0,3,10,2024,12,70,420,50,0.59321,50,0.15765
481,2024-3-10,2,10.65,32.2274,8.70223,41.3,905.795,1549.88,0,3,10,2024,12.5,70,420,50,0.58946,50,0.15499
482,2024-3-10,2,11.457,30.8936,9.36281,41.2,881.67,1524.37,0,3,10,2024,13,70,420,50,0.58437,50,0.15244
483,2024-3-10,2,11.686,29.7848,9.65842,41.2,826.547,1441.32,0,3,10,2024,13.5,70,420,50,0.57135,50,0.14413
484,2024-3-10,2,11.522,31.9763,9.25591,41.2,755.105,1330.32,0,3,10,2024,14,70,420,50,0.55247,50,0.13303
485,2024-3-10,2,11.748,33.5167,9.18266,41.1,307.5,562.542,0,3,10,2024,16,70,420,50,0.35243,50,0.05625
486,2024-3-10,2,11.516,35.4341,8.78191,41.1,173.594,316.07,0,3,10,2024,16.5,70,420,50,0.23923,50,0.03161
487,2024-3-11,2,7.79,54.4671,4.81986,40.8,260.063,410.452,0,3,11,2024,8.5,71,420,50,0.35133,50,0.04105
488,2024-3-11,2,8.648,52.3433,5.34812,40.8,481.405,737.473,0,3,11,2024,9,71,420,50,0.48549,50,0.07375
489,2024-3-11,2,9.356,49.8522,5.90373,40.8,627.91,983.082,0,3,11,2024,9.5,71,420,50,0.54404,50,0.09831
490,2024-3-11,2,9.449,51.6577,5.72697,40.8,694.386,1107.5,0,3,11,2024,10,71,420,50,0.56628,50,0.11075
491,2024-3-11,2,10.194,52.0141,5.97654,40.8,777.359,1254.07,0,3,11,2024,10.5,71,420,50,0.5903,50,0.12541
492,2024-3-11,2,10.786,49.1861,6.58413,40.8,856.128,1408.53,0,3,11,2024,11,71,420,50,0.61024,50,0.14085
493,2024-3-11,2,10.902,48.9002,6.67254,40.8,906.931,1520.41,0,3,11,2024,11.5,71,420,50,0.62215,50,0.15204
494,2024-3-11,2,10.181,52.3258,5.93255,40.8,914.316,1540.38,0,3,11,2024,12,71,420,50,0.62457,50,0.15404
495,2024-3-11,2,11.505,49.2335,6.89996,40.8,878.121,1479.62,0,3,11,2024,12.5,71,420,50,0.61796,50,0.14796
496,2024-3-11,2,11.755,47.0798,7.31272,40.8,861.695,1469.17,0,3,11,2024,13,71,420,50,0.61539,50,0.14692
497,2024-3-11,2,12.493,43.1124,8.25293,40.8,818.754,1408.7,0,3,11,2024,13.5,71,420,50,0.60677,50,0.14087
498,2024-3-11,2,12.595,42.4075,8.41138,40.8,745.291,1288.47,0,3,11,2024,14,71,420,50,0.58986,50,0.12885
499,2024-3-12,2,10.849,30.573,9.03374,40.5,388.634,583.266,0,3,12,2024,8.5,72,420,50,0.52042,50,0.05833
500,2024-3-12,2,10.864,33.2939,8.68838,40.4,510.141,782.761,0,3,12,2024,9,72,420,50,0.57147,50,0.07828
501,2024-3-12,2,11.301,32.8859,8.99927,40.4,550.513,867.146,0,3,12,2024,9.5,72,420,50,0.58605,50,0.08671
502,2024-3-12,2,10.924,35.9381,8.37738,40.4,453.564,730.638,0,3,12,2024,10,72,420,50,0.55386,50,0.07306
503,2024-3-12,2,11.492,31.376,9.31904,40.4,550.042,888.233,0,3,12,2024,10.5,72,420,50,0.58882,50,0.08882
504,2024-3-12,2,12.008,31.1845,9.66947,40.4,775.615,1266.37,0,3,12,2024,11,72,420,50,0.64364,50,0.12664
505,2024-3-12,2,12.208,31.3063,9.7805,40.4,779.373,1291.3,0,3,12,2024,11.5,72,420,50,0.64542,50,0.12913
506,2024-3-12,2,12.751,29.9669,10.33361,40.4,805.967,1346.89,0,3,12,2024,12,72,420,50,0.27721,50,0.13469
507,2024-3-12,2,12.997,31.9091,10.21032,40.4,831.622,1395.02,0,3,12,2024,12.5,72,420,50,0.38758,50,0.1395
508,2024-3-12,2,13.029,34.3287,9.86815,40.4,832.568,1405.8,0,3,12,2024,13,72,420,50,0.65771,50,0.14058
509,2024-3-12,2,13.138,34.1944,9.9591,40.4,773.222,1318.62,0,3,12,2024,13.5,72,420,50,0.6487,50,0.13186
510,2024-3-12,2,13.269,34.0457,10.06744,40.3,697.923,1192.33,0,3,12,2024,14,72,420,50,0.5442,50,0.11923
511,2024-3-13,2,11.373,45.4613,7.34807,40.1,287.294,454.199,0,3,13,2024,8.5,73,420,50,0.50388,50,0.04542
512,2024-3-13,2,11.247,43.6945,7.52293,40.1,434.47,690.148,0,3,13,2024,9,73,420,50,0.58497,50,0.06901
513,2024-3-13,2,11.503,44.1704,7.58711,40.1,479.835,777.337,0,3,13,2024,9.5,73,420,50,0.60324,50,0.07773
514,2024-3-13,2,11.804,44.6478,7.6736,40,444.657,726.172,0,3,13,2024,10,73,420,50,0.58923,50,0.07262
515,2024-3-13,2,11.703,45.9045,7.44945,40,433.642,726.125,0,3,13,2024,10.5,73,420,50,0.58447,50,0.07261
516,2024-3-13,2,12.922,44.0636,8.34664,40,790.734,1303.9,0,3,13,2024,11,73,420,50,0.68695,50,0.13039
517,2024-3-13,2,13.035,44.2117,8.38637,40,784.808,1304.73,0,3,13,2024,11.5,73,420,50,0.68647,50,0.13047
518,2024-3-13,2,12.451,46.3704,7.75882,40,253.415,440.704,0,3,13,2024,12,73,420,50,0.47437,50,0.04407
519,2024-3-14,2,9.268,83.5025,1.9307,39.8,304.77,500.9,0,3,14,2024,9.5,74,420,50,0.49707,50,0.05009
520,2024-3-14,2,9.432,79.0454,2.47959,39.8,398.038,655.094,0,3,14,2024,10,74,420,50,0.56167,50,0.06551
521,2024-3-14,2,9.527,77.3946,2.69211,39.8,478.053,804.176,0,3,14,2024,10.5,74,420,50,0.60548,50,0.08042
522,2024-3-14,2,10.718,73.062,3.47466,39.8,561.07,950.123,0,3,14,2024,11,74,420,50,0.64303,50,0.09501
523,2024-3-14,2,10.42,74.4049,3.23639,39.8,380.655,642.856,0,3,14,2024,11.5,74,420,50,0.55033,50,0.06429
524,2024-3-14,2,10.416,75.5882,3.08594,39.8,352.647,609.692,0,3,14,2024,12.5,74,420,50,0.53103,50,0.06097
525,2024-3-14,2,10.997,72.1031,3.66585,39.8,620.685,1074.69,0,3,14,2024,13,74,420,50,0.66739,50,0.10747
526,2024-3-15,2,9.887,78.5985,2.61119,39.6,488.162,722.481,0,3,15,2024,8.5,75,420,50,0.62063,50,0.07225
527,2024-3-15,2,9.927,79.2768,2.53523,39.6,594.107,909.932,0,3,15,2024,9,75,420,50,0.67527,50,0.09099
528,2024-3-15,2,11.094,74.8672,3.32401,39.6,688.43,1085.96,0,3,15,2024,9.5,75,420,50,0.71521,50,0.1086
529,2024-3-15,2,11.576,71.7974,3.85125,39.6,762.405,1232.47,0,3,15,2024,10,75,420,50,0.74231,50,0.12325
530,2024-3-15,2,11.811,70.44,4.09987,39.6,821.917,1352.25,0,3,15,2024,10.5,75,420,50,0.76199,50,0.13523
531,2024-3-16,2,11.219,85.8128,1.89202,39.3,326.735,548.316,0,3,16,2024,9.5,76,420,50,0.54967,50,0.05483
532,2024-3-16,2,12.119,83.8825,2.28136,39.3,217.297,374.878,0,3,16,2024,10,76,420,50,0.43484,50,0.03749
533,2024-3-16,2,12.961,80.6292,2.89784,39.3,337.881,573.441,0,3,16,2024,11,76,420,50,0.56192,50,0.05734
534,2024-3-16,2,13.306,76.8641,3.54007,39.2,404.672,678.427,0,3,16,2024,11.5,76,420,50,0.61545,50,0.06784
535,2024-3-16,2,13.963,73.8058,4.18327,39.3,445.929,754.443,0,3,16,2024,12,76,420,50,0.64455,50,0.07544
536,2024-3-16,2,14.243,74.2605,4.18602,39.3,431.7,730.312,0,3,16,2024,12.5,76,420,50,0.63604,50,0.07303
537,2024-3-17,2,5.466,69.5455,2.74623,41.6,7.36566,14.2765,0,3,17,2024,17.5,77,420,50,0.01705,50,0.00143
538,2024-3-18,2,6.549,41.4279,5.69362,41,6.44479,19.8344,0,3,18,2024,7,78,420,50,0.01198,50,0.00198
539,2024-3-18,2,6.309,45.0185,5.25669,41,6.61574,24.7744,0.4,3,18,2024,7.5,78,420,50,0.01218,50,0.00248
540,2024-3-18,2,6.323,55.0015,4.3064,40.9,64.8136,130.242,0.1,3,18,2024,9,78,420,50,0.10366,50,0.01302
541,2024-3-19,2,6.066,54.2788,4.2984,40.7,348.163,491.519,0,3,19,2024,8,79,420,50,0.27258,50,0.04915
542,2024-3-19,2,5.944,53.8568,4.30154,40.7,468.887,683.231,0,3,19,2024,8.5,79,420,50,0.34113,50,0.06832
543,2024-3-19,2,6.184,49.4927,4.78733,40.7,591.042,883.252,0,3,19,2024,9,79,420,50,0.4026,50,0.08833
544,2024-3-19,2,6.693,42.9178,5.60419,40.7,701.615,1071.11,0,3,19,2024,9.5,79,420,50,0.45248,50,0.10711
545,2024-3-19,2,7.354,34.825,6.69623,40.7,786.7,1227.8,0,3,19,2024,10,79,420,50,0.48731,50,0.12278
546,2024-3-19,2,7.661,35.1279,6.80672,40.7,864.087,1372.59,0,3,19,2024,10.5,79,420,50,0.51682,50,0.13726
547,2024-3-19,2,8.128,36.0074,6.93192,40.7,906.498,1467.88,0,3,19,2024,11,79,420,50,0.53125,50,0.14679
548,2024-3-19,2,8.629,34.6974,7.31893,40.6,935.459,1545.07,0,3,19,2024,11.5,79,420,50,0.54013,50,0.15451
549,2024-3-19,2,8.874,33.3774,7.5919,40.6,951.155,1583.67,0,3,19,2024,12,79,420,50,0.54384,50,0.15837
550,2024-3-19,2,9.302,33.9333,7.74953,40.6,933.011,1568.32,0,3,19,2024,12.5,79,420,50,0.53464,50,0.15683
551,2024-3-19,2,9.722,33.4616,8.02882,40.6,895.808,1525.22,0,3,19,2024,13,79,420,50,0.52014,50,0.15252
552,2024-3-19,2,10.223,32.3,8.44828,40.6,850.75,1461.64,0,3,19,2024,13.5,79,420,50,0.50204,50,0.14616
553,2024-3-19,2,10.682,31.2677,8.84432,40.6,784.234,1356.6,0,3,19,2024,14,79,420,50,0.47417,50,0.13566
554,2024-3-19,2,10.928,27.5192,9.48085,40.6,707.301,1231.04,0,3,19,2024,14.5,79,420,50,0.44015,50,0.1231
555,2024-3-19,2,11.105,23.3754,10.14161,40.6,610.642,1069.69,0,3,19,2024,15,79,420,50,0.39444,50,0.10697
556,2024-3-19,2,11.061,22.7819,10.1903,40.6,503.678,894.82,0,3,19,2024,15.5,79,420,50,0.33959,50,0.08948
557,2024-3-19,2,11.207,23.5394,10.18873,40.5,393.453,713.178,0,3,19,2024,16,79,420,50,0.27778,50,0.07132
558,2024-3-19,2,10.983,24.3156,9.9362,40.5,280.077,521.035,0,3,19,2024,16.5,79,420,50,0.20778,50,0.0521
559,2024-3-19,2,10.614,25.6886,9.51893,40.5,165.18,319.829,0,3,19,2024,17,79,420,50,0.12917,50,0.03198
560,2024-3-20,2,9.54,24.4976,8.99955,40.3,303.195,394.288,0,3,20,2024,7.5,80,420,50,0.22019,50,0.03943
561,2024-3-20,2,10.097,26.9513,9.03911,40.3,417.592,580.763,0,3,20,2024,8,80,420,50,0.28922,50,0.05808
562,2024-3-20,2,10.555,32.1782,8.65349,40.3,528.026,773.722,0,3,20,2024,8.5,80,420,50,0.35011,50,0.07737
563,2024-3-20,2,11.634,35.4371,8.85041,40.3,639.964,966.651,0,3,20,2024,9,80,420,50,0.4068,50,0.09667
564,2024-3-20,2,11.238,33.0036,8.94599,40.3,733.69,1139.13,0,3,20,2024,9.5,80,420,50,0.45083,50,0.11391
565,2024-3-20,2,12.303,32.5589,9.66243,40.3,809.642,1281.04,0,3,20,2024,10,80,420,50,0.48445,50,0.1281
566,2024-3-20,2,12.847,27.3758,10.78361,40.3,869.517,1398.62,0,3,20,2024,10.5,80,420,50,0.50977,50,0.13986
567,2024-3-20,2,12.956,23.08,11.50333,40.2,904.039,1480.95,0,3,20,2024,11,80,420,50,0.52393,50,0.1481
568,2024-3-20,2,12.749,20.6232,11.71077,40.2,936.914,1558.92,0,3,20,2024,11.5,80,420,50,0.53713,50,0.15589
569,2024-3-20,2,12.621,19.8276,11.72919,40.2,939.587,1577.12,0,3,20,2024,12,80,420,50,0.53821,50,0.15771
570,2024-3-20,2,12.948,22.421,11.59581,40.2,915.35,1552.5,0,3,20,2024,12.5,80,420,50,0.52854,50,0.15525
571,2024-3-20,2,13.805,24.5607,11.92471,40.2,871.619,1496.67,0,3,20,2024,13,80,420,50,0.51066,50,0.14967
572,2024-3-20,2,13.311,26.9602,11.17962,40.2,820.615,1418.64,0,3,20,2024,13.5,80,420,50,0.4891,50,0.14186
573,2024-3-20,2,13.596,26.7615,11.42038,40.1,760.251,1322.9,0,3,20,2024,14,80,420,50,0.46257,50,0.13229
574,2024-3-20,2,13.66,26.8071,11.46095,40.1,688.198,1203.96,0,3,20,2024,14.5,80,420,50,0.42939,50,0.1204
575,2024-3-20,2,13.978,25.8376,11.85544,40.1,604.043,1062.87,0,3,20,2024,15,80,420,50,0.38841,50,0.10629
576,2024-3-20,2,13.759,24.2288,11.94138,40.1,503.565,894.756,0,3,20,2024,15.5,80,420,50,0.33604,50,0.08948
577,2024-3-20,2,13.708,23.5725,12.0049,40.1,390.919,705.193,0,3,20,2024,16,80,420,50,0.27238,50,0.07052
578,2024-3-20,2,13.545,25.1527,11.63252,40.1,274.892,506.825,0,3,20,2024,16.5,80,420,50,0.20063,50,0.05068
579,2024-3-20,2,13.311,27.6183,11.07889,40,162.198,308.725,0,3,20,2024,17,80,420,50,0.12409,50,0.03087
580,2024-3-21,2,11.331,28.0077,9.67262,39.8,685.682,1071.19,0,3,21,2024,9.5,81,420,50,0.41904,50,0.15942
581,2024-3-21,2,11.859,29.4973,9.80954,39.8,625.909,995.832,0,3,21,2024,10,81,420,50,0.38956,50,0.09432
582,2024-3-21,2,11.973,31.582,9.59143,39.8,767.923,1240.3,0,3,21,2024,10.5,81,420,50,0.45636,50,0.07125
583,2024-3-21,2,12.324,29.9186,10.0546,39.8,599.405,980.009,0,3,21,2024,11,81,420,50,0.37483,50,0.05239
584,2024-3-21,2,12.688,30.1851,10.25892,39.8,782.622,1297.13,0,3,21,2024,11.5,81,420,50,0.45711,50,0.08259
585,2024-3-21,2,13.807,30.3298,11.01422,39.7,742.371,1261.19,0,3,21,2024,13,81,420,50,0.41879,50,0.14514
586,2024-3-21,2,14.074,29.3787,11.35995,39.7,818.975,1416.53,0,3,21,2024,13.5,81,420,50,0.43631,50,0.13026
587,2024-3-21,2,14.372,28.4983,11.72592,39.6,769.66,1344.43,0,3,21,2024,14,81,420,50,0.40327,50,0.13647
588,2024-3-21,2,14.729,23.7974,12.78866,39.6,711.061,1248.11,0,3,21,2024,14.5,81,420,50,0.34389,50,0.14683
589,2024-3-21,2,14.648,21.1446,13.16481,39.6,621.245,1096.99,0,3,21,2024,15,81,420,50,0.29951,50,0.15863
590,2024-3-21,2,14.64,23.5333,12.75942,39.6,395.32,717.552,0,3,21,2024,16,81,420,50,0.21986,50,0.13601
591,2024-3-21,2,14.034,32.2176,10.87502,39.6,275.629,508.633,0,3,21,2024,16.5,81,420,50,0.18487,50,0.11254
592,2024-3-22,2,14.991,63.0164,6.31252,39.4,845.195,1396.54,0,3,22,2024,10.5,82,420,50,0.47001,50,0.17827
593,2024-3-22,2,15.406,60.4001,6.94193,39.4,887.625,1486.41,0,3,22,2024,11,82,420,50,0.48804,50,0.16303
594,2024-3-22,2,16.2,57.2854,7.87835,39.3,913.7,1554.19,0,3,22,2024,11.5,82,420,50,0.49878,50,0.16762
595,2024-3-22,2,17.023,55.4546,8.65752,39.3,923.614,1581.89,0,3,22,2024,12,82,420,50,0.50257,50,0.13333
596,2024-3-22,2,17.078,57.981,8.19502,39.3,891.454,1538.84,0,3,22,2024,12.5,82,420,50,0.48843,50,0.11894
597,2024-3-22,2,17.468,57.4387,8.50813,39.3,860.389,1495.6,0,3,22,2024,13,82,420,50,0.47453,50,0.12245
598,2024-3-22,2,17.759,56.6888,8.81847,39.3,823.843,1443.02,0,3,22,2024,13.5,82,420,50,0.45799,50,0.13648
599,2024-3-22,2,18.189,55.7533,9.25598,39.3,758.595,1335.46,0,3,22,2024,14,82,420,50,0.42806,50,0.12837
600,2024-3-22,2,18.129,55.8171,9.20787,39.2,663.542,1170.59,0,3,22,2024,14.5,82,420,50,0.38291,50,0.15759
601,2024-3-22,2,18.336,55.7455,9.34343,39.2,584.431,1036.91,0,3,22,2024,15,82,420,50,0.34429,50,0.12965
602,2024-3-23,2,14.387,99.7815,0.03587,39,49.7752,92.534,0,3,23,2024,10,83,420,50,0.03596,50,0.02719
603,2024-3-30,2,20.685,35.5486,15.74665,40.4,690.835,1062.16,0,3,30,2024,9,90,420,50,0.43746,50,0.20289
604,2024-3-30,2,20.769,40.9014,14.51372,40.4,841.84,1355.97,0,3,30,2024,10,90,420,50,0.50511,50,0.22031
605,2024-3-30,2,21.132,42.9094,14.33686,40.4,895.569,1467.24,0,3,30,2024,10.5,90,420,50,0.52766,50,0.24517
606,2024-3-30,2,21.493,44.631,14.21554,40.3,939.459,1558.28,0,3,30,2024,11,90,420,50,0.54556,50,0.23113
607,2024-3-30,2,21.619,43.911,14.5118,40.3,963.968,1623.56,0,3,30,2024,11.5,90,420,50,0.5552,50,0.21341
608,2024-3-30,2,22.249,42.8848,15.35608,40.3,961.521,1632.08,0,3,30,2024,12,90,420,50,0.55372,50,0.2047
609,2024-3-30,2,23.102,41.4645,16.57329,40.3,915.447,1565.96,0,3,30,2024,12.5,90,420,50,0.5339,50,0.19657
610,2024-3-30,2,23.358,40.5039,17.10762,40.3,891.074,1535.44,0,3,30,2024,13,90,420,50,0.52288,50,0.20291
611,2024-3-30,2,23.383,40.9741,16.99803,40.2,644.298,1126.4,0,3,30,2024,14,90,420,50,0.40629,50,0.13082
612,2024-3-30,2,23.285,41.2025,16.83246,40.2,511.01,890.884,0,3,30,2024,14.5,90,420,50,0.33552,50,0.11078
613,2024-3-30,2,22.9,43.01,15.93979,40.2,384.724,667.054,0,3,30,2024,15,90,420,50,0.26268,50,0.07971
614,2024-3-30,2,23.365,42.7438,16.47051,40.1,386.596,677.97,0,3,30,2024,15.5,90,420,50,0.26288,50,0.11212
615,2024-3-31,2,17.208,73.0351,5.30247,42.2,939.884,1574.32,0,3,31,2024,11,91,420,50,0.56835,50,0.22911
616,2024-3-31,2,17.668,73.5178,5.36112,42.2,947.436,1603.65,0,3,31,2024,11.5,91,420,50,0.57273,50,0.21166
617,2024-3-31,2,18.716,68.8328,6.73882,42,860.139,1483.99,0,3,31,2024,13,91,420,50,0.53744,50,0.1839
618,2024-3-31,2,18.722,67.9364,6.93524,41.9,877.658,1493.91,0,3,31,2024,13.5,91,420,50,0.54647,50,0.22114
619,2024-3-31,2,18.56,66.7606,7.11704,41.9,802.694,1403,0,3,31,2024,14,91,420,50,0.51322,50,0.22303
620,2024-3-31,2,19.097,64.6739,7.82195,41.8,700.678,1227.25,0,3,31,2024,14.5,91,420,50,0.46499,50,0.20219
621,2024-3-31,2,19.249,64.8588,7.85507,41.6,169.004,304.879,0,3,31,2024,17,91,420,50,0.14346,50,0.10923
622,2024-4-1,2,17.67,57.4481,8.6154,40.9,651.557,1032.7,0,4,1,2024,9.5,92,420,50,0.48343,50,0.12824
623,2024-4-1,2,19.238,53.381,10.41355,40.7,363.422,618.008,0,4,1,2024,13.5,92,420,50,0.31883,50,0.07525
624,2024-4-2,2,15.606,100.08,-0.01421,48,80.5628,159.372,0.2,4,2,2024,12.5,93,420,50,0.1021,50,0.03959
625,2024-4-2,2,15.914,100.112,-0.02028,47.2,90.9871,167.807,0,4,2,2024,15.5,93,420,50,0.11648,50,0.03826
626,2024-4-3,2,10.61,98.3783,0.20768,42.9,104.41,175.735,0,4,3,2024,8,94,420,50,0.14615,50,0.03345
627,2024-4-3,2,13.648,87.7584,1.91536,42.7,856.303,1431.84,0,4,3,2024,10,94,420,50,0.69184,50,0.20056
628,2024-4-3,2,14.918,79.7763,3.43567,42.6,931.63,1575.32,0,4,3,2024,10.5,94,420,50,0.72381,50,0.15313
629,2024-4-3,2,14.958,79.217,3.5398,42.7,778.319,1324.2,0,4,3,2024,11,94,420,50,0.65952,50,0.09762
630,2024-4-4,2,8.893,99.4745,0.05996,41.7,147.921,242.61,0,4,4,2024,8,95,420,50,0.22526,50,0.02667
631,2024-4-4,2,9.172,98.2124,0.20785,41.7,204.203,338.936,0,4,4,2024,9,95,420,50,0.29464,50,0.08196
632,2024-4-4,2,9.58,95.5915,0.52689,41.6,381.675,624.31,0,4,4,2024,9.5,95,420,50,0.46759,50,0.11422
633,2024-4-4,2,9.065,84.58,1.78002,41.5,71.3951,127.932,0,4,4,2024,16,95,420,50,0.12132,50,0.03723
634,2024-4-4,2,8.862,81.7333,2.07987,41.5,93.0317,163.764,0,4,4,2024,16.5,95,420,50,0.1542,50,0.03285
635,2024-4-4,2,8.856,78.1173,2.49058,41.5,79.5681,135.067,0,4,4,2024,17,95,420,50,0.13406,50,0.02285
636,2024-4-5,2,10.974,48.109,6.80842,41.1,667.712,1051.37,0,4,5,2024,9,96,420,50,0.67216,50,0.1663
637,2024-4-5,2,11.389,48.7074,6.91806,41.1,712.072,1146.12,0,4,5,2024,9.5,96,420,50,0.6954,50,0.12329
638,2024-4-5,2,14.422,53.1875,7.70191,41,480.575,808.01,0,4,5,2024,12.5,96,420,50,0.55874,50,0.08795
639,2024-4-5,2,14.544,53.7303,7.67292,41,386.505,653.81,0,4,5,2024,13,96,420,50,0.48673,50,0.11288
640,2024-4-5,2,14.509,51.149,8.08266,40.9,413.025,702.52,0,4,5,2024,14,96,420,50,0.50873,50,0.12151
641,2024-4-5,2,14.079,48.2907,8.32052,40.9,252.103,435.059,0,4,5,2024,14.5,96,420,50,0.36053,50,0.08857
642,2024-4-5,2,12.859,51.8907,7.14913,40.9,147.201,263.694,0,4,5,2024,16,96,420,50,0.2355,50,0.06678
643,2024-4-5,2,12.544,52.5411,6.90818,40.8,78.543,140.435,0,4,5,2024,16.5,96,420,50,0.13616,50,0.04499
644,2024-4-6,2,6.875,94.5601,0.54081,40.6,133.283,226.669,0,4,6,2024,8,97,420,50,0.21367,50,0.08537
645,2024-4-6,2,7.96,92.1778,0.83768,40.6,291.204,478.243,0,4,6,2024,8.5,97,420,50,0.40154,50,0.09963
646,2024-4-6,2,9.438,87.4993,1.47982,40.6,357.407,592.886,0,4,6,2024,9,97,420,50,0.46583,50,0.14038
647,2024-4-6,2,9.892,85.5849,1.75937,40.6,471.488,776.557,0,4,6,2024,9.5,97,420,50,0.56201,50,0.13212
648,2024-4-6,2,10.566,81.3152,2.38578,40.6,472.747,784.35,0,4,6,2024,10.5,97,420,50,0.56345,50,0.12143
649,2024-4-6,2,10.737,81.202,2.42778,40.6,190.348,325.994,0,4,6,2024,11,97,420,50,0.28748,50,0.06495
650,2024-4-6,2,10.293,84.6059,1.93005,40.6,92.0612,167.623,0,4,6,2024,14,97,420,50,0.15274,50,0.04536
651,2024-4-6,2,10.14,84.6528,1.90456,40.5,103.189,182.762,0,4,6,2024,15.5,97,420,50,0.16889,50,0.0547
652,2024-4-6,2,10.138,84.1372,1.96828,40.6,76.4556,136.268,0,4,6,2024,16,97,420,50,0.1285,50,0.03638
653,2024-4-6,2,10.037,82.0018,2.21817,40.5,51.363,93.4486,0,4,6,2024,16.5,97,420,50,0.08855,50,0.02784
654,2024-4-6,2,9.867,83.4202,2.02018,40.5,51.4255,91.1489,0,4,6,2024,17,97,420,50,0.08857,50,0.02539
655,2024-4-7,2,8.492,86.2537,1.52638,40.4,90.3923,152.296,0,4,7,2024,7.5,98,420,50,0.1461,50,0.03966
656,2024-4-7,2,8.844,85.2934,1.67247,40.4,116.433,198.073,0,4,7,2024,8,98,420,50,0.18382,50,0.04633
657,2024-4-7,2,8.525,87.3953,1.40276,40.4,78.4016,140.026,0,4,7,2024,8.5,98,420,50,0.12786,50,0.02761
658,2024-4-7,2,8.642,88.2137,1.32214,40.4,126.841,224.43,0,4,7,2024,9,98,420,50,0.19822,50,0.06715
659,2024-4-7,2,8.671,97.859,0.24064,40.3,66.6236,130.051,0,4,7,2024,12.5,98,420,50,0.109,50,0.04149
660,2024-4-7,2,8.629,98.7228,0.14314,40.4,91.5461,171.911,0.2,4,7,2024,13,98,420,50,0.14651,50,0.04588
661,2024-4-7,2,8.575,98.8146,0.13237,40.3,47.269,93.635,0,4,7,2024,15,98,420,50,0.07825,50,0.03209
662,2024-4-7,2,8.517,99.2257,0.08612,40.3,45.8415,90.3715,0,4,7,2024,15.5,98,420,50,0.0759,50,0.0253
663,2024-4-7,2,8.536,99.3936,0.06754,40.3,35.7655,70.3828,0,4,7,2024,16,98,420,50,0.05966,50,0.02163
664,2024-4-7,2,8.599,99.5071,0.05513,40.3,34.9881,66.202,0,4,7,2024,16.5,98,420,50,0.05834,50,0.02472
665,2024-4-8,2,9.491,97.9802,0.23996,40.3,283.873,464.276,0,4,8,2024,8.5,99,420,50,0.39679,50,0.13186
666,2024-4-8,2,10.776,91.3229,1.12357,40.3,593.659,979.377,0,4,8,2024,10,99,420,50,0.69408,50,0.26098
667,2024-4-8,2,12.76,81.1684,2.7803,40.3,715.132,1219.36,0,4,8,2024,13.5,99,420,50,0.78873,50,0.17964
668,2024-4-9,2,14.584,38.4625,10.23121,40,730.75,1118.21,0,4,9,2024,9,100,420,50,0.79852,50,0.22257
669,2024-4-9,2,15.029,43.5535,9.65815,40,813.7,1274.27,0,4,9,2024,9.5,100,420,50,0.87423,50,0.22609
670,2024-4-9,2,15.066,42.9253,9.78893,40,847.414,1350.63,0,4,9,2024,10,100,420,50,0.8944,50,0.22279
671,2024-4-9,2,15.116,40.6144,10.21811,40,935.613,1514.83,0,4,9,2024,10.5,100,420,50,0.914,50,0.24938
672,2024-4-9,2,15.661,39.8302,10.72183,39.9,972.952,1596.04,0,4,9,2024,11,100,420,50,0.86271,50,0.2663
673,2024-4-9,2,16.075,38.1262,11.3214,39.9,992.142,1644.75,0,4,9,2024,11.5,100,420,50,0.78767,50,0.25963
674,2024-4-9,2,16.09,38.0732,11.34196,39.9,993.802,1662.32,0,4,9,2024,12,100,420,50,0.78566,50,0.2622
675,2024-4-9,2,16.662,36.4691,12.06765,39.9,974.354,1640.1,0,4,9,2024,12.5,100,420,50,0.68435,50,0.23393
676,2024-4-9,2,17.126,34.2511,12.86214,39.9,931.765,1578.29,0,4,9,2024,13,100,420,50,0.57863,50,0.19559
677,2024-4-9,2,17.668,30.5764,14.05428,39.8,810.644,1369.05,0,4,9,2024,13.5,100,420,50,0.43537,50,0.12224
678,2024-4-9,2,17.438,28.2661,14.31268,39.8,770.505,1312.38,0,4,9,2024,14,100,420,50,0.407,50,0.1553
679,2024-4-9,2,17.403,27.928,14.34837,39.8,743.033,1274.49,0,4,9,2024,14.5,100,420,50,0.40043,50,0.20145
680,2024-4-9,2,17.396,28.4909,14.23001,39.8,654.689,1126.99,0,4,9,2024,15,100,420,50,0.3961,50,0.17208
681,2024-4-9,2,17.297,28.475,14.14436,39.7,464.079,796.3,0,4,9,2024,15.5,100,420,50,0.35816,50,0.14142
682,2024-4-9,2,17.311,29.6139,13.93146,39.7,328.371,585.53,0,4,9,2024,16.5,100,420,50,0.31992,50,0.16026
683,2024-4-9,2,17.048,30.5606,13.51713,39.7,213.466,387.894,0,4,9,2024,17,100,420,50,0.2665,50,0.08908
684,2024-4-10,2,12.312,66.058,4.86583,39.5,127.474,207.939,0,4,10,2024,7.5,101,420,50,0.2197,50,0.06896
685,2024-4-10,2,12.37,66.3072,4.84858,39.4,223.319,357.484,0,4,10,2024,8,101,420,50,0.35064,50,0.10262
686,2024-4-10,2,12.269,67.5677,4.63625,39.5,147.693,241.944,0,4,10,2024,8.5,101,420,50,0.24845,50,0.06603
687,2024-4-10,2,12.843,66.1178,5.02968,39.4,510.525,827.694,0,4,10,2024,9.5,101,420,50,0.63108,50,0.17517
688,2024-4-10,2,13.827,63.5412,5.7713,39.4,780.751,1279.69,0,4,10,2024,10,101,420,50,0.80553,50,0.21977
689,2024-4-10,2,14.534,62.9949,6.1326,39.4,927.339,1531.87,0,4,10,2024,10.5,101,420,50,0.87649,50,0.17321
690,2024-4-10,2,14.843,63.3278,6.19994,39.4,577.742,968.821,0,4,10,2024,11,101,420,50,0.67574,50,0.08765
691,2024-4-10,2,14.982,63.1296,6.28955,39.4,565.752,953.977,0,4,10,2024,11.5,101,420,50,0.66545,50,0.10039
692,2024-4-10,2,15.1,64.1306,6.16547,39.4,402.35,680.727,0,4,10,2024,12,101,420,50,0.53269,50,0.11545
693,2024-4-10,2,12.507,91.6058,1.2189,39.3,30.1349,57.4983,0,4,10,2024,16.5,101,420,50,0.05546,50,0.01709
694,2024-4-10,2,12.621,89.776,1.49577,39.3,21.5928,41.636,0,4,10,2024,17,101,420,50,0.04005,50,0.01709
695,2024-4-11,2,12.931,95.2751,0.70545,39.2,140.845,240.235,0,4,11,2024,9,102,420,50,0.2131,50,0.05978
696,2024-4-11,2,13.24,90.5505,1.43967,39.2,114.959,203.079,0.1,4,11,2024,15,102,420,50,0.17378,50,0.04662
697,2024-4-12,2,13.329,97.1157,0.442,39.1,250.393,414.649,0,4,12,2024,10,103,420,50,0.29725,50,0.06946
698,2024-4-12,2,16.21,80.6488,3.57144,39.1,236.757,383.621,0,4,12,2024,13,103,420,50,0.2803,50,0.05749
699,2024-4-12,2,16.74,77.5576,4.2841,39.1,302.581,488.252,0,4,12,2024,13.5,103,420,50,0.33712,50,0.0724
700,2024-4-12,2,16.832,75.9205,4.62355,39.1,295.046,491.062,0,4,12,2024,14,103,420,50,0.33008,50,0.07893
701,2024-4-13,2,13.937,90.4012,1.53036,38.9,257.447,411.349,0,4,13,2024,8.5,104,420,50,0.26984,50,0.07282
702,2024-4-13,2,14.276,89.1382,1.77024,39,284.19,456.885,0,4,13,2024,9,104,420,50,0.29167,50,0.07359
703,2024-4-13,2,14.268,88.5158,1.87071,38.9,305.507,494.273,0,4,13,2024,9.5,104,420,50,0.30832,50,0.06534
704,2024-4-13,2,14.655,84.6543,2.5631,38.9,337.333,542.385,0,4,13,2024,10,104,420,50,0.3327,50,0.07777
705,2024-4-13,2,15.605,74.9804,4.44234,38.9,307.354,500.001,0,4,13,2024,10.5,104,420,50,0.30825,50,0.06886
706,2024-4-13,2,16.107,68.9141,5.6996,38.9,277.078,457.244,0,4,13,2024,11,104,420,50,0.28268,50,0.06732
707,2024-4-13,2,15.763,82.5223,3.13482,38.8,488.427,814.703,0,4,13,2024,14,104,420,50,0.43404,50,0.1028
708,2024-4-13,2,17.939,57.6712,8.7167,38.7,330.997,597.267,0,4,13,2024,16.5,104,420,50,0.31753,50,0.1431
709,2024-4-14,2,15.699,99.9185,0.01456,38.8,119.71,201.545,0.2,4,14,2024,8,105,420,50,0.12731,50,0.04584
710,2024-4-14,2,15.685,99.9162,0.01496,38.9,125.321,214.463,0.1,4,14,2024,9,105,420,50,0.13355,50,0.02809
711,2024-4-14,2,15.687,99.9208,0.01414,38.9,135.269,235.902,0.1,4,14,2024,9.5,105,420,50,0.14341,50,0.05456
712,2024-4-14,2,16.67,90.6949,1.7684,39.4,76.9838,131.439,0,4,14,2024,17,105,420,50,0.0917,50,0.02393
713,2024-4-15,2,19.085,70.0725,6.62163,39.1,907.925,1460.09,0,4,15,2024,10.5,106,420,50,0.57303,50,0.21555
714,2024-4-15,2,19.688,65.0181,8.03582,39.1,950.536,1542.44,0,4,15,2024,11,106,420,50,0.58555,50,0.22777
715,2024-4-15,2,20.147,66.5204,7.91256,39.1,961.585,1579.67,0,4,15,2024,11.5,106,420,50,0.58767,50,0.23726
716,2024-4-15,2,20.258,70.6325,6.9885,39.1,966.79,1601.41,0,4,15,2024,12,106,420,50,0.5879,50,0.21104
717,2024-4-15,2,20.584,67.4541,7.90223,39,950.619,1584.89,0,4,15,2024,12.5,106,420,50,0.58151,50,0.22197
718,2024-4-15,2,21.093,62.9835,9.27353,39,914.264,1537.56,0,4,15,2024,13,106,420,50,0.56875,50,0.2033
719,2024-4-15,2,21.405,61.4469,9.84502,39,804.479,1378.27,0,4,15,2024,13.5,106,420,50,0.53103,50,0.1849
720,2024-4-15,2,21.723,61.2667,10.08528,39,712.757,1214.57,0,4,15,2024,14,106,420,50,0.47536,50,0.18032
721,2024-4-15,2,21.85,61.3596,10.13941,39,648.086,1101.89,0,4,15,2024,14.5,106,420,50,0.43965,50,0.16368
722,2024-4-15,2,22.036,60.9543,10.36263,38.9,539.467,922.418,0,4,15,2024,15,106,420,50,0.35498,50,0.12134
723,2024-4-15,2,22.074,62.0005,10.10834,38.9,446.999,756.831,0,4,15,2024,15.5,106,420,50,0.36631,50,0.12018
724,2024-4-15,2,22.139,61.8976,10.17592,38.9,402.699,686.345,0,4,15,2024,16,106,420,50,0.33729,50,0.16343
725,2024-4-15,2,22.226,61.1178,10.43931,38.9,311.632,539.584,0,4,15,2024,16.5,106,420,50,0.26541,50,0.14944
726,2024-4-15,2,22.505,60.1564,10.88037,38.9,202.904,341.298,0,4,15,2024,17,106,420,50,0.17684,50,0.10322
727,2024-4-16,2,17.975,69.3055,6.3352,38.6,110.432,186.521,0,4,16,2024,7.5,107,420,50,0.15895,50,0.02607
728,2024-4-16,2,17.136,78.451,4.2182,38.6,156.701,264.938,0,4,16,2024,8,107,420,50,0.20374,50,0.04102
729,2024-4-16,2,16.37,85.3313,2.73501,38.6,184.932,310.602,0,4,16,2024,8.5,107,420,50,0.2276,50,0.05993
730,2024-4-16,2,17.308,78.4698,4.26065,38.6,269.263,443.973,0,4,16,2024,9,107,420,50,0.28642,50,0.0612
731,2024-4-16,2,16.978,88.1069,2.30487,38.4,148.166,253.665,0,4,16,2024,16,107,420,50,0.20318,50,0.05848
732,2024-4-16,2,16.471,90.4357,1.79479,38.4,113.018,191.266,0,4,16,2024,17,107,420,50,0.16983,50,0.04754
733,2024-4-17,2,13.511,99.5796,0.06519,48.5,45.6993,84.9768,0.2,4,17,2024,8.5,108,420,50,0.09255,50,0.02717
734,2024-4-17,2,13.241,99.6724,0.04991,47.8,101.269,184.998,0.1,4,17,2024,9,108,420,50,0.17042,50,0.05415
735,2024-4-17,2,13.675,91.3472,1.35623,42.3,125.843,220.348,0,4,17,2024,17,108,420,50,0.21029,50,0.07038
736,2024-4-18,2,17.108,70.1682,5.8292,41,971.881,1573.85,0,4,18,2024,11,109,420,50,0.57607,50,0.19747
737,2024-4-18,2,17.614,67.9471,6.4668,41,996.948,1621.72,0,4,18,2024,11.5,109,420,50,0.58158,50,0.1974
738,2024-4-18,2,18.495,60.876,8.34298,41,970.413,1580.8,0,4,18,2024,12,109,420,50,0.58242,50,0.12464
739,2024-4-18,2,18.99,54.2572,10.06105,40.9,942.795,1539.37,0,4,18,2024,12.5,109,420,50,0.58004,50,0.13269
740,2024-4-18,2,19.54,46.9637,12.0717,40.8,836.673,1385.96,0,4,18,2024,13.5,109,420,50,0.48879,50,0.11196
741,2024-4-18,2,19.635,46.3456,12.28467,40.7,619.608,1027.97,0,4,18,2024,14.5,109,420,50,0.45812,50,0.08752
742,2024-4-18,2,19.657,47.9652,11.93013,40.7,488.46,804.753,0,4,18,2024,15,109,420,50,0.44824,50,0.09864
743,2024-4-18,2,19.514,52.0141,10.90454,40.7,441.057,732.094,0,4,18,2024,15.5,109,420,50,0.47568,50,0.11391
744,2024-4-19,2,14.147,98.0588,0.31374,40.2,32.9464,64.5381,0.5,4,19,2024,8,110,420,50,0.14411,50,0.026
745,2024-4-19,2,14.252,99.2254,0.12605,40.1,76.4756,142.28,0.6,4,19,2024,8.5,110,420,50,0.27299,50,0.04101
746,2024-4-19,2,14.905,99.5283,0.08007,40.2,128.631,228.084,0.3,4,19,2024,9.5,110,420,50,0.37878,50,0.07541
747,2024-4-19,2,14.739,99.6026,0.06674,40.1,78.614,147.252,0.1,4,19,2024,10,110,420,50,0.2828,50,0.0482
748,2024-4-19,2,14.676,99.6719,0.05488,40.1,84.1663,161.553,0.2,4,19,2024,10.5,110,420,50,0.29735,50,0.05217
749,2024-4-19,2,14.62,99.724,0.04599,40.1,77.5386,153.606,0.3,4,19,2024,11,110,420,50,0.28336,50,0.05066
750,2024-4-19,2,14.615,99.7657,0.03903,40.2,78.9017,158.666,0.5,4,19,2024,11.5,110,420,50,0.28824,50,0.05206
751,2024-4-19,2,15.201,99.9181,0.01417,41.3,52.3449,104.208,1.1,4,19,2024,14.5,110,420,50,0.22331,50,0.04044
752,2024-4-19,2,15.334,99.9173,0.01443,41.4,55.1713,107.867,1.3,4,19,2024,15,110,420,50,0.23341,50,0.0357
753,2024-4-19,2,15.465,99.9118,0.01552,41.4,51.9456,102.688,3,4,19,2024,15.5,110,420,50,0.22447,50,0.04222
754,2024-4-19,2,15.015,99.8868,0.01935,49.3,52.3353,103.295,2.8,4,19,2024,16.5,110,420,50,0.22816,50,0.03359
755,2024-4-19,2,14.97,99.8305,0.02889,48.3,31.658,58.7954,0.8,4,19,2024,17,110,420,50,0.15458,50,0.05142
756,2024-4-20,2,13.949,74.5211,4.06533,42.3,593.979,917.432,0,4,20,2024,8.5,111,420,50,0.7924,50,0.16987
757,2024-4-20,2,14.839,74.4828,4.31292,42.3,681.271,1072.13,0,4,20,2024,9,111,420,50,0.81996,50,0.16232
758,2024-4-20,2,15.336,77.6393,3.90229,42.2,745.376,1190.52,0,4,20,2024,9.5,111,420,50,0.83862,50,0.19862
759,2024-4-20,2,16.008,80.4055,3.57,42.2,659.347,1066.08,0,4,20,2024,10,111,420,50,0.81851,50,0.23039
760,2024-4-20,2,15.487,78.5451,3.78069,41.8,248.16,416.513,0,4,20,2024,16,111,420,50,0.59262,50,0.12782
761,2024-4-20,2,15.205,81.5499,3.19283,41.7,138.77,234.264,0,4,20,2024,16.5,111,420,50,0.43666,50,0.0722
762,2024-4-20,2,14.931,83.1195,2.87012,41.7,105.708,176.738,0,4,20,2024,17,111,420,50,0.36818,50,0.06719
763,2024-4-20,2,14.737,82.6579,2.91193,41.7,70.4916,119.647,0,4,20,2024,17.5,111,420,50,0.27771,50,0.06569
764,2024-4-21,2,13.222,65.6274,5.23064,41.2,68.0265,115.374,0,4,21,2024,7,112,420,50,0.23795,50,0.04635
765,2024-4-21,2,13.041,72.1435,4.18917,41.2,163.671,266.553,0,4,21,2024,7.5,112,420,50,0.44784,50,0.07535
766,2024-4-21,2,13.944,66.5042,5.34275,41.1,191.963,312.57,0,4,21,2024,8,112,420,50,0.49473,50,0.08491
767,2024-4-21,2,14.498,71.3377,4.73896,41.1,257.765,427.276,0,4,21,2024,8.5,112,420,50,0.58934,50,0.11173
768,2024-4-21,2,15.123,71.6778,4.87542,41.1,456.403,738.308,0,4,21,2024,9,112,420,50,0.79095,50,0.13874
769,2024-4-21,2,15.313,72.2997,4.82699,41.1,357.871,595.924,0,4,21,2024,9.5,112,420,50,0.70375,50,0.13035
770,2024-4-21,2,15.263,80.5822,3.37284,41.1,365.217,596.703,0,4,21,2024,10,112,420,50,0.71146,50,0.11914
771,2024-4-21,2,16.228,67.2094,6.05877,41,563.97,928.211,0,4,21,2024,11.5,112,420,50,0.8758,50,0.19162
772,2024-4-21,2,15.853,82.1081,3.22765,40.9,123.514,206.266,0,4,21,2024,15.5,112,420,50,0.35045,50,0.03913
773,2024-4-21,2,15.933,80.0873,3.61062,40.9,116.537,198.239,0,4,21,2024,16,112,420,50,0.33401,50,0.05392
774,2024-4-21,2,16.077,80.3736,3.59161,40.8,109.225,186.571,0,4,21,2024,16.5,112,420,50,0.31638,50,0.0481
775,2024-4-21,2,15.931,81.054,3.4349,40.8,76.1587,133.472,0,4,21,2024,17,112,420,50,0.23511,50,0.03453
776,2024-4-21,2,15.78,81.111,3.39164,40.8,82.4456,131.057,0,4,21,2024,17.5,112,420,50,0.24986,50,0.03453
777,2024-4-22,2,15.021,65.1611,5.95796,40.6,551.927,810.182,0,4,22,2024,8,113,420,50,0.93731,50,0.17057
778,2024-4-22,2,15.832,57.0419,7.73912,40.6,686.683,1042.83,0,4,22,2024,8.5,113,420,50,1.03418,50,0.16782
779,2024-4-22,2,16.125,49.7802,9.21839,40.5,588.765,938.784,0,4,22,2024,9,113,420,50,0.96911,50,0.16466
780,2024-4-22,2,16.316,57.088,7.97353,40.5,524.638,848.089,0,4,22,2024,9.5,113,420,50,0.92032,50,0.20191
781,2024-4-22,2,15.919,67.4414,5.89833,40.5,550.421,897.576,0,4,22,2024,10,113,420,50,0.94312,50,0.20449
782,2024-4-22,2,16.689,60.2057,7.57189,40.5,578.91,949.467,0,4,22,2024,10.5,113,420,50,0.96688,50,0.22516
783,2024-4-22,2,16.787,68.648,6.00278,40.5,741.638,1231.21,0,4,22,2024,11,113,420,50,1.07466,50,0.27126
784,2024-4-22,2,16.415,71.5877,5.31273,40.4,671.184,1110.09,0,4,22,2024,11.5,113,420,50,1.034,50,0.19935
785,2024-4-22,2,17.165,64.7972,6.90358,40.5,760.514,1274.81,0,4,22,2024,12,113,420,50,1.08817,50,0.25414
786,2024-4-22,2,17.849,54.6071,9.29487,40.4,650.734,1084.12,0,4,22,2024,12.5,113,420,50,1.02404,50,0.19396
787,2024-4-22,2,18.296,54.7052,9.5391,40.4,865.08,1459.15,0,4,22,2024,13,113,420,50,1.14362,50,0.25282
788,2024-4-22,2,17.797,70.361,6.04918,40.3,207.168,350.436,0,4,22,2024,14.5,113,420,50,0.55135,50,0.07374
789,2024-4-22,2,17.459,69.5684,6.07991,40.3,232.997,379.099,0,4,22,2024,15.5,113,420,50,0.59988,50,0.10122
790,2024-4-22,2,17.445,72.2559,5.53808,40.2,186.643,311.84,0,4,22,2024,16,113,420,50,0.51842,50,0.07146
791,2024-4-22,2,17.634,73.6539,5.32214,40.2,155.893,256.899,0,4,22,2024,16.5,113,420,50,0.45762,50,0.06108
792,2024-4-22,2,17.757,73.686,5.35704,40.2,156.617,254.719,0,4,22,2024,17,113,420,50,0.46082,50,0.06721
793,2024-4-23,2,14.647,79.8699,3.36048,40.3,433.646,613.968,0,4,23,2024,7.5,114,420,50,0.91896,50,0.15073
794,2024-4-23,2,15.197,78.1446,3.78017,40.3,520.083,759.104,0,4,23,2024,8,114,420,50,0.99686,50,0.15902
795,2024-4-23,2,15.553,82.8462,3.03559,40.3,656.438,981.174,0,4,23,2024,8.5,114,420,50,1.09275,50,0.20446
796,2024-4-23,2,16.526,78.0221,4.13873,40.3,615.936,945.069,0,4,23,2024,9,114,420,50,1.06915,50,0.18675
797,2024-4-23,2,14.731,86.3622,2.28905,40.3,767.359,1216.48,0,4,23,2024,10,114,420,50,1.15737,50,0.27709
798,2024-4-23,2,15.911,82.0933,3.24233,40.3,680.209,1085.89,0,4,23,2024,11,114,420,50,1.11467,50,0.27538
799,2024-4-23,2,15.948,81.2363,3.40555,40.3,945.812,1562.88,0,4,23,2024,12,114,420,50,1.23766,50,0.37473
800,2024-4-23,2,17.558,66.7936,6.67589,40.2,629.011,1049.72,0,4,23,2024,14.5,114,420,50,1.09576,50,0.2893
801,2024-4-23,2,17.571,53.5348,9.34914,40.2,334.325,567.582,0,4,23,2024,16,114,420,50,0.84149,50,0.15093
802,2024-4-23,2,17.342,45.2817,10.8516,40.2,290.262,480.209,0,4,23,2024,16.5,114,420,50,0.72923,50,0.13067
803,2024-4-24,2,14.458,60.2136,6.56119,39.9,596.146,839.661,0,4,24,2024,8,115,420,50,1.10022,50,0.18726
804,2024-4-24,2,15.144,57.8469,7.26611,39.8,691.578,1010.65,0,4,24,2024,8.5,115,420,50,1.15593,50,0.2381
805,2024-4-24,2,14.854,61.0803,6.58458,39.9,783.357,1179.15,0,4,24,2024,9,115,420,50,1.20055,50,0.27798
806,2024-4-24,2,15.716,59.4902,7.24404,39.8,802.76,1231.9,0,4,24,2024,9.5,115,420,50,1.20866,50,0.24645
807,2024-4-24,2,16.206,55.7953,8.15631,39.8,666.574,1046.67,0,4,24,2024,10,115,420,50,1.14023,50,0.28068
808,2024-4-24,2,17.09,50.0071,9.75759,39.7,859.822,1368.98,0,4,24,2024,11,115,420,50,1.23107,50,0.23325
809,2024-4-24,2,17.016,45.6537,10.55766,39.7,758.185,1219.16,0,4,24,2024,11.5,115,420,50,1.17522,50,0.2735
810,2024-4-24,2,17.774,43.8136,11.45077,39.7,575.001,912.303,0,4,24,2024,12,115,420,50,1.0566,50,0.18886
811,2024-4-24,2,18.62,39.3713,13.03034,39.7,520.461,830.37,0,4,24,2024,12.5,115,420,50,0.99349,50,0.15348
812,2024-4-24,2,18.741,30.5958,15.02972,39.6,508.124,822.019,0,4,24,2024,14,115,420,50,0.95051,50,0.14769
813,2024-4-24,2,18.375,30.2393,14.76462,39.6,482.162,785.941,0,4,24,2024,14.5,115,420,50,0.93427,50,0.17441
814,2024-4-24,2,18.962,31.2269,15.10012,39.6,492.808,815.78,0,4,24,2024,15,115,420,50,0.93547,50,0.19263
815,2024-4-24,2,19.007,30.7427,15.2492,39.6,534.795,895.108,0,4,24,2024,15.5,115,420,50,0.95988,50,0.30716
816,2024-4-24,2,18.802,28.3568,15.57386,39.5,274.753,459.606,0,4,24,2024,16,115,420,50,0.71361,50,0.13889
817,2024-4-24,2,18.825,29.5723,15.33166,39.5,324.783,556.651,0,4,24,2024,16.5,115,420,50,0.77632,50,0.20973
818,2024-4-24,2,18.152,36.4577,13.26158,39.4,87.0735,140.406,0,4,24,2024,17.5,115,420,50,0.33993,50,0.044
819,2024-4-25,2,16.549,68.8348,5.87742,39.3,439.719,628.852,0,4,25,2024,7.5,116,420,50,0.93552,50,0.15263
820,2024-4-25,2,16.616,69.618,5.75419,39.3,257.822,410.855,0,4,25,2024,8,116,420,50,0.70339,50,0.1238
821,2024-4-25,2,16.333,70.0071,5.57906,39.3,205.178,335.758,0,4,25,2024,8.5,116,420,50,0.60897,50,0.10601
822,2024-4-25,2,16.726,72.1216,5.31707,39.3,304.237,488.193,0,4,25,2024,9,116,420,50,0.77192,50,0.13925
823,2024-4-25,2,16.45,74.1004,4.8537,39.3,216.368,357.622,0,4,25,2024,9.5,116,420,50,0.62815,50,0.10924
824,2024-4-25,2,16.319,74.6614,4.7091,39.3,206.757,345.27,0,4,25,2024,10,116,420,50,0.60898,50,0.10666
825,2024-4-25,2,16.223,72.2189,5.13152,39.3,260.032,432.526,0,4,25,2024,10.5,116,420,50,0.70187,50,0.12431
826,2024-4-25,2,16.46,71.9132,5.26694,39.3,230.233,388.433,0,4,25,2024,12.5,116,420,50,0.64724,50,0.11105
827,2024-4-25,2,17.244,67.6168,6.38247,39.2,576.585,958.646,0,4,25,2024,13,116,420,50,1.04375,50,0.19699
828,2024-4-25,2,17.924,66.1791,6.95811,39.2,312.417,519.599,0,4,25,2024,13.5,116,420,50,0.77438,50,0.12588
829,2024-4-25,2,18.724,60.0404,8.6442,39.2,543.904,924.496,0,4,25,2024,15,116,420,50,1.01551,50,0.22349
830,2024-4-25,2,18.651,63.4682,7.86668,39.1,356.848,598.816,0,4,25,2024,15.5,116,420,50,0.8287,50,0.18151
831,2024-4-25,2,18.25,66.9102,6.94863,39.1,222.999,375.22,0,4,25,2024,16,116,420,50,0.62711,50,0.10911
832,2024-4-25,2,17.618,68.5149,6.35385,39.1,150.891,252.979,0,4,25,2024,16.5,116,420,50,0.47836,50,0.07993
833,2024-4-25,2,17.482,65.01,7.0008,39.1,163.076,254.228,0,4,25,2024,17,116,420,50,0.50497,50,0.08807
834,2024-4-25,2,17.196,70.4178,5.81273,39.1,80.8556,140.518,0,4,25,2024,17.5,116,420,50,0.2918,50,0.07609
835,2024-4-26,2,17.353,72.3323,5.49081,39,555.237,817.764,0,4,26,2024,8,117,420,50,1.01826,50,0.17915
836,2024-4-26,2,17.858,70.1907,6.10736,39,655.661,995.626,0,4,26,2024,8.5,117,420,50,1.09391,50,0.23954
837,2024-4-26,2,18.018,69.7946,6.25114,39,751.231,1171.23,0,4,26,2024,9,117,420,50,1.15454,50,0.26522
838,2024-4-26,2,18.929,65.6598,7.52436,38.9,812.054,1288.58,0,4,26,2024,9.5,117,420,50,1.18884,50,0.30042
839,2024-4-26,2,19.225,62.2374,8.42842,38.9,917.261,1480.44,0,4,26,2024,10,117,420,50,1.24073,50,0.26085
840,2024-4-26,2,19.272,71.7728,6.31863,38.9,344.863,571.746,0,4,26,2024,12.5,117,420,50,0.80225,50,0.15159
841,2024-4-26,2,21.177,59.7147,10.14461,38.8,736.721,1223.89,0,4,26,2024,13,117,420,50,1.14425,50,0.29413
842,2024-4-26,2,19.944,67.4227,7.60318,38.8,278.373,470.489,0,4,26,2024,13.5,117,420,50,0.70643,50,0.0808
843,2024-4-26,2,20.481,64.7056,8.51533,38.7,233.556,400.533,0,4,26,2024,15,117,420,50,0.63136,50,0.09719
844,2024-4-26,2,21.026,64.2297,8.92454,38.7,394.921,675.804,0,4,26,2024,15.5,117,420,50,0.86676,50,0.28423
845,2024-4-26,2,20.732,62.0708,9.29365,38.8,242.491,425.54,0,4,26,2024,16,117,420,50,0.64741,50,0.177
846,2024-4-26,2,20.486,64.251,8.62767,38.7,117.916,205.285,0,4,26,2024,16.5,117,420,50,0.38234,50,0.06244
847,2024-4-26,2,20.333,67.3781,7.79898,38.7,138.687,217.049,0,4,26,2024,17,117,420,50,0.43415,50,0.12866
848,2024-4-27,2,18.208,79.7248,4.24644,38.6,442.916,620.067,0,4,27,2024,7.5,118,420,50,0.93362,50,0.13929
849,2024-4-27,2,19.496,73.7229,5.96465,38.6,558.907,810.271,0,4,27,2024,8,118,420,50,1.04864,50,0.1681
850,2024-4-27,2,19.625,73.4258,6.08063,38.6,663.094,991.217,0,4,27,2024,8.5,118,420,50,1.13271,50,0.23277
851,2024-4-27,2,20.065,70.8658,6.85073,38.6,753.135,1153.61,0,4,27,2024,9,118,420,50,1.19446,50,0.28107
852,2024-4-27,2,21.851,54.3508,11.97928,38.5,887.02,1453.49,0,4,27,2024,12,118,420,50,1.07209,50,0.28537
853,2024-4-27,2,22.216,51.8451,12.92103,38.4,828.863,1371,0,4,27,2024,12.5,118,420,50,0.96206,50,0.25837
854,2024-4-27,2,22.817,54.0597,12.78484,38.3,646.28,1075.81,0,4,27,2024,14,118,420,50,0.89582,50,0.22588
855,2024-4-27,2,22.647,54.1915,12.6175,38.4,565.762,941.871,0,4,27,2024,14.5,118,420,50,0.86462,50,0.20288
856,2024-4-27,2,22.42,54.7769,12.28581,38.3,325.42,547.523,0,4,27,2024,15,118,420,50,0.68788,50,0.12363
857,2024-4-27,2,22.412,54.1432,12.45191,38.3,271.559,458.863,0,4,27,2024,15.5,118,420,50,0.61573,50,0.12709
858,2024-4-27,2,22.092,58.5863,11.02865,38.3,195.886,323.259,0,4,27,2024,16,118,420,50,0.5388,50,0.08428
859,2024-4-27,2,21.011,67.1644,8.1848,38.3,65.5759,110.804,0,4,27,2024,17.5,118,420,50,0.23085,50,0.04897
860,2024-4-28,2,16.034,99.5564,0.08096,40.1,97.9808,174.89,0,4,28,2024,9,119,420,50,0.36794,50,0.07882
861,2024-4-28,2,16.063,99.5938,0.07427,39.9,91.6644,162.579,0,4,28,2024,9.5,119,420,50,0.34961,50,0.06445
862,2024-4-28,2,16.056,99.6274,0.06809,39.8,101.776,182.793,0,4,28,2024,10,119,420,50,0.38313,50,0.04948
863,2024-4-28,2,15.989,99.6696,0.06012,39.7,109.05,194.36,0.1,4,28,2024,10.5,119,420,50,0.40723,50,0.05676
864,2024-4-28,2,17.043,96.8127,0.62025,39.2,212.974,373.257,0,4,28,2024,13.5,119,420,50,0.69238,50,0.11343
865,2024-4-28,2,15.934,98.1974,0.32687,39.1,28.1116,54.8523,0.2,4,28,2024,16,119,420,50,0.1282,50,0.03335
866,2024-4-29,2,14.912,98.0364,0.33345,38.7,130.819,210.023,0,4,29,2024,7,120,420,50,0.55531,50,0.07242
867,2024-4-29,2,15.546,94.8012,0.91958,38.7,258.469,390.223,0,4,29,2024,7.5,120,420,50,0.89983,50,0.08604
868,2024-4-29,2,15.22,97.4233,0.44633,38.8,93.7309,155.965,0,4,29,2024,8,120,420,50,0.42877,50,0.05532
869,2024-4-29,2,14.645,99.1081,0.14887,38.8,83.6304,145.809,0,4,29,2024,8.5,120,420,50,0.39146,50,0.0492
870,2024-4-29,2,14.543,99.5273,0.07838,38.7,96.8103,169.028,0,4,29,2024,9,120,420,50,0.44362,50,0.06898
871,2024-4-29,2,15.594,97.3649,0.46754,38.7,266.05,437.393,0,4,29,2024,10.5,120,420,50,0.9352,50,0.14425
872,2024-4-29,2,16.535,88.2929,2.20587,38.7,698.702,1134.22,0,4,29,2024,11.5,120,420,50,1.52914,50,0.28515
873,2024-4-29,2,17.389,84.1283,3.157,38.7,680.869,1119.38,0,4,29,2024,12.5,120,420,50,1.5229,50,0.37588
874,2024-4-29,2,18.558,80.1785,4.24354,38.7,513.964,845.395,0,4,29,2024,13,120,420,50,1.35608,50,0.305
875,2024-4-29,2,18.716,77.908,4.77663,38.7,410.681,656.855,0,4,29,2024,13.5,120,420,50,1.22003,50,0.20247
876,2024-4-29,2,18.449,78.8352,4.50029,38.7,554.316,917.362,0,4,29,2024,14,120,420,50,1.41129,50,0.31994
877,2024-4-29,2,18.913,80.6869,4.22751,38.6,496.091,836.661,0,4,29,2024,14.5,120,420,50,1.3464,50,0.28934
878,2024-4-29,2,19.444,74.9666,5.664,38.6,579.367,979.208,0,4,29,2024,15,120,420,50,1.44715,50,0.27488
879,2024-4-29,2,19.033,77.7732,4.90188,38.6,378.724,642.683,0,4,29,2024,15.5,120,420,50,1.18426,50,0.23929
880,2024-4-29,2,18.682,79.8722,4.34269,38.6,270.632,455.169,0,4,29,2024,16,120,420,50,0.98014,50,0.12423
881,2024-4-29,2,18.274,84.7625,3.20459,38.6,147.552,244.438,0,4,29,2024,16.5,120,420,50,0.65087,50,0.06462
882,2024-4-29,2,17.445,90.9608,1.80434,38.6,83.2371,139.432,0,4,29,2024,17,120,420,50,0.41492,50,0.0631
883,2024-4-29,2,16.893,94.8465,0.99337,38.6,32.9981,59.3568,0,4,29,2024,17.5,120,420,50,0.18316,50,0.05912
884,2024-4-30,2,8.882,95.71,0.48913,39.3,52.3517,96.4649,0,4,30,2024,8.5,121,420,50,0.28614,50,0.05708
885,2024-4-30,2,8.782,94.571,0.61481,39.3,93.5805,171.34,0.2,4,30,2024,9,121,420,50,0.46933,50,0.07508
886,2024-4-30,2,8.596,96.7768,0.36044,39.4,111.189,196.669,0.4,4,30,2024,9.5,121,420,50,0.53758,50,0.06289
887,2024-4-30,2,8.846,95.2619,0.5389,39.5,100.417,177.682,0.2,4,30,2024,10,121,420,50,0.49359,50,0.07946
888,2024-4-30,2,8.918,89.7083,1.17628,39.5,123.952,219.913,0,4,30,2024,10.5,121,420,50,0.58145,50,0.09137
889,2024-4-30,2,8.669,89.6135,1.16725,39.6,130.796,235.863,0.3,4,30,2024,11.5,121,420,50,0.60193,50,0.09101
890,2024-4-30,2,8.394,92.7372,0.80111,39.7,163.733,282.852,0.1,4,30,2024,12,121,420,50,0.70977,50,0.13742
891,2024-4-30,2,8.578,92.1961,0.87162,39.7,221.949,390.196,0,4,30,2024,12.5,121,420,50,0.87457,50,0.18135
892,2024-4-30,2,8.647,95.3856,0.5178,39.7,182.618,315.55,0,4,30,2024,13,121,420,50,0.76251,50,0.11383
893,2024-4-30,2,8.341,99.1929,0.0887,39.8,121.381,217.692,0.1,4,30,2024,14,121,420,50,0.55807,50,0.08937
894,2024-4-30,2,8.595,96.0364,0.44321,39.8,127.019,228.071,0,4,30,2024,14.5,121,420,50,0.57616,50,0.05893
895,2024-4-30,2,8.456,96.9551,0.33728,39.8,55.9229,99.97,0.1,4,30,2024,15,121,420,50,0.28869,50,0.07262
896,2024-4-30,2,8.326,98.20385,0.19721,39.9,49.48525,88.9618,0.15,4,30,2024,15.5,121,420,50,0.25778,50,0.07262
897,2024-5-1,2,6.552,93.5038,0.63161,40.5,42.2948,71.486,0,5,1,2024,7,122,420,50,0.1958,50,0.03718
898,2024-5-1,2,7.108,76.5974,2.36418,40.5,120.352,194.715,0,5,1,2024,7.5,122,420,50,0.48494,50,0.08079
899,2024-5-1,2,7.436,65.1438,3.60139,40.5,151.471,248.788,0,5,1,2024,8,122,420,50,0.57913,50,0.09118
900,2024-5-1,2,7.541,52.894,4.90219,40.5,184.528,302.566,0,5,1,2024,8.5,122,420,50,0.66937,50,0.09636
901,2024-5-1,2,7.934,45.7548,5.79883,40.6,306.112,499.619,0,5,1,2024,9,122,420,50,0.943,50,0.15708
902,2024-5-1,2,8.265,44.6878,6.04778,40.5,252.78,424.239,0,5,1,2024,10,122,420,50,0.82664,50,0.12195
903,2024-5-1,2,8.315,46.4058,5.87991,40.5,272.449,459.825,0,5,1,2024,10.5,122,420,50,0.86596,50,0.1168
904,2024-5-1,2,8.336,46.6631,5.86004,40.5,230.112,391.996,0,5,1,2024,11,122,420,50,0.76956,50,0.11203
905,2024-5-1,2,8.557,45.293,6.10152,40.5,382.768,627.196,0,5,1,2024,11.5,122,420,50,1.06285,50,0.16996
906,2024-5-1,2,12.786,53.4216,6.88859,40.4,479.013,794.078,0,5,1,2024,15,122,420,50,1.18039,50,0.19973
907,2024-5-1,2,12.545,59.8973,5.83779,40.4,370.588,613.067,0,5,1,2024,15.5,122,420,50,1.01672,50,0.1951
908,2024-5-1,2,12.448,62.2379,5.46212,40.3,273.543,455.306,0,5,1,2024,16,122,420,50,0.83531,50,0.16372
909,2024-5-1,2,12.197,62.0105,5.40497,40.4,228.613,388.401,0,5,1,2024,16.5,122,420,50,0.73531,50,0.12799
910,2024-5-2,2,10.584,51.3232,6.22279,40.1,95.9816,157.075,0,5,2,2024,7,123,420,50,0.32608,50,0.04071
911,2024-5-2,2,10.836,50.3299,6.4574,40.1,75.7626,129.358,0,5,2,2024,7.5,123,420,50,0.26634,50,0.03554
912,2024-5-2,2,10.956,53.5961,6.08118,40.1,95.6012,163.988,0,5,2,2024,8,123,420,50,0.32895,50,0.04493
913,2024-5-2,2,11.299,55.1033,6.01936,40.1,179.939,301.901,0,5,2,2024,8.5,123,420,50,0.55673,50,0.08086
914,2024-5-2,2,11.632,58.9068,5.63239,40.1,261.824,432.799,0,5,2,2024,9,123,420,50,0.73719,50,0.13115
915,2024-5-2,2,12.207,62.1522,5.38836,40,555.656,900.656,0,5,2,2024,9.5,123,420,50,1.17379,50,0.2072
916,2024-5-2,2,12.148,67.4537,4.6156,40.1,546.481,887.534,0,5,2,2024,10,123,420,50,1.16449,50,0.21393
917,2024-5-2,2,12.404,66.437,4.84071,40.1,709.067,1162.17,0,5,2,2024,10.5,123,420,50,1.32481,50,0.2716
918,2024-5-2,2,13.418,67.5217,5.00604,40,630.307,1034.47,0,5,2,2024,11.5,123,420,50,1.25379,50,0.20057
919,2024-5-2,2,13.063,71.0649,4.35764,40,496.084,817.586,0,5,2,2024,12,123,420,50,1.11038,50,0.2785
920,2024-5-2,2,13.682,70.2999,4.65727,40,540.257,894.902,0,5,2,2024,12.5,123,420,50,1.16248,50,0.25696
921,2024-5-2,2,14.722,66.3007,5.65301,40,681.718,1134.04,0,5,2,2024,13,123,420,50,1.30193,50,0.3121
922,2024-5-2,2,14.559,64.0622,5.96536,39.9,748.487,1285.28,0,5,2,2024,13.5,123,420,50,1.35705,50,0.33406
923,2024-5-2,2,14.917,61.4084,6.55564,40,701.783,1194.19,0,5,2,2024,14,123,420,50,1.31938,50,0.25923
924,2024-5-2,2,15.383,65.0504,6.11769,39.9,440.92,740.53,0,5,2,2024,15,123,420,50,1.04976,50,0.21407
925,2024-5-2,2,15.175,64.2786,6.16974,39.9,143.614,237.051,0,5,2,2024,16,123,420,50,0.50055,50,0.07713
926,2024-5-2,2,14.937,65.5548,5.85883,39.9,178.289,300.165,0,5,2,2024,16.5,123,420,50,0.59157,50,0.11044
927,2024-5-2,2,14.991,65.4512,5.89694,39.9,103.876,175.656,0,5,2,2024,17,123,420,50,0.3907,50,0.06192
928,2024-5-2,2,14.543,64.4908,5.88812,39.9,53.4962,95.0163,0,5,2,2024,17.5,123,420,50,0.22229,50,0.07067
929,2024-5-3,2,12.195,68.7948,4.43914,39.7,124.91,205.956,0,5,3,2024,7,124,420,50,0.51572,50,0.08606
930,2024-5-3,2,12.345,65.0461,5.02179,39.7,120.66,204.055,0,5,3,2024,7.5,124,420,50,0.50489,50,0.06074
931,2024-5-3,2,12.501,66.339,4.88591,39.7,178.932,298.465,0,5,3,2024,8,124,420,50,0.66832,50,0.10015
932,2024-5-3,2,12.475,63.2782,5.32109,39.7,146.566,252.362,0,5,3,2024,8.5,124,420,50,0.58578,50,0.0807
933,2024-5-3,2,12.681,64.5309,5.2096,39.7,172.467,299.803,0,5,3,2024,9,124,420,50,0.65704,50,0.10391
934,2024-5-3,2,12.709,66.0288,4.99877,39.7,121.277,217.69,0,5,3,2024,9.5,124,420,50,0.51564,50,0.08309
935,2024-5-3,2,12.953,63.9976,5.38308,39.6,120.25,215.302,0,5,3,2024,11,124,420,50,0.51904,50,0.08685
936,2024-5-3,2,13.2,66.7803,5.04793,39.6,174.617,322.026,0,5,3,2024,12.5,124,420,50,0.67938,50,0.11059
937,2024-5-3,2,13.109,66.6935,5.0311,39.6,203.253,369.431,0,5,3,2024,13,124,420,50,0.75,50,0.13156
938,2024-5-3,2,13.438,66.4943,5.17114,39.6,224.915,399.479,0,5,3,2024,13.5,124,420,50,0.79923,50,0.14188
939,2024-5-3,2,13.935,66.0794,5.40734,39.6,352.537,604.957,0,5,3,2024,14,124,420,50,1.01541,50,0.2169
940,2024-5-3,2,13.529,68.6838,4.86199,39.6,168.196,295.556,0,5,3,2024,14.5,124,420,50,0.66923,50,0.10027
941,2024-5-3,2,12.984,71.6035,4.25447,39.6,121.655,226.032,0,5,3,2024,15,124,420,50,0.53518,50,0.06954
942,2024-5-3,2,12.05,74.0514,3.65623,39.5,117.418,218.916,0,5,3,2024,15.5,124,420,50,0.52087,50,0.06505
943,2024-5-3,2,11.932,76.6625,3.26281,39.5,144.096,257.716,0.1,5,3,2024,16,124,420,50,0.60095,50,0.10051
944,2024-5-3,2,12.184,76.5221,3.33746,39.6,51.0766,96.8095,0,5,3,2024,16.5,124,420,50,0.26722,50,0.04338
945,2024-5-3,2,12.108,79.3149,2.92576,39.5,37.2404,74.1893,0.1,5,3,2024,17,124,420,50,0.20227,50,0.04771
946,2024-5-5,2,11.478,100.15,-0.02035,41.1,29.1413,53.8031,0,5,5,2024,7,126,420,50,0.14506,50,0.0297
947,2024-5-5,2,11.506,100.147,-0.01998,41.1,63.3764,112.929,0.2,5,5,2024,7.5,126,420,50,0.28533,50,0.05115
948,2024-5-5,2,11.725,100.138,-0.01903,41.1,98.9464,173.373,0.2,5,5,2024,8,126,420,50,0.40512,50,0.0715
949,2024-5-5,2,11.649,100.135,-0.01852,41.2,86.21,153.519,0.8,5,5,2024,8.5,126,420,50,0.36402,50,0.06688
950,2024-5-5,2,11.8,100.128,-0.01774,41.2,102.671,180.654,0.2,5,5,2024,9,126,420,50,0.41512,50,0.07839
951,2024-5-5,2,11.688,100.147,-0.02022,41.2,87.6427,159.715,0.2,5,5,2024,9.5,126,420,50,0.36751,50,0.06837
952,2024-5-5,2,11.642,100.136,-0.01865,41.2,94.8564,175.173,0.6,5,5,2024,10,126,420,50,0.38984,50,0.07066
953,2024-5-5,2,11.581,100.151,-0.02063,41.2,73.2642,136.478,0.7,5,5,2024,10.5,126,420,50,0.31803,50,0.05257
954,2024-5-5,2,11.673,100.142,-0.01952,41.2,87.5714,156.846,0.1,5,5,2024,11,126,420,50,0.36548,50,0.06247
955,2024-5-5,2,11.803,100.133,-0.01844,41.2,177.849,304.938,0,5,5,2024,11.5,126,420,50,0.60077,50,0.111
956,2024-5-5,2,11.907,100.119,-0.01661,41.2,165.494,293.031,0,5,5,2024,12,126,420,50,0.57292,50,0.10104
957,2024-5-5,2,12.233,99.5864,0.05898,41.1,256.376,426.885,0,5,5,2024,15,126,420,50,0.73441,50,0.15552
958,2024-5-5,2,12.332,96.5129,0.50056,41.1,123.24,204.454,0,5,5,2024,16,126,420,50,0.46305,50,0.08804
959,2024-5-5,2,12.581,89.5619,1.52308,41.1,93.473,155.754,0,5,5,2024,17,126,420,50,0.37668,50,0.069
960,2024-5-6,2,14.556,83.6073,2.72052,40.6,473.764,676.048,0,5,6,2024,7.5,127,420,50,0.91455,50,0.131
961,2024-5-6,2,15.265,82.4765,3.0442,40.7,569.334,838.486,0,5,6,2024,8,127,420,50,0.97515,50,0.16407
962,2024-5-6,2,15.063,85.6656,2.45803,40.7,595.038,903.299,0,5,6,2024,8.5,127,420,50,0.98762,50,0.16588
963,2024-5-6,2,15.725,84.2558,2.81703,40.6,595.743,921.495,0,5,6,2024,9,127,420,50,0.98599,50,0.15518
964,2024-5-6,2,15.746,86.0189,2.50494,40.6,630.75,994.166,0,5,6,2024,9.5,127,420,50,1.00225,50,0.23039
965,2024-5-6,2,15.934,86.9534,2.3658,40.6,680.358,1082.09,0,5,6,2024,10,127,420,50,1.02377,50,0.21526
966,2024-5-6,2,16.652,86.4731,2.56779,40.6,598.549,960.077,0,5,6,2024,10.5,127,420,50,0.98145,50,0.2207
967,2024-5-6,2,19.961,72.6073,6.39989,40.3,668.252,1123.44,0,5,6,2024,15,127,420,50,0.99714,50,0.31636
968,2024-5-6,2,20.268,65.6564,8.17769,40.4,565.676,958.028,0,5,6,2024,15.5,127,420,50,0.94337,50,0.2945
969,2024-5-6,2,19.837,70.9113,6.74412,40.3,444.137,755.396,0,5,6,2024,16,127,420,50,0.86168,50,0.26438
970,2024-5-6,2,19.4,73.7544,5.92204,40.3,276.681,475.833,0,5,6,2024,16.5,127,420,50,0.69271,50,0.19725
971,2024-5-6,2,19.057,75.3992,5.43357,40.2,89.4893,140.823,0,5,6,2024,17.5,127,420,50,0.32959,50,0.05975
972,2024-5-7,2,19.273,58.6568,9.25521,40,495.687,742.512,0,5,7,2024,8,128,420,50,0.82973,50,0.14584
973,2024-5-7,2,19.331,56.7391,9.71955,40,614.982,936.488,0,5,7,2024,8.5,128,420,50,0.91755,50,0.17271
974,2024-5-7,2,19.832,66.0459,7.8697,39.9,758.297,1172.54,0,5,7,2024,9,128,420,50,1.00408,50,0.20753
975,2024-5-7,2,20.639,62.4743,9.14227,39.9,829.555,1301.97,0,5,7,2024,9.5,128,420,50,1.04106,50,0.2346
976,2024-5-7,2,20.746,64.7683,8.64013,39.9,892.003,1417.8,0,5,7,2024,10,128,420,50,1.0712,50,0.25759
977,2024-5-7,2,21.298,64.3635,9.04077,39.9,647.927,1029.85,0,5,7,2024,10.5,128,420,50,0.934,50,0.18054
978,2024-5-7,2,21.597,55.7945,11.42183,39.7,984.742,1650.05,0,5,7,2024,13,128,420,50,0.96212,50,0.44055
979,2024-5-7,2,21.783,50.5441,12.92448,39.7,892.57,1496.91,0,5,7,2024,13.5,128,420,50,0.79099,50,0.37977
980,2024-5-7,2,21.828,49.1391,13.32821,39.7,840.271,1415.51,0,5,7,2024,14,128,420,50,0.74289,50,0.37497
981,2024-5-7,2,21.796,50.4615,12.95634,39.7,769.243,1302.25,0,5,7,2024,14.5,128,420,50,0.75182,50,0.32221
982,2024-5-7,2,21.899,48.7092,13.49922,39.7,681.962,1156.13,0,5,7,2024,15,128,420,50,0.68075,50,0.32165
983,2024-5-7,2,21.362,49.1992,12.93851,39.7,365.836,623.293,0,5,7,2024,16.5,128,420,50,0.54069,50,0.24709
984,2024-5-7,2,21.073,51.0892,12.23831,39.6,221.077,352.705,0,5,7,2024,17,128,420,50,0.41603,50,0.16774
985,2024-5-7,2,20.375,54.9873,10.78922,39.6,80.3002,129.692,0,5,7,2024,17.5,128,420,50,0.19823,50,0.05187
986,2024-5-8,2,20.48,32.3829,16.31268,39.1,503.626,841.503,0,5,8,2024,15.5,129,420,50,0.49586,50,0.28573
987,2024-5-8,2,20.422,33.6753,15.94373,39.1,477.833,801.015,0,5,8,2024,16,129,420,50,0.49475,50,0.25488
988,2024-5-8,2,20.025,35.9256,15.02945,39.1,323.541,545.08,0,5,8,2024,16.5,129,420,50,0.41942,50,0.15313
989,2024-5-8,2,19.467,44.2264,12.63727,39.1,250.129,385.651,0,5,8,2024,17,129,420,50,0.38742,50,0.11792
990,2024-5-8,2,18.944,48.7742,11.23472,39.1,123.545,145.072,0,5,8,2024,17.5,129,420,50,0.2288,50,0.09276
991,2024-5-9,2,18.105,24.4958,15.71162,38.9,132.625,207.276,0,5,9,2024,7,130,420,50,0.2143,50,0.05898
992,2024-5-9,2,17.9,33.5248,13.65556,38.9,181.657,283.694,0,5,9,2024,7.5,130,420,50,0.2813,50,0.0769
993,2024-5-9,2,18.149,31.7443,14.24261,38.9,245.934,380.118,0,5,9,2024,8,130,420,50,0.34914,50,0.11157
994,2024-5-9,2,18.135,33.8124,13.79892,38.9,238.291,380.859,0,5,9,2024,8.5,130,420,50,0.34288,50,0.09328
995,2024-5-9,2,18.305,30.8777,14.5654,38.9,319.492,506.089,0,5,9,2024,9,130,420,50,0.41492,50,0.12987
996,2024-5-11,2,17.029,99.8565,0.0279,42.1,130.257,222.415,0,5,11,2024,15,132,420,50,0.17708,50,0.0436
997,2024-5-12,2,19.188,43.4958,12.58241,40.3,234.605,349.016,0,5,12,2024,17,133,420,50,0.29919,50,0.14268
998,2024-5-13,2,18.793,35.0623,14.10828,39.7,1043.71,1697.54,0,5,13,2024,11.5,134,420,50,0.74134,50,0.47374
999,2024-5-13,2,20.844,37.9198,15.31646,39.6,782.262,1321.59,0,5,13,2024,14.5,134,420,50,0.61733,50,0.3456
1000,2024-5-13,2,21.438,37.133,16.08635,39.5,695.298,1181.17,0,5,13,2024,15,134,420,50,0.56221,50,0.31888
1001,2024-5-13,2,21.827,36.6312,16.60492,39.5,600.049,1025,0,5,13,2024,15.5,134,420,50,0.51107,50,0.31854
1002,2024-5-13,2,21.611,36.9794,16.29723,39.5,497.235,855.457,0,5,13,2024,16,134,420,50,0.47274,50,0.29104
1003,2024-5-13,2,21.245,37.5823,15.78365,39.5,389.796,671.885,0,5,13,2024,16.5,134,420,50,0.4227,50,0.24718
1004,2024-5-13,2,21.111,36.5785,15.90619,39.4,212.78,310.453,0,5,13,2024,17,134,420,50,0.28303,50,0.19134
1005,2024-5-14,2,21.516,38.9111,15.70617,39,977.721,1623.44,0,5,14,2024,13,135,420,50,0.67564,50,0.43377
1006,2024-5-14,2,21.749,38.1077,16.14098,39,895.853,1320.64,0,5,14,2024,13.5,135,420,50,0.63742,50,0.40678
1007,2024-5-14,2,22.157,35.8181,17.1597,39,867.159,1042.78,0,5,14,2024,14,135,420,50,0.58957,50,0.39433
1008,2024-5-14,2,22.171,33.83,17.70633,39,797.308,1338.6,0,5,14,2024,14.5,135,420,50,0.55335,50,0.34724
1009,2024-5-14,2,22.195,36.3287,17.06261,38.9,708.739,1197.09,0,5,14,2024,15,135,420,50,0.55369,50,0.33697
1010,2024-5-14,2,22.277,36.921,16.98842,38.9,612.011,1038.26,0,5,14,2024,15.5,135,420,50,0.52514,50,0.31673
1011,2024-5-14,2,22.42,36.0432,17.37521,38.9,502.707,859.015,0,5,14,2024,16,135,420,50,0.472,50,0.27394
1012,2024-5-14,2,22.16,36.2133,17.05716,38.9,389.503,667.778,0,5,14,2024,16.5,135,420,50,0.42333,50,0.23992
1013,2024-5-14,2,22.075,36.4127,16.91605,38.8,224.784,293.011,0,5,14,2024,17,135,420,50,0.30654,50,0.16213
1014,2024-5-14,2,21.487,38.51,15.78127,38.8,151.924,165.118,0,5,14,2024,17.5,135,420,50,0.2391,50,0.14034
1015,2024-5-15,2,20.423,51.3124,11.70469,38.6,441.614,667.492,0,5,15,2024,8.5,136,420,50,0.58422,50,0.15051
1016,2024-5-16,2,19.065,31.6492,15.10415,38,628.526,903.493,0,5,16,2024,8,137,420,50,0.66898,50,0.20881
1017,2024-5-16,2,19.455,36.4945,14.37845,38,717.463,1059.93,0,5,16,2024,8.5,137,420,50,0.72665,50,0.25387
1018,2024-5-16,2,19.475,39.5795,13.69699,38,794.326,1200.58,0,5,16,2024,9,137,420,50,0.77648,50,0.28435
1019,2024-5-16,2,18.938,39.6214,13.23714,38,854.686,1314.82,0,5,16,2024,9.5,137,420,50,0.81315,50,0.30897
1020,2024-5-16,2,18.903,42.8657,12.49852,38,917.498,1434.27,0,5,16,2024,10,137,420,50,0.85795,50,0.37841
1021,2024-5-16,2,19.41,42.1128,13.06977,38,995.123,1588.1,0,5,16,2024,10.5,137,420,50,0.86785,50,0.36371
1022,2024-5-16,2,19.748,44.7878,12.73031,37.9,1026.32,1651.06,0,5,16,2024,11,137,420,50,0.88892,50,0.40713
1023,2024-5-16,2,19.987,47.0773,12.38451,37.9,1022.72,1661.58,0,5,16,2024,11.5,137,420,50,0.8995,50,0.3907
1024,2024-5-16,2,20.116,48.2263,12.21275,37.9,1005.22,1640.69,0,5,16,2024,12,137,420,50,0.90019,50,0.42678
1025,2024-5-16,2,20.775,46.6459,13.1078,37.8,965.972,1596.55,0,5,16,2024,13,137,420,50,0.86475,50,0.41325
1026,2024-5-16,2,21.387,36.1976,16.2748,37.8,890.566,1271.1,0,5,16,2024,13.5,137,420,50,0.76324,50,0.33546
1027,2024-5-16,2,21.495,41.8965,14.91943,37.8,846.05,1054.25,0,5,16,2024,14,137,420,50,0.78388,50,0.32347
1028,2024-5-16,2,21.538,42.2671,14.86332,37.8,744.03,1247.34,0,5,16,2024,14.5,137,420,50,0.75043,50,0.2818
1029,2024-5-16,2,21.43,41.6299,14.92838,37.7,666.47,1117.68,0,5,16,2024,15,137,420,50,0.71884,50,0.28573
1030,2024-5-16,2,21.333,41.0009,14.99987,37.7,584.89,984.289,0,5,16,2024,15.5,137,420,50,0.68053,50,0.30298
1031,2024-5-16,2,20.998,48.3491,12.86454,37.7,487.852,823.209,0,5,16,2024,16,137,420,50,0.65582,50,0.28619
1032,2024-5-16,2,20.528,56.187,10.60125,37.6,359.945,597.775,0,5,16,2024,16.5,137,420,50,0.57661,50,0.23917
1033,2024-5-16,2,20.068,60.5164,9.28605,37.7,231.745,270.17,0,5,16,2024,17,137,420,50,0.43535,50,0.15394
1034,2024-5-16,2,19.723,63.5567,8.38973,37.7,156.789,190.812,0,5,16,2024,17.5,137,420,50,0.32625,50,0.13101
1035,2024-5-17,2,22.248,60.1681,10.70861,37.4,1020.82,1688.82,0,5,17,2024,11.5,138,420,50,0.96592,50,0.46589
1036,2024-5-17,2,22.533,56.6331,11.86265,37.4,1024.75,1707.79,0,5,17,2024,12,138,420,50,0.95744,50,0.47712
1037,2024-5-17,2,22.441,55.5573,12.0892,37.3,1002.91,1680.85,0,5,17,2024,12.5,138,420,50,0.95021,50,0.45142
1038,2024-5-17,2,22.878,54.125,12.81391,37.4,959.473,1608.86,0,5,17,2024,13,138,420,50,0.933,50,0.4279
1039,2024-5-17,2,22.94,51.8153,13.50966,37.3,879.389,1300.95,0,5,17,2024,13.5,138,420,50,0.90422,50,0.39149
1040,2024-5-17,2,23.014,49.3251,14.27158,37.3,846.215,1084.06,0,5,17,2024,14,138,420,50,0.89008,50,0.37603
1041,2024-5-17,2,23.252,50.26,14.21116,37.3,762.377,1288.5,0,5,17,2024,14.5,138,420,50,0.8608,50,0.34123
1042,2024-5-17,2,23.413,50.8806,14.1708,37.2,670.847,1134.23,0,5,17,2024,15,138,420,50,0.82293,50,0.31339
1043,2024-5-17,2,23.408,50.3222,14.32758,37.2,575.915,975.561,0,5,17,2024,15.5,138,420,50,0.7751,50,0.30467
1044,2024-5-17,2,23.396,52.14,13.79333,37.2,473.24,799.442,0,5,17,2024,16,138,420,50,0.71333,50,0.27506
1045,2024-5-17,2,23.016,56.7027,12.1953,37.2,363.462,599.678,0,5,17,2024,16.5,138,420,50,0.62888,50,0.23983
1046,2024-5-17,2,22.576,59.757,11.0369,37.1,229.069,226.211,0,5,17,2024,17,138,420,50,0.48031,50,0.18419
1047,2024-5-17,2,22.33,59.6513,10.90178,37.1,153.995,184.577,0,5,17,2024,17.5,138,420,50,0.36605,50,0.14926
1048,2024-5-18,2,21,73.3006,6.65076,37,351.185,482.623,0,5,18,2024,7,139,420,50,0.66783,50,0.10706
1049,2024-5-18,2,20.901,73.716,6.50757,37,468.815,664.89,0,5,18,2024,7.5,139,420,50,0.77661,50,0.12589
1050,2024-5-18,2,21.118,72.7667,6.83308,37,586.648,855.784,0,5,18,2024,8,139,420,50,0.86154,50,0.17198
1051,2024-5-18,2,22.293,68.3711,8.52658,37,687.192,1026.78,0,5,18,2024,8.5,139,420,50,0.92121,50,0.2079
1052,2024-5-18,2,22.28,65.139,9.39047,37,753.734,1154.61,0,5,18,2024,9,139,420,50,0.95675,50,0.23731
1053,2024-5-18,2,22.969,64.4871,9.97432,36.9,813.559,1267.42,0,5,18,2024,9.5,139,420,50,0.98632,50,0.23418
1054,2024-5-18,2,22.949,62.8905,10.41014,37,873.379,1384.26,0,5,18,2024,10,139,420,50,1.00586,50,0.30467
1055,2024-5-18,2,23.048,60.1448,11.24752,36.9,925.987,1485.64,0,5,18,2024,10.5,139,420,50,1.01112,50,0.32861
1056,2024-5-18,2,24.025,47.7511,15.63879,36.9,923.303,1503.75,0,5,18,2024,11.5,139,420,50,0.92817,50,0.37646
1057,2024-5-18,2,24.359,46.1638,16.43964,36.8,996.648,1645.9,0,5,18,2024,12,139,420,50,0.93247,50,0.40165
1058,2024-5-18,2,24.75,51.0957,15.28662,36.7,538.14,890.18,0,5,18,2024,15,139,420,50,0.77471,50,0.22142
1059,2024-5-18,2,24.579,52.0463,14.83723,36.6,415.66,683.034,0,5,18,2024,15.5,139,420,50,0.6987,50,0.1964
1060,2024-5-18,2,24.364,56.4949,13.28887,36.6,216.819,361.538,0,5,18,2024,16,139,420,50,0.50027,50,0.09423
1061,2024-5-18,2,24.154,59.1048,12.33554,36.6,202.431,333.135,0,5,18,2024,16.5,139,420,50,0.48555,50,0.09796
1062,2024-5-18,2,23.313,65.6515,9.84986,36.6,54.6766,93.1457,0,5,18,2024,17.5,139,420,50,0.17621,50,0.05355
1063,2024-5-19,2,20.957,71.4238,7.09949,36.5,164.149,261.912,0,5,19,2024,7.5,140,420,50,0.46301,50,0.08173
1064,2024-5-19,2,21.113,70.0719,7.50693,36.5,240.221,382.333,0,5,19,2024,8,140,420,50,0.6062,50,0.10844
1065,2024-5-19,2,21.211,69.6359,7.66222,36.5,258.277,418.351,0,5,19,2024,8.5,140,420,50,0.63712,50,0.11188
1066,2024-5-19,2,21.389,68.2664,8.09564,36.5,272.451,441.34,0,5,19,2024,9,140,420,50,0.66087,50,0.12649
1067,2024-5-19,2,21.387,67.2732,8.34799,36.5,221.682,368.688,0,5,19,2024,9.5,140,420,50,0.57855,50,0.10301
1068,2024-5-19,2,21.832,66.2206,8.85413,36.4,497.869,809.056,0,5,19,2024,10,140,420,50,0.93162,50,0.17632
1069,2024-5-19,2,22.582,59.0178,11.24372,36.5,464.219,746.691,0,5,19,2024,10.5,140,420,50,0.86139,50,0.15441
1070,2024-5-19,2,22.782,58.5135,11.52093,36.4,477.484,779.793,0,5,19,2024,11.5,140,420,50,0.86721,50,0.24229
1071,2024-5-19,2,23.927,53.5051,13.83493,36.3,637.094,1063.2,0,5,19,2024,13,140,420,50,0.88446,50,0.21076
1072,2024-5-19,2,24.351,52.1293,14.61099,36.3,836.86,1323.22,0,5,19,2024,13.5,140,420,50,0.9273,50,0.35642
1073,2024-5-19,2,24.457,50.3941,15.23692,36.3,612.584,904.258,0,5,19,2024,14,140,420,50,0.81331,50,0.33007
1074,2024-5-19,2,24.257,50.895,14.90361,36.2,479.454,794.693,0,5,19,2024,14.5,140,420,50,0.75481,50,0.28175
1075,2024-5-19,2,23.93,52.3778,14.17292,36.2,480.964,803.497,0,5,19,2024,15,140,420,50,0.78279,50,0.2017
1076,2024-5-19,2,24.063,53.2829,14.01496,36.2,446.199,751.686,0,5,19,2024,15.5,140,420,50,0.76431,50,0.24396
1077,2024-5-19,2,24.098,55.3867,13.41195,36.2,320.305,541.605,0,5,19,2024,16,140,420,50,0.66857,50,0.23533
1078,2024-5-19,2,23.452,57.8854,12.17853,36.1,134.845,239.005,0,5,19,2024,16.5,140,420,50,0.39749,50,0.09793
1079,2024-5-19,2,23.049,64.6979,9.9632,36.1,62.637,107.297,0,5,19,2024,17,140,420,50,0.21864,50,0.09282
1080,2024-5-24,2,21.67,84.8059,3.94341,38.7,661.15,1036.99,0,5,24,2024,9.5,145,420,50,0.7966,50,0.23815
1081,2024-5-24,2,22.356,80.707,5.221,38.7,821.01,1294.35,0,5,24,2024,10,145,420,50,0.86791,50,0.27704
1082,2024-5-24,2,22.983,73.6761,7.39972,38.7,320.249,514.714,0,5,24,2024,11.5,145,420,50,0.54837,50,0.1118
1083,2024-5-24,2,23.757,69.6513,8.93873,38.6,744.261,1215.67,0,5,24,2024,12,145,420,50,0.83295,50,0.40791
1084,2024-5-24,2,24.749,59.1067,12.78176,38.6,970.891,1607.04,0,5,24,2024,13,145,420,50,0.86713,50,0.34705
1085,2024-5-24,2,24.934,59.1145,12.92106,38.5,829.662,1385.93,0,5,24,2024,13.5,145,420,50,0.82064,50,0.32226
1086,2024-5-24,2,25.538,59.2969,13.33362,38.4,625.122,1045.02,0,5,24,2024,14.5,145,420,50,0.73171,50,0.27413
1087,2024-5-24,2,25.322,60.8296,12.66808,38.5,523.054,875.861,0,5,24,2024,15,145,420,50,0.68462,50,0.25205
1088,2024-5-24,2,25.166,63.0615,11.83601,38.5,456.154,779.296,0,5,24,2024,15.5,145,420,50,0.64932,50,0.32545
1089,2024-5-24,2,25.342,62.0332,12.29342,38.4,458.601,772.124,0,5,24,2024,16,145,420,50,0.64674,50,0.29218
1090,2024-5-24,2,24.981,64.401,11.2819,38.4,376.026,624.114,0,5,24,2024,16.5,145,420,50,0.59167,50,0.30668
1091,2024-5-24,2,24.71,66.787,10.35705,38.4,129.775,207.2,0,5,24,2024,17,145,420,50,0.29399,50,0.12269
1092,2024-5-24,2,23.356,75.658,6.9985,38.3,58.2501,92.2206,0,5,24,2024,17.5,145,420,50,0.151,50,0.10579
1093,2024-5-25,2,22.525,82.4145,4.80803,38.1,975.562,1545.59,0,5,25,2024,10,146,420,50,0.87538,50,0.44396
1094,2024-5-25,2,23.15,78.9442,5.97889,38.1,1036.97,1660.4,0,5,25,2024,10.5,146,420,50,0.88976,50,0.43084
1095,2024-5-25,2,23.328,77.2481,6.5303,38,934.726,1512.39,0,5,25,2024,11,146,420,50,0.86246,50,0.38077
1096,2024-5-25,2,23.635,74.2652,7.52436,38,907.1,1481.64,0,5,25,2024,11.5,146,420,50,0.85377,50,0.41921
1097,2024-5-25,2,24.386,72.1006,8.53325,38,1027.27,1686.01,0,5,25,2024,12,146,420,50,0.8843,50,0.37807
1098,2024-5-25,2,24.414,72.0308,8.56894,38,924.555,1523.68,0,5,25,2024,12.5,146,420,50,0.85686,50,0.37693
1099,2024-5-25,2,25.155,66.2139,10.81883,37.9,797.058,1336.72,0,5,25,2024,13.5,146,420,50,0.80712,50,0.31061
1100,2024-5-25,2,25.297,66.1258,10.93898,37.9,687.952,1073.92,0,5,25,2024,14,146,420,50,0.76586,50,0.24556
1101,2024-5-25,2,25.27,66.5126,10.79674,37.9,439.732,753.175,0,5,25,2024,14.5,146,420,50,0.63869,50,0.22193
1102,2024-5-25,2,25.489,67.6877,10.55422,37.9,560.505,937.802,0,5,25,2024,15,146,420,50,0.71108,50,0.30518
1103,2024-5-25,2,24.923,70.0509,9.45862,37.9,114.711,204.517,0,5,25,2024,15.5,146,420,50,0.27835,50,0.08907
1104,2024-5-25,2,24.987,69.0036,9.82678,37.8,282.957,481.145,0,5,25,2024,16,146,420,50,0.51218,50,0.21276
1105,2024-5-25,2,25.03,68.841,9.90365,37.8,260.692,433.328,0,5,25,2024,16.5,146,420,50,0.48842,50,0.19393
1106,2024-5-25,2,24.133,76.968,6.93858,37.8,107.493,171.363,0,5,25,2024,17,146,420,50,0.26545,50,0.07534
1107,2024-5-26,2,21.976,82.4483,4.64117,37.6,117.757,189.683,0,5,26,2024,7,147,420,50,0.28535,50,0.07021
1108,2024-5-26,2,21.609,87.1455,3.32379,37.6,139.454,227.671,0,5,26,2024,7.5,147,420,50,0.32408,50,0.06998
1109,2024-5-26,2,21.784,86.9683,3.40583,37.6,138.101,221.923,0,5,26,2024,8,147,420,50,0.32171,50,0.08666
1110,2024-5-26,2,22.113,84.6245,4.0998,37.6,240.314,382.667,0,5,26,2024,8.5,147,420,50,0.47011,50,0.10447
1111,2024-5-26,2,21.953,88.2954,3.0907,37.6,172.65,281.336,0,5,26,2024,9,147,420,50,0.37778,50,0.098
1112,2024-5-26,2,22.732,87.0937,3.57328,37.6,342.998,549.564,0,5,26,2024,10.5,147,420,50,0.57998,50,0.12587
1113,2024-5-26,2,23.444,83.2912,4.82946,37.6,381.447,630.255,0,5,26,2024,11.5,147,420,50,0.61463,50,0.15251
1114,2024-5-26,2,24.148,76.6576,7.03842,37.5,336.904,568.531,0,5,26,2024,13,147,420,50,0.57631,50,0.18243
1115,2024-5-26,2,23.758,81.0887,5.57036,37.5,223.639,380.368,0,5,26,2024,13.5,147,420,50,0.45046,50,0.11084
1116,2024-5-26,2,24.151,79.085,6.30762,37.4,265.81,449.723,0,5,26,2024,15,147,420,50,0.50298,50,0.17311
1117,2024-5-26,2,23.675,81.8356,5.32372,37.4,68.3224,124.43,0,5,26,2024,16,147,420,50,0.18162,50,0.05788
1118,2024-5-27,2,17.874,98.7662,0.25304,41.5,87.4902,152.002,0,5,27,2024,7,148,420,50,0.22093,50,0.0561
1119,2024-5-27,2,18.206,95.9806,0.84172,41.5,143.207,242.767,0,5,27,2024,7.5,148,420,50,0.32895,50,0.08702
1120,2024-5-27,2,17.95,98.6418,0.27989,41.5,172.398,290.025,0,5,27,2024,8,148,420,50,0.37827,50,0.05808
1121,2024-5-27,2,15.973,98.9818,0.1851,40.9,240.277,406.305,0,5,27,2024,9.5,148,420,50,0.47827,50,0.07106
1122,2024-5-28,2,20.066,40.8568,13.90803,38.9,1062.88,1715.61,0,5,28,2024,11.5,149,420,50,0.94976,50,0.54043
1123,2024-5-28,2,20.271,39.3677,14.44008,38.9,1065.57,1732.3,0,5,28,2024,12,149,420,50,0.92284,50,0.54523
1124,2024-5-28,2,20.54,38.811,14.81661,38.9,1051.2,1720.46,0,5,28,2024,12.5,149,420,50,0.89968,50,0.49478
1125,2024-5-28,2,20.739,39.4073,14.8532,38.8,1000.89,1644.78,0,5,28,2024,13,149,420,50,0.88559,50,0.43752
1126,2024-5-28,2,20.665,39.6464,14.72733,38.8,930.998,1533.51,0,5,28,2024,13.5,149,420,50,0.87384,50,0.26226
1127,2024-5-28,2,20.985,40.4608,14.81742,38.8,631.771,1097.34,0,5,28,2024,14,149,420,50,0.76149,50,0.32052
1128,2024-5-28,2,20.703,42.6167,14.03533,38.7,685.573,1111.63,0,5,28,2024,14.5,149,420,50,0.8224,50,0.33408
1129,2024-5-28,2,20.045,44.6268,13.00457,38.7,431.455,694.045,0,5,28,2024,15,149,420,50,0.7091,50,0.16448
1130,2024-5-28,2,19.745,46.5903,12.31241,38.6,355.302,569.763,0,5,28,2024,15.5,149,420,50,0.66116,50,0.15459
1131,2024-5-28,2,19.336,47.1616,11.87505,38.6,313.15,505.405,0,5,28,2024,16,149,420,50,0.62736,50,0.11983
1132,2024-5-28,2,18.905,47.3007,11.52978,38.6,147.706,168.377,0,5,28,2024,17.5,149,420,50,0.38043,50,0.11674
1133,2024-5-29,2,17.817,42.7485,11.69949,38.3,763.158,1140.82,0,5,29,2024,8.5,150,420,50,1.14354,50,0.30288
1134,2024-5-29,2,18.348,43.3454,11.97047,38.2,847.081,1292.86,0,5,29,2024,9,150,420,50,1.16262,50,0.29515
1135,2024-5-29,2,18.688,42.7606,12.35437,38.2,915.578,1425.71,0,5,29,2024,9.5,150,420,50,1.15189,50,0.36429
1136,2024-5-29,2,18.453,42.2208,12.28872,38.2,921.773,1455.6,0,5,29,2024,10,150,420,50,1.16623,50,0.49214
1137,2024-5-29,2,19.265,37.2282,14.04529,38.2,1011.42,1622.82,0,5,29,2024,10.5,150,420,50,0.98801,50,0.58659
1138,2024-5-29,2,19.62,41.3105,13.42499,38.1,1036.17,1690.67,0,5,29,2024,11,150,420,50,1.07004,50,0.50249
1139,2024-5-29,2,19.886,39.2236,14.13367,38.1,1057.5,1749.16,0,5,29,2024,11.5,150,420,50,0.99105,50,0.50777
1140,2024-5-29,2,20.156,38.9737,14.43097,38.1,1014.64,1694.1,0,5,29,2024,12,150,420,50,0.94773,50,0.38001
1141,2024-5-29,2,20.398,38.6722,14.72071,38.1,891.953,1493.25,0,5,29,2024,12.5,150,420,50,0.88727,50,0.31979
1142,2024-5-29,2,20.919,39.6525,14.95779,38,849.137,1423.4,0,5,29,2024,13,150,420,50,0.85207,50,0.25767
1143,2024-5-29,2,20.995,39.9748,14.94755,38,680.727,1141.2,0,5,29,2024,13.5,150,420,50,0.80285,50,0.34227
1144,2024-5-29,2,21.249,46.9323,13.42259,38,492.044,815.462,0,5,29,2024,14.5,150,420,50,0.8435,50,0.27317
1145,2024-5-29,2,21.448,49.0424,13.04697,37.9,441.713,727.004,0,5,29,2024,15,150,420,50,0.83526,50,0.21443
1146,2024-5-29,2,21.055,53.0903,11.72464,37.9,267.749,459.39,0,5,29,2024,16,150,420,50,0.70544,50,0.12699
1147,2024-5-29,2,21.231,53.856,11.65848,37.9,383.504,623.565,0,5,29,2024,16.5,150,420,50,0.8825,50,0.22239
1148,2024-5-29,2,21.134,55.1325,11.26872,37.8,142.177,221.083,0,5,29,2024,17,150,420,50,0.46233,50,0.08068
1149,2024-5-29,2,20.977,54.9315,11.21061,37.8,85.0777,143.512,0,5,29,2024,17.5,150,420,50,0.30464,50,0.09015
1150,2024-5-29,2,20.726,56.1975,10.72879,37.8,59.3274,100.654,0,5,29,2024,18,150,420,50,0.22467,50,0.0943
1151,2024-5-30,2,14.67,99.5747,0.0711,39.1,33.8686,63.9759,0.8,5,30,2024,7,151,420,50,0.13972,50,0.04548
1152,2024-5-30,2,14.668,99.6159,0.06421,39.7,58.6421,107.667,0.3,5,30,2024,7.5,151,420,50,0.23375,50,0.04441
1153,2024-5-30,2,14.622,99.6565,0.05725,40,74.7504,135.551,0.4,5,30,2024,8,151,420,50,0.29164,50,0.0596
1154,2024-5-30,2,14.6,99.6834,0.05269,40.1,107.972,199.53,0.7,5,30,2024,8.5,151,420,50,0.40338,50,0.08577
1155,2024-5-30,2,14.637,99.7077,0.04876,40.1,105.886,195.661,0.4,5,30,2024,9,151,420,50,0.39693,50,0.08479
1156,2024-5-30,2,15.35,96.653,0.58463,41.8,93.2546,170.458,0,5,30,2024,16.5,151,420,50,0.35893,50,0.06491
1157,2024-5-30,2,15.299,98.7536,0.217,41.7,28.7595,52.9628,0.3,5,30,2024,17,151,420,50,0.12092,50,0.02681
1158,2024-5-31,2,16.925,59.8642,7.75217,40.4,66.6292,118.614,0,5,31,2024,7,152,420,50,0.27049,50,0.03067
1159,2024-5-31,2,16.94,57.6706,8.18365,40.3,158.74,271.962,0,5,31,2024,7.5,152,420,50,0.5751,50,0.06826
1160,2024-5-31,2,17.171,58.2374,8.19313,40.3,208.433,347.291,0,5,31,2024,8,152,420,50,0.71406,50,0.09515
1161,2024-5-31,2,17.571,53.4847,9.35922,40.3,388.352,635.394,0,5,31,2024,8.5,152,420,50,1.11034,50,0.18472
1162,2024-5-31,2,18.093,52.6467,9.84629,40.2,407.916,666.322,0,5,31,2024,9,152,420,50,1.1466,50,0.16373
1163,2024-5-31,2,17.806,59.4713,8.27641,40.2,282.013,483.741,0,5,31,2024,10,152,420,50,0.89618,50,0.12436
1164,2024-5-31,2,18.155,61.328,8.07255,40.2,449.642,751.681,0,5,31,2024,10.5,152,420,50,1.22112,50,0.15763
1165,2024-5-31,2,18.336,62.3455,7.94998,40.1,462.745,764.442,0,5,31,2024,11,152,420,50,1.24363,50,0.17322
1166,2024-5-31,2,18.551,64.3385,7.63135,40.1,536.275,881.859,0,5,31,2024,11.5,152,420,50,1.3567,50,0.24244
1167,2024-5-31,2,18.808,62.316,8.19485,40.1,495.856,816.753,0,5,31,2024,12,152,420,50,1.29804,50,0.19594
1168,2024-5-31,2,18.888,63.1907,8.04475,40,517.006,848.582,0,5,31,2024,12.5,152,420,50,1.33111,50,0.22607
1169,2024-5-31,2,19.821,55.9187,10.20997,39.9,402.728,660.18,0,5,31,2024,14.5,152,420,50,1.13939,50,0.16888
1170,2024-5-31,2,20.099,53.3955,10.98184,39.8,461.731,754.779,0,5,31,2024,15,152,420,50,1.20217,50,0.19494
1171,2024-5-31,2,20.031,47.7238,12.26659,39.8,300.786,489.97,0,5,31,2024,15.5,152,420,50,0.87972,50,0.13523
1172,2024-5-31,2,19.732,44.7079,12.73608,39.8,198.612,326.255,0,5,31,2024,16,152,420,50,0.65115,50,0.07631
1173,2024-5-31,2,19.31,43.4939,12.6788,39.7,121.42,199.28,0,5,31,2024,17,152,420,50,0.44606,50,0.05859
1174,2024-5-31,2,19.151,43.9681,12.4485,39.6,84.0562,143.212,0,5,31,2024,18,152,420,50,0.32883,50,0.05213
1175,2024-6-1,2,20.13,36.6451,14.95755,39.3,186.765,297.066,0,6,1,2024,7,153,420,50,0.62531,50,0.09787
1176,2024-6-1,2,19.334,41.2832,13.19453,39.3,210.1,336.262,0,6,1,2024,7.5,153,420,50,0.70538,50,0.10633
1177,2024-6-1,2,19.127,42.9202,12.66235,39.2,228.996,367.11,0,6,1,2024,8,153,420,50,0.75969,50,0.10641
1178,2024-6-1,2,18.773,47.7922,11.32842,39.2,442.509,701.107,0,6,1,2024,9,153,420,50,1.21635,50,0.16789
1179,2024-6-1,2,22.456,41.6754,15.87979,39,737.888,1212.81,0,6,1,2024,13,153,420,50,1.36041,50,0.5755
1180,2024-6-1,2,22.326,44.7502,14.92427,39,648.51,1076.11,0,6,1,2024,13.5,153,420,50,1.33382,50,0.53241
1181,2024-6-1,2,22.502,45.2641,14.94439,38.9,547.663,1174.38,0,6,1,2024,14,153,420,50,1.22995,50,0.36581
1182,2024-6-1,2,21.577,52.4951,12.25933,38.9,516.429,860.775,0,6,1,2024,15,153,420,50,1.29824,50,0.30998
1183,2024-6-1,2,20.555,58.8411,9.97564,38.8,212.562,344.106,0,6,1,2024,16.5,153,420,50,0.74949,50,0.09943
1184,2024-6-1,2,20.158,62.342,8.90614,38.8,141.049,229.181,0,6,1,2024,17,153,420,50,0.53683,50,0.07165
1185,2024-6-2,2,16.307,66.7141,6.18135,38.6,134.039,216.822,0,6,2,2024,7,154,420,50,0.5073,50,0.06857
1186,2024-6-2,2,16.55,60.1727,7.51147,38.6,134.804,219.033,0,6,2,2024,7.5,154,420,50,0.50954,50,0.07261
1187,2024-6-2,2,16.835,52.6404,9.09534,38.5,148.973,245.378,0,6,2,2024,8,154,420,50,0.55461,50,0.07188
1188,2024-6-2,2,17.078,49.3623,9.87593,38.6,277.783,450.414,0,6,2,2024,8.5,154,420,50,0.91289,50,0.1072
1189,2024-6-2,2,19.737,39.682,13.89807,38.4,528.398,856.229,0,6,2,2024,10.5,154,420,50,1.23945,50,0.22088
1190,2024-6-2,2,19.899,36.8685,14.69318,38.5,515.036,837.507,0,6,2,2024,11,154,420,50,1.18607,50,0.24139
1191,2024-6-2,2,20.432,41.2644,14.12811,38.4,492.902,824.122,0,6,2,2024,12.5,154,420,50,1.18225,50,0.2022
1192,2024-6-2,2,19.211,58.1274,9.3376,38.3,374.184,616.068,0,6,2,2024,13.5,154,420,50,1.13105,50,0.23284
1193,2024-6-2,2,19.307,56.2488,9.81503,38.3,404.026,668.225,0,6,2,2024,14,154,420,50,1.19228,50,0.20531
1194,2024-6-2,2,18.874,58.8115,8.99396,38.2,191.821,329.366,0,6,2,2024,14.5,154,420,50,0.68089,50,0.08023
1195,2024-6-2,2,18.791,59.7304,8.74783,38.3,169.949,290.766,0,6,2,2024,15,154,420,50,0.6159,50,0.07292
1196,2024-6-2,2,18.758,58.9996,8.88822,38.2,146.698,251.824,0,6,2,2024,15.5,154,420,50,0.54372,50,0.06721
1197,2024-6-2,2,18.152,64.4962,7.40981,38.2,107.776,190.589,0,6,2,2024,16,154,420,50,0.41532,50,0.05802
1198,2024-6-2,2,17.638,70.4745,5.96592,38.2,80.3621,141.424,0,6,2,2024,16.5,154,420,50,0.3185,50,0.06365
1199,2024-6-2,2,17.104,72.481,5.37591,38.1,57.4859,104.03,0,6,2,2024,17,154,420,50,0.23333,50,0.02996
1200,2024-6-2,2,16.965,69.1507,5.97363,38.1,76.1519,127.97,0,6,2,2024,17.5,154,420,50,0.30277,50,0.0477
1201,2024-6-2,2,16.623,68.3432,5.9983,38.2,27.1696,48.555,0,6,2,2024,18,154,420,50,0.11384,50,0.03853
1202,2024-6-3,2,19.522,26.7423,16.6557,38,205.037,321.456,0,6,3,2024,7,155,420,50,0.63532,50,0.12213
1203,2024-6-3,2,19.874,26.0012,17.19577,37.9,215.341,345.331,0,6,3,2024,7.5,155,420,50,0.64801,50,0.11068
1204,2024-6-3,2,19.965,29.7159,16.42489,37.9,407.594,659.252,0,6,3,2024,9,155,420,50,0.9736,50,0.19986
1205,2024-6-3,2,20.671,34.5135,15.98575,37.9,483.388,779.262,0,6,3,2024,10,155,420,50,1.08084,50,0.25947
1206,2024-6-3,2,22.987,39.4613,17.0217,37.6,431.945,733.894,0,6,3,2024,15.5,155,420,50,0.98348,50,0.30641
1207,2024-6-4,2,18.684,54.2186,9.87884,37.4,113.347,189.383,0,6,4,2024,7,156,420,50,0.49438,50,0.06277
1208,2024-6-4,2,18.761,56.1254,9.51309,37.4,157.026,260.255,0,6,4,2024,7.5,156,420,50,0.64199,50,0.09035
1209,2024-6-4,2,18.796,58.1129,9.10204,37.3,199.261,333.258,0,6,4,2024,8,156,420,50,0.76819,50,0.0971
1210,2024-6-4,2,18.911,57.4085,9.32184,37.4,230.106,388.474,0,6,4,2024,8.5,156,420,50,0.85185,50,0.10485
1211,2024-6-4,2,19.009,57.5646,9.34467,37.4,307.365,512.51,0,6,4,2024,9,156,420,50,1.03312,50,0.15787
1212,2024-6-4,2,19.406,57.9581,9.48986,37.3,578.453,931.354,0,6,4,2024,10,156,420,50,1.46909,50,0.2572
1213,2024-6-4,2,19.251,57.3207,9.54124,37.3,301.864,508.132,0,6,4,2024,10.5,156,420,50,1.02371,50,0.14506
1214,2024-6-4,2,18.986,60.8793,8.60238,37.3,280.195,481.221,0,6,4,2024,11,156,420,50,0.97701,50,0.15798
1215,2024-6-4,2,18.829,62.2545,8.21901,37.2,342.097,580.524,0,6,4,2024,11.5,156,420,50,1.10699,50,0.20491
1216,2024-6-4,2,18.691,67.8328,6.94417,37.3,354.938,602.44,0,6,4,2024,12,156,420,50,1.13207,50,0.18034
1217,2024-6-4,2,19.053,65.6456,7.58595,37.2,498.381,822.729,0,6,4,2024,12.5,156,420,50,1.36355,50,0.30051
1218,2024-6-4,2,19.685,63.0141,8.49459,37.2,439.899,729.404,0,6,4,2024,13,156,420,50,1.27785,50,0.24299
1219,2024-6-4,2,19.687,65.2631,7.97905,37.2,297.001,502.382,0,6,4,2024,14,156,420,50,1.01882,50,0.1829
1220,2024-6-4,2,18.909,68.0711,6.98729,37.2,234.233,404.197,0,6,4,2024,14.5,156,420,50,0.87415,50,0.15203
1221,2024-6-4,2,19.154,66.4962,7.44486,37.1,205.846,356.804,0,6,4,2024,15,156,420,50,0.80084,50,0.13152
1222,2024-6-4,2,18.651,72.4099,5.94119,37.1,108.958,194.326,0,6,4,2024,15.5,156,420,50,0.49481,50,0.05895
1223,2024-6-4,2,18.46,74.8376,5.35399,37.1,62.8796,120.462,0,6,4,2024,16,156,420,50,0.31088,50,0.04039
1224,2024-6-4,2,18.572,72.0216,5.99509,37.1,46.9928,95.5795,0,6,4,2024,16.5,156,420,50,0.24008,50,0.03711
1225,2024-6-4,2,17.945,77.7712,4.57927,37.1,71.7149,135.164,0,6,4,2024,17,156,420,50,0.35031,50,0.05518
1226,2024-6-4,2,17.807,81.355,3.80775,37,22.653,47.72,0.2,6,4,2024,18,156,420,50,0.12247,50,0.01895
1227,2024-6-5,2,12.074,83.505,2.32788,37,60.54,113.388,0.2,6,5,2024,7,157,420,50,0.31412,50,0.04602
1228,2024-6-5,2,11.668,88.7034,1.55205,37.1,49.2451,92.7,0.1,6,5,2024,7.5,157,420,50,0.26174,50,0.03204
1229,2024-6-5,2,11.371,94.2343,0.77672,37.1,105.908,188.149,0.3,6,5,2024,8,157,420,50,0.50367,50,0.08536
1230,2024-6-5,2,11.456,96.6936,0.44793,37,157.255,271.955,0.1,6,5,2024,8.5,157,420,50,0.68277,50,0.12632
1231,2024-6-5,2,12.158,92.9995,0.99344,37,176.306,304.73,0,6,5,2024,9,157,420,50,0.74179,50,0.12655
1232,2024-6-5,2,12.528,90.7471,1.34545,37.1,161.877,278.307,0,6,5,2024,9.5,157,420,50,0.69813,50,0.10945
1233,2024-6-5,2,12.811,90.4336,1.41712,37.1,140.05,248.763,0,6,5,2024,10,157,420,50,0.6276,50,0.10877
1234,2024-6-5,2,12.908,93.7353,0.93394,37.1,296.26,504.741,0,6,5,2024,10.5,157,420,50,1.04143,50,0.21495
1235,2024-6-5,2,13.982,94.433,0.89016,37.1,325.92,539.684,0,6,5,2024,11,157,420,50,1.10098,50,0.2235
1236,2024-6-5,2,14.512,91.9437,1.33322,37,257.214,427.887,0,6,5,2024,11.5,157,420,50,0.95663,50,0.15371
1237,2024-6-5,2,14.714,91.4343,1.43614,37.1,230.507,383.501,0,6,5,2024,12,157,420,50,0.89261,50,0.14347
1238,2024-6-5,2,14.967,90.7511,1.5762,37,234.677,394.167,0,6,5,2024,12.5,157,420,50,0.90345,50,0.15951
1239,2024-6-5,2,14.359,94.7621,0.85827,37,84.0605,153.701,0,6,5,2024,13.5,157,420,50,0.42001,50,0.06869
1240,2024-6-5,2,14.699,92.086,1.32559,37.1,117.725,203.117,0,6,5,2024,14,157,420,50,0.55198,50,0.07942
1241,2024-6-5,2,15.04,91.3047,1.48884,37.1,155.507,267.981,0,6,5,2024,14.5,157,420,50,0.68191,50,0.10005
1242,2024-6-5,2,14.976,91.9112,1.3793,37.1,136.957,235.829,0,6,5,2024,15,157,420,50,0.62084,50,0.09117
1243,2024-6-5,2,14.88,93.2184,1.14926,37.1,161.824,276.214,0,6,5,2024,15.5,157,420,50,0.70273,50,0.10046
1244,2024-6-5,2,14.95,92.3373,1.30445,37.1,148.908,253.468,0,6,5,2024,16,157,420,50,0.66167,50,0.10381
1245,2024-6-5,2,14.822,92.0452,1.34305,37.1,113.532,191.693,0,6,5,2024,16.5,157,420,50,0.5382,50,0.07731
1246,2024-6-5,2,14.806,91.7533,1.39089,37,103.349,173.327,0,6,5,2024,17,157,420,50,0.49977,50,0.07151
1247,2024-6-5,2,14.733,89.8176,1.7093,37,51.9057,90.6007,0,6,5,2024,17.5,157,420,50,0.27858,50,0.04532
1248,2024-6-5,2,14.606,90.2933,1.61613,37,21.9004,39.2443,0,6,5,2024,18,157,420,50,0.12564,50,0.04532
1249,2024-6-6,2,15.724,78.9331,3.76916,37.1,632.094,941.444,0,6,6,2024,8,158,420,50,1.53044,50,0.28664
1250,2024-6-6,2,16.084,78.1069,4.00821,37,731.705,1116.43,0,6,6,2024,8.5,158,420,50,1.61695,50,0.36847
1251,2024-6-6,2,16.988,77.6674,4.33078,37.1,829.474,1290.25,0,6,6,2024,9,158,420,50,1.68828,50,0.41747
1252,2024-6-6,2,17.228,77.0532,4.51806,37,841.933,1340.76,0,6,6,2024,9.5,158,420,50,1.69675,50,0.45831
1253,2024-6-6,2,18.105,72.2938,5.76536,37,499.486,806.268,0,6,6,2024,11.5,158,420,50,1.38875,50,0.25533
1254,2024-6-6,2,18.24,73.704,5.51852,37,352.859,562.132,0,6,6,2024,12,158,420,50,1.17159,50,0.16594
1255,2024-6-6,2,17.744,77.536,4.56951,36.9,357.866,582.041,0,6,6,2024,12.5,158,420,50,1.18081,50,0.21543
1256,2024-6-6,2,18.14,75.2946,5.15225,36.9,637.719,1055.51,0,6,6,2024,13,158,420,50,1.53872,50,0.50293
1257,2024-6-6,2,18.607,76.4915,5.04835,36.9,511.884,878.302,0,6,6,2024,13.5,158,420,50,1.40538,50,0.33161
1258,2024-6-6,2,17.799,80.2959,4.02202,36.9,231.981,392.289,0,6,6,2024,14,158,420,50,0.91853,50,0.09046
1259,2024-6-6,2,17.561,86.1358,2.78782,36.9,134.551,224.975,0,6,6,2024,15,158,420,50,0.6304,50,0.08916
1260,2024-6-6,2,17.687,85.5216,2.93456,36.9,190.296,313.944,0,6,6,2024,16,158,420,50,0.80824,50,0.13726
1261,2024-6-6,2,17.76,87.0426,2.63839,36.8,134.316,215.71,0,6,6,2024,16.5,158,420,50,0.63069,50,0.09662
1262,2024-6-6,2,17.39,88.3575,2.31593,36.9,83.7465,140.008,0,6,6,2024,17,158,420,50,0.43474,50,0.0511
1263,2024-6-6,2,17.362,87.1315,2.55528,36.9,43.624,75.1859,0,6,6,2024,17.5,158,420,50,0.24721,50,0.03096
1264,2024-6-7,2,15.61,92.2763,1.37182,36.8,148.821,242.967,0,6,7,2024,7,159,420,50,0.69148,50,0.09017
1265,2024-6-7,2,15.972,93.0367,1.26576,36.8,172.347,284.063,0,6,7,2024,7.5,159,420,50,0.76768,50,0.12008
1266,2024-6-7,2,15.745,95.9031,0.73398,36.9,249.897,396.798,0,6,7,2024,8,159,420,50,0.97743,50,0.14798
1267,2024-6-7,2,16.511,91.9647,1.51171,36.8,231.703,375.529,0,6,7,2024,8.5,159,420,50,0.93344,50,0.14118
1268,2024-6-7,2,16.671,90.7946,1.74956,36.8,357.853,562.344,0,6,7,2024,9,159,420,50,1.19545,50,0.19452
1269,2024-6-7,2,17.018,89.0417,2.1291,36.8,266.493,421.613,0,6,7,2024,10,159,420,50,1.01658,50,0.16606
1270,2024-6-7,2,18.392,84.2219,3.34294,36.8,468.602,752.143,0,6,7,2024,11,159,420,50,1.35863,50,0.25306
1271,2024-6-7,2,18.334,84.3135,3.31147,36.8,336.357,542.358,0,6,7,2024,11.5,159,420,50,1.15698,50,0.16428
1272,2024-6-7,2,18.821,80.3594,4.27456,36.8,562.216,916.86,0,6,7,2024,12,159,420,50,1.46504,50,0.37629
1273,2024-6-7,2,19.09,74.2985,5.68838,36.7,468.543,772.319,0,6,7,2024,13,159,420,50,1.35609,50,0.2599
1274,2024-6-7,2,20.238,64.6384,8.4045,36.7,404.815,664.142,0,6,7,2024,13.5,159,420,50,1.26812,50,0.18321
1275,2024-6-7,2,20.304,64.4206,8.49082,36.7,488.871,814.712,0,6,7,2024,14,159,420,50,1.37991,50,0.30463
1276,2024-6-7,2,20.172,65.333,8.20587,36.7,554.323,919.562,0,6,7,2024,14.5,159,420,50,1.45214,50,0.35235
1277,2024-6-7,2,20.434,67.7796,7.75117,36.7,482.356,803.81,0,6,7,2024,15,159,420,50,1.37067,50,0.30078
1278,2024-6-7,2,20.1415,70.46785,6.97725,36.6,384.4965,641.357,0,6,7,2024,15.5,159,420,50,1.23604,50,0.21873
1279,2024-6-7,2,20.157,68.7045,7.40095,36.6,279.361,438.033,0,6,7,2024,16.5,159,420,50,1.04687,50,0.17206
1280,2024-6-8,2,19.718,65.1881,8.01167,36.5,374.895,534.432,0,6,8,2024,7,160,420,50,1.21354,50,0.13475
1281,2024-6-8,2,20.226,63.6952,8.62228,36.5,488.67,716.344,0,6,8,2024,7.5,160,420,50,1.35538,50,0.15494
1282,2024-6-8,2,20.52,63.5263,8.82104,36.5,590.333,885.837,0,6,8,2024,8,160,420,50,1.45106,50,0.2285
1283,2024-6-8,2,20.702,66.1459,8.27983,36.4,682.876,1047.01,0,6,8,2024,8.5,160,420,50,1.52037,50,0.29545
1284,2024-6-8,2,21.164,64.1076,9.03118,36.4,734.207,1146.74,0,6,8,2024,9,160,420,50,1.55254,50,0.33377
1285,2024-6-8,2,21.535,65.1884,8.96059,36.4,588.635,952.73,0,6,8,2024,10,160,420,50,1.44543,50,0.35259
1286,2024-6-8,2,21.806,65.3519,9.06743,36.4,578.725,940.325,0,6,8,2024,10.5,160,420,50,1.43609,50,0.2932
1287,2024-6-8,2,21.902,64.6304,9.31063,36.4,820.571,1352.66,0,6,8,2024,11,160,420,50,1.59519,50,0.60643
1288,2024-6-8,2,22.609,62.7519,10.236,36.3,513.954,839.698,0,6,8,2024,12,160,420,50,1.37457,50,0.26324
1289,2024-6-8,2,22.043,67.9954,8.49756,36.3,541.589,891.533,0,6,8,2024,12.5,160,420,50,1.39973,50,0.33117
1290,2024-6-8,2,22.583,67.2121,8.99611,36.3,346.884,566.557,0,6,8,2024,13,160,420,50,1.16946,50,0.19304
1291,2024-6-8,2,21.919,71.9445,7.39294,36.2,160.697,250.08,0,6,8,2024,13.5,160,420,50,0.76696,50,0.13899
1292,2024-6-8,2,21.778,73.9241,6.81242,36.2,187.3,314.494,0,6,8,2024,15,160,420,50,0.84523,50,0.14629
1293,2024-6-8,2,22.282,70.6679,7.90212,36.2,349.617,585.171,0,6,8,2024,15.5,160,420,50,1.17297,50,0.29032
1294,2024-6-8,2,21.509,75.9373,6.18396,36.2,149.791,253.78,0,6,8,2024,16.5,160,420,50,0.73657,50,0.12798
1295,2024-6-8,2,21.329,77.5875,5.69673,36.1,88.4809,156.849,0,6,8,2024,17,160,420,50,0.50868,50,0.07657
1296,2024-6-8,2,21.124,77.1355,5.73902,36.1,64.21,109.924,0,6,8,2024,17.5,160,420,50,0.39614,50,0.11922
1297,2024-6-9,2,21.229,77.8588,5.59339,36.1,419.719,683.139,0,6,9,2024,9,161,420,50,1.20053,50,0.20936
1298,2024-6-9,2,20.999,80.7393,4.7975,36.1,642.647,1045.05,0,6,9,2024,10,161,420,50,1.37871,50,0.33217
1299,2024-6-9,2,20.629,84.5024,3.77331,36,667.477,1103.65,0,6,9,2024,11,161,420,50,1.38649,50,0.42797
1300,2024-6-9,2,20.729,84.9967,3.67552,36,649.006,1077.48,0,6,9,2024,11.5,161,420,50,1.37176,50,0.39156
1301,2024-6-9,2,20.611,89.7442,2.49428,36,258.276,455.209,0,6,9,2024,14.5,161,420,50,0.93863,50,0.16549
1302,2024-6-9,2,20.368,91.8811,1.9452,36,220.874,390.104,0,6,9,2024,15,161,420,50,0.86212,50,0.16539
1303,2024-6-9,2,19.667,97.596,0.55151,35.9,153.063,270.791,0,6,9,2024,16,161,420,50,0.69045,50,0.10698
1304,2024-6-9,2,19.372,98.2024,0.4049,35.9,99.6358,176.527,0,6,9,2024,16.5,161,420,50,0.51381,50,0.06752
1305,2024-6-9,2,19.146,98.5686,0.31791,35.9,44.4444,80.3223,0,6,9,2024,17,161,420,50,0.26926,50,0.04078
1306,2024-6-9,2,18.8,98.9616,0.2257,35.9,35.0614,63.8575,0,6,9,2024,17.5,161,420,50,0.2184,50,0.03505
1307,2024-6-9,2,18.401,99.1395,0.18242,35.9,23.0422,41.308,0,6,9,2024,18,161,420,50,0.14907,50,0.03372
1308,2024-6-10,2,19.123,79.5377,4.53814,35.9,291.029,425.402,0,6,10,2024,7,162,420,50,0.90442,50,0.13687
1309,2024-6-10,2,19.449,78.0735,4.96259,35.9,471.322,695.042,0,6,10,2024,7.5,162,420,50,1.10462,50,0.17257
1310,2024-6-10,2,19.699,77.987,5.06014,35.9,553.923,841.445,0,6,10,2024,8,162,420,50,1.16443,50,0.21915
1311,2024-6-10,2,20.045,79.4425,4.82799,35.9,692.499,1069.08,0,6,10,2024,8.5,162,420,50,1.24227,50,0.2555
1312,2024-6-10,2,20.552,78.0818,5.31131,35.8,822.238,1290.25,0,6,10,2024,9,162,420,50,1.29585,50,0.30355
1313,2024-6-10,2,21.446,74.6053,6.50116,35.8,876.353,1399.09,0,6,10,2024,9.5,162,420,50,1.31202,50,0.39535
1314,2024-6-10,2,21.725,73.6725,6.85593,35.8,843.793,1372.56,0,6,10,2024,10,162,420,50,1.29636,50,0.40127
1315,2024-6-10,2,22.033,74.7411,6.70242,35.8,584.057,956.819,0,6,10,2024,11,162,420,50,1.16325,50,0.31667
1316,2024-6-10,2,22.246,72.3967,7.42011,35.7,750.363,1240.27,0,6,10,2024,11.5,162,420,50,1.24714,50,0.29918
1317,2024-6-10,2,22.944,71.3444,8.03618,35.7,694.904,1149.32,0,6,10,2024,12.5,162,420,50,1.21395,50,0.35285
1318,2024-6-10,2,22.79,75.2972,6.86337,35.7,366.799,612.244,0,6,10,2024,13,162,420,50,0.96767,50,0.18357
1319,2024-6-10,2,22.304,79.5024,5.52948,35.6,158.079,261.777,0,6,10,2024,14,162,420,50,0.61609,50,0.08892
1320,2024-6-10,2,22.388,81.9582,4.89191,35.6,217.069,366.315,0,6,10,2024,14.5,162,420,50,0.74132,50,0.17299
1321,2024-6-10,2,21.613,84.8052,3.92988,35.6,88.8812,161.24,0,6,10,2024,15.5,162,420,50,0.40891,50,0.09441
1322,2024-6-10,2,21.209,91.1338,2.23706,35.6,123.57,222.755,0,6,10,2024,16,162,420,50,0.51683,50,0.08692
1323,2024-6-10,2,20.635,95.0643,1.20217,35.5,56.5594,105.355,0,6,10,2024,16.5,162,420,50,0.28392,50,0.04789
1324,2024-6-10,2,20.327,94.8043,1.24169,35.5,36.7955,71.0625,0,6,10,2024,17,162,420,50,0.19586,50,0.03391
1325,2024-6-10,2,20.288,90.5059,2.26347,35.6,24.1079,47.8056,0.1,6,10,2024,17.5,162,420,50,0.13336,50,0.03487
1326,2024-6-11,2,20.088,93.8588,1.44612,35.7,223.707,367.618,0,6,11,2024,8,163,420,50,0.6998,50,0.15235
1327,2024-6-11,2,20.158,95.5394,1.05493,35.6,238.817,389.99,0,6,11,2024,8.5,163,420,50,0.7246,50,0.14324
1328,2024-6-11,2,20.059,95.5639,1.04273,35.7,253.271,416.009,0,6,11,2024,9,163,420,50,0.74693,50,0.12525
1329,2024-6-11,2,20.531,94.6485,1.29512,35.6,457.331,739.325,0,6,11,2024,9.5,163,420,50,0.9738,50,0.23641
1330,2024-6-11,2,20.926,92.6541,1.82155,35.6,326.095,520.831,0,6,11,2024,10.5,163,420,50,0.8438,50,0.18881
1331,2024-6-11,2,21.627,87.4515,3.24824,35.6,1036.27,1705.07,0,6,11,2024,11,163,420,50,1.23272,50,0.55861
1332,2024-6-11,2,22.12,83.6946,4.34961,35.6,930.159,1544.1,0,6,11,2024,11.5,163,420,50,1.20287,50,0.51366
1333,2024-6-11,2,22.468,81.0616,5.16004,35.6,905.634,1504.62,0,6,11,2024,12,163,420,50,1.19468,50,0.49616
1334,2024-6-11,2,22.346,82.0341,4.85891,35.6,181.677,290.525,0,6,11,2024,13,163,420,50,0.61481,50,0.09104
1335,2024-6-11,2,22.88,79.787,5.64662,35.6,336.286,548.13,0,6,11,2024,13.5,163,420,50,0.85178,50,0.20725
1336,2024-6-11,2,22.714,80.8111,5.30691,35.6,221.887,366.289,0,6,11,2024,14,163,420,50,0.68951,50,0.15746
1337,2024-6-11,2,22.816,80.0388,5.55472,35.6,361.115,602.339,0,6,11,2024,15,163,420,50,0.87724,50,0.24476
1338,2024-6-11,2,23.132,78.2099,6.18067,35.6,339.969,568.416,0,6,11,2024,15.5,163,420,50,0.85334,50,0.1795
1339,2024-6-11,2,23.074,77.9492,6.23274,35.6,267.481,450.865,0,6,11,2024,16,163,420,50,0.7595,50,0.15104
1340,2024-6-11,2,22.913,78.9554,5.89069,35.5,218.957,358.466,0,6,11,2024,16.5,163,420,50,0.68144,50,0.13083
1341,2024-6-11,2,22.993,81.8838,5.09559,35.6,149.49,243.839,0,6,11,2024,17,163,420,50,0.53975,50,0.10827
1342,2024-6-11,2,22.503,85.414,3.98262,35.5,59.0602,108.085,0,6,11,2024,17.5,163,420,50,0.26958,50,0.05299
1343,2024-6-11,2,22.266,85.8545,3.80712,35.5,55.4612,96.9235,0,6,11,2024,18,163,420,50,0.25558,50,0.05299
1344,2024-6-12,2,21.179,92.0872,1.99284,35.6,310.514,452.329,0,6,12,2024,7,164,420,50,0.79803,50,0.15921
1345,2024-6-12,2,21.208,93.6203,1.60959,35.5,405.315,602.154,0,6,12,2024,7.5,164,420,50,0.89863,50,0.19823
1346,2024-6-12,2,22.905,84.0308,4.46785,35.5,742.038,1115.55,0,6,12,2024,8.5,164,420,50,1.10633,50,0.29762
1347,2024-6-12,2,22.884,86.0398,3.90081,35.5,695.14,1072.54,0,6,12,2024,9,164,420,50,1.08506,50,0.28292
1348,2024-6-12,2,23.588,82.0475,5.23413,35.5,697.668,1081.79,0,6,12,2024,9.5,164,420,50,1.08551,50,0.33065
1349,2024-6-12,2,23.632,83.7453,4.7517,35.4,578.931,904.001,0,6,12,2024,10,164,420,50,1.02318,50,0.24501
1350,2024-6-12,2,23.231,83.6028,4.67889,35.5,213.152,332.047,0,6,12,2024,10.5,164,420,50,0.65006,50,0.11196
1351,2024-6-12,2,23.683,76.7076,6.82994,35.5,671.825,1081.77,0,6,12,2024,11,164,420,50,1.07125,50,0.32486
1352,2024-6-12,2,25.13,67.7728,10.30431,35.4,822.451,1339.08,0,6,12,2024,12,164,420,50,1.13252,50,0.44438
1353,2024-6-12,2,24.931,69.1332,9.7531,35.4,553.665,900.16,0,6,12,2024,12.5,164,420,50,1.0043,50,0.30364
1354,2024-6-12,2,25.45,66.6279,10.87519,35.4,950.372,1564.94,0,6,12,2024,13,164,420,50,1.17239,50,0.57385
1355,2024-6-12,2,25.501,65.2857,11.34686,35.4,655.803,1078.56,0,6,12,2024,13.5,164,420,50,1.05985,50,0.40813
1356,2024-6-12,2,25.508,65.2534,11.36214,35.4,349.517,584.486,0,6,12,2024,14,164,420,50,0.83401,50,0.18735
1357,2024-6-12,2,25.892,62.2761,12.61948,35.3,397.883,658.523,0,6,12,2024,14.5,164,420,50,0.88216,50,0.24687
1358,2024-6-12,2,25.947,59.564,13.5708,35.2,592.188,976.01,0,6,12,2024,15,164,420,50,1.02379,50,0.46356
1359,2024-6-12,2,26.028,60.5161,13.31485,35.3,304.794,500.973,0,6,12,2024,15.5,164,420,50,0.77986,50,0.22922
1360,2024-6-12,2,25.837,62.1146,12.63234,35.2,393.218,629.067,0,6,12,2024,16,164,420,50,0.87571,50,0.41477
1361,2024-6-12,2,25.805,64.0518,11.96374,35.2,306.38,450.686,0,6,12,2024,16.5,164,420,50,0.78054,50,0.2964
1362,2024-6-12,2,25.688,66.8697,10.94981,35.2,216.76,334.319,0,6,12,2024,17,164,420,50,0.6487,50,0.21771
1363,2024-6-12,2,25.439,68.6999,10.19332,35.2,143.22,288.002,0,6,12,2024,17.5,164,420,50,0.50032,50,0.23649
1364,2024-6-12,2,24.444,73.1641,8.23649,35.2,87.0072,147.458,0,6,12,2024,18,164,420,50,0.34847,50,0.19532
1365,2024-6-13,2,21.675,86.5295,3.49715,35.2,207.315,321.493,0,6,13,2024,7,165,420,50,0.6034,50,0.13977
1366,2024-6-13,2,22.549,79.2635,5.67781,35.1,481.214,694.444,0,6,13,2024,7.5,165,420,50,0.92414,50,0.20726
1367,2024-6-13,2,23.904,69.8551,8.95748,35.1,613.664,897.737,0,6,13,2024,8,165,420,50,1.0135,50,0.2003
1368,2024-6-13,2,24.267,70.7432,8.88491,35.1,697.431,1050.64,0,6,13,2024,8.5,165,420,50,1.05876,50,0.25422
1369,2024-6-13,2,24.559,73.7392,8.11558,35.1,767.634,1177.24,0,6,13,2024,9,165,420,50,1.09195,50,0.30529
1370,2024-6-13,2,25.296,69.0942,9.97981,34.9,423.379,696.856,0,6,13,2024,12.5,165,420,50,0.86285,50,0.2052
1371,2024-6-13,2,25.141,70.49,9.44169,34.9,679.353,1120.94,0,6,13,2024,13,165,420,50,1.04648,50,0.3537
1372,2024-6-13,2,25.862,66.8428,11.07216,34.8,562.994,928.773,0,6,13,2024,14.5,165,420,50,0.97226,50,0.33399
1373,2024-6-13,2,26.032,65.4165,11.66508,34.8,431.405,715.768,0,6,13,2024,15,165,420,50,0.86427,50,0.26802
1374,2024-6-13,2,26.119,66.5481,11.34151,34.7,419.472,704.066,0,6,13,2024,15.5,165,420,50,0.85163,50,0.24758
1375,2024-6-13,2,25.928,71.1295,9.67841,34.7,294.189,486.621,0,6,13,2024,16,165,420,50,0.70672,50,0.19002
1376,2024-6-13,2,25.644,72.74,8.98618,34.7,340.176,415.16,0,6,13,2024,16.5,165,420,50,0.76351,50,0.28417
1377,2024-6-13,2,25.437,72.4508,8.97072,34.7,180.857,248.699,0,6,13,2024,17,165,420,50,0.52015,50,0.15269
1378,2024-6-14,2,22.304,85.8371,3.82062,34.6,624.906,943.175,0,6,14,2024,8,166,420,50,0.99482,50,0.26963
1379,2024-6-14,2,25.189,73.0494,8.64746,34.6,691.396,1125.06,0,6,14,2024,11,166,420,50,1.04019,50,0.37782
1380,2024-6-14,2,25.271,72.785,8.77496,34.6,569.658,930.453,0,6,14,2024,11.5,166,420,50,0.94654,50,0.30937
1381,2024-6-14,2,25.753,70.4826,9.79335,34.5,646.813,1071.44,0,6,14,2024,12.5,166,420,50,1.00686,50,0.31689
1382,2024-6-14,2,26.238,66.7877,11.33963,34.5,685.393,1170.81,0,6,14,2024,13.5,166,420,50,1.03444,50,0.36516
1383,2024-6-14,2,26.752,66.4071,11.82192,34.4,267.255,452.733,0,6,14,2024,15.5,166,420,50,0.59071,50,0.21648
1384,2024-6-14,2,26.079,69.9984,10.14773,34.3,70.4647,111.829,0,6,14,2024,16,166,420,50,0.20074,50,0.08099
1385,2024-6-15,2,24.284,70.8949,8.84784,34.3,355.561,492.274,0,6,15,2024,7,167,420,50,0.71691,50,0.13029
1386,2024-6-15,2,24.347,69.6646,9.25669,34.3,467.84,670.211,0,6,15,2024,7.5,167,420,50,0.85083,50,0.16424
1387,2024-6-15,2,24.336,74.4141,7.80227,34.2,572.703,845.082,0,6,15,2024,8,167,420,50,0.95419,50,0.22159
1388,2024-6-15,2,24.557,72.9009,8.37365,34.2,672.27,1013.56,0,6,15,2024,8.5,167,420,50,1.0374,50,0.28426
1389,2024-6-15,2,24.809,68.6192,9.84367,34.2,757.912,1164.43,0,6,15,2024,9,167,420,50,1.09973,50,0.34821
1390,2024-6-15,2,25.334,71.5999,9.19141,34.2,819.261,1280.44,0,6,15,2024,9.5,167,420,50,1.1401,50,0.38348
1391,2024-6-15,2,25.353,74.4146,8.28981,34.2,678.163,1071.97,0,6,15,2024,10,167,420,50,1.04451,50,0.30948
1392,2024-6-15,2,25.541,75.1037,8.15704,34.2,459.516,743.578,0,6,15,2024,10.5,167,420,50,0.84859,50,0.24181
1393,2024-6-15,2,25.9,73.7453,8.78694,34.2,500.057,806.782,0,6,15,2024,11,167,420,50,0.89178,50,0.34975
1394,2024-6-15,2,23.555,67.6292,9.41912,33.9,42.0499,93.2655,9.2,6,15,2024,15.5,167,420,50,0.12989,50,0.07665
1395,2024-6-16,2,24.901,75.606,7.6941,36,264.698,440.346,0,6,16,2024,15.5,168,420,50,0.66195,50,0.2332
1396,2024-6-16,2,22.68,87.8947,3.34096,36.6,20.4862,39.8674,2.5,6,16,2024,17,168,420,50,0.07663,50,0.0222
1397,2024-6-17,2,24.857,52.1486,15.05326,35.8,176.574,246.567,0,6,17,2024,17,169,420,50,0.44247,50,0.17056
1398,2024-6-17,2,25.221,51.3738,15.63208,35.7,130.992,266.974,0,6,17,2024,17.5,169,420,50,0.34764,50,0.15468
1399,2024-6-17,2,25.022,50.8582,15.61191,35.7,54.4489,94.6335,0,6,17,2024,18,169,420,50,0.16118,50,0.11478
1400,2024-6-18,2,22.512,46.259,14.68167,35.4,275.189,369.691,0,6,18,2024,6.5,170,420,50,0.54274,50,0.10988
1401,2024-6-18,2,24.07,58.337,12.504,35.2,679.743,1131.76,0,6,18,2024,12,170,420,50,0.95561,50,0.36249
1402,2024-6-20,2,20.184,100.107,-0.02535,42.4,59.4357,102.871,0.7,6,20,2024,6.5,172,420,50,0.16423,50,0.0534
1403,2024-6-20,2,20.303,100.142,-0.03389,42.3,61.0503,104.92,0,6,20,2024,7,172,420,50,0.16875,50,0.04548
1404,2024-6-20,2,20.47,100.139,-0.03351,42.3,110.536,189.549,0.1,6,20,2024,7.5,172,420,50,0.29394,50,0.07553
1405,2024-6-20,2,20.503,100.1,-0.02416,42.2,166.181,282.882,0,6,20,2024,8,172,420,50,0.42394,50,0.06006
1406,2024-6-20,2,21.314,98.3907,0.40867,41.9,287.879,487.711,0,6,20,2024,9.5,172,420,50,0.67668,50,0.14796
1407,2024-6-20,2,21.02,98.9527,0.2612,41.8,262.714,437.804,0,6,20,2024,10,172,420,50,0.62972,50,0.14892
1408,2024-6-20,2,20.711,99.5915,0.09996,41.6,156.79,278.106,0,6,20,2024,11.5,172,420,50,0.40821,50,0.09615
1409,2024-6-20,2,20.872,99.6105,0.09626,41.5,223.519,395.412,0,6,20,2024,12,172,420,50,0.55531,50,0.08942
1410,2024-6-20,2,21.608,98.9088,0.28213,41.2,165.68,296.407,0,6,20,2024,14,172,420,50,0.43255,50,0.1279
1411,2024-6-20,2,21.323,99.547,0.1151,41.1,93.6944,174.572,1.3,6,20,2024,14.5,172,420,50,0.25875,50,0.07645
1412,2024-6-20,2,20.656,99.8011,0.04851,40.9,81.7525,142.584,0,6,20,2024,17,172,420,50,0.22981,50,0.03562
1413,2024-6-20,2,20.509,99.7509,0.0602,40.9,33.6819,59.2863,0,6,20,2024,17.5,172,420,50,0.09848,50,0.0204
1414,2024-6-21,2,21.912,100.176,-0.04636,45.8,26.3903,51.3601,0,6,21,2024,8.5,173,420,50,0.08373,50,0.05706
1415,2024-6-21,2,22.55,100.113,-0.03094,42.6,194.029,322.54,0,6,21,2024,12,173,420,50,0.52926,50,0.12964
1416,2024-6-21,2,23.195,99.0116,0.28142,42.3,188.295,327.027,0,6,21,2024,13.5,173,420,50,0.51797,50,0.07447
1417,2024-7-1,2,24.284,70.8949,8.84784,34.3,355.561,492.274,0,6,15,2024,7,167,420,50,0.71691,50,0.13029
1418,2024-7-1,2,24.347,69.6646,9.25669,34.3,467.84,670.211,0,6,15,2024,7.5,167,420,50,0.85083,50,0.16424
1419,2024-7-1,2,24.336,74.4141,7.80227,34.2,572.703,845.082,0,6,15,2024,8,167,420,50,0.95419,50,0.22159
1420,2024-7-1,2,24.557,72.9009,8.37365,34.2,672.27,1013.56,0,6,15,2024,8.5,167,420,50,1.0374,50,0.28426
1421,2024-7-1,2,24.809,68.6192,9.84367,34.2,757.912,1164.43,0,6,15,2024,9,167,420,50,1.09973,50,0.34821
1422,2024-7-1,2,25.334,71.5999,9.19141,34.2,819.261,1280.44,0,6,15,2024,9.5,167,420,50,1.1401,50,0.38348
1423,2024-7-1,2,25.353,74.4146,8.28981,34.2,678.163,1071.97,0,6,15,2024,10,167,420,50,1.04451,50,0.30948
1424,2024-7-1,2,25.541,75.1037,8.15704,34.2,459.516,743.578,0,6,15,2024,10.5,167,420,50,0.84859,50,0.24181
1425,2024-7-1,2,25.9,73.7453,8.78694,34.2,500.057,806.782,0,6,15,2024,11,167,420,50,0.89178,50,0.34975
1426,2024-7-1,2,23.555,67.6292,9.41912,33.9,42.0499,93.2655,9.2,6,15,2024,15.5,167,420,50,0.12989,50,0.07665
1427,2024-7-2,2,22.512,46.259,14.68167,35.4,275.189,369.691,0,6,18,2024,6.5,170,420,50,0.54274,50,0.10988
1428,2024-7-2,2,24.07,58.337,12.504,35.2,679.743,1131.76,0,6,18,2024,12,170,420,50,0.95561,50,0.36249
1429,2024-7-2,2,24.901,75.606,7.6941,36,264.698,440.346,0,6,16,2024,15.5,168,420,50,0.66195,50,0.2332
1430,2024-7-2,2,22.68,87.8947,3.34096,36.6,20.4862,39.8674,2.5,6,16,2024,16,168,420,50,0.07663,50,0.0222
1431,2024-7-2,2,24.857,52.1486,15.05326,35.8,176.574,246.567,0,6,17,2024,17,169,420,50,0.44247,50,0.17056
1432,2024-7-2,2,25.221,51.3738,15.63208,35.7,130.992,266.974,0,6,17,2024,17.5,169,420,50,0.34764,50,0.15468
1433,2024-7-2,2,25.022,50.8582,15.61191,35.7,54.4489,94.6335,0,6,17,2024,18,169,420,50,0.16118,50,0.11478
1434,2024-7-3,2,20.184,100.107,-0.02535,42.4,59.4357,102.871,0.7,6,20,2024,6.5,172,420,50,0.16423,50,0.0534
1435,2024-7-3,2,20.303,100.142,-0.03389,42.3,61.0503,104.92,0,6,20,2024,7,172,420,50,0.16875,50,0.04548
1436,2024-7-3,2,20.47,100.139,-0.03351,42.3,110.536,189.549,0.1,6,20,2024,7.5,172,420,50,0.29394,50,0.07553
1437,2024-7-3,2,20.503,100.1,-0.02416,42.2,166.181,282.882,0,6,20,2024,8,172,420,50,0.42394,50,0.06006
1438,2024-7-3,2,21.314,98.3907,0.40867,41.9,287.879,487.711,0,6,20,2024,9.5,172,420,50,0.67668,50,0.14796
1439,2024-7-3,2,21.02,98.9527,0.2612,41.8,262.714,437.804,0,6,20,2024,10,172,420,50,0.62972,50,0.14892
1440,2024-7-3,2,20.711,99.5915,0.09996,41.6,156.79,278.106,0,6,20,2024,11.5,172,420,50,0.40821,50,0.09615
1441,2024-7-3,2,20.872,99.6105,0.09626,41.5,223.519,395.412,0,6,20,2024,12,172,420,50,0.55531,50,0.08942
1442,2024-7-3,2,21.608,98.9088,0.28213,41.2,165.68,296.407,0,6,20,2024,14,172,420,50,0.43255,50,0.1279
1443,2024-7-3,2,21.323,99.547,0.1151,41.1,93.6944,174.572,1.3,6,20,2024,14.5,172,420,50,0.25875,50,0.07645
1444,2024-7-3,2,20.656,99.8011,0.04851,40.9,81.7525,142.584,0,6,20,2024,17,172,420,50,0.22981,50,0.03562
1445,2024-7-3,2,20.509,99.7509,0.0602,40.9,33.6819,59.2863,0,6,20,2024,17.5,172,420,50,0.09848,50,0.0204
1446,2024-7-4,2,20.184,100.107,-0.02535,42.4,59.4357,102.871,0.7,6,20,2024,6.5,172,420,50,0.16423,50,0.0534
1447,2024-7-4,2,20.303,100.142,-0.03389,42.3,61.0503,104.92,0,6,20,2024,7,172,420,50,0.16875,50,0.04548
1448,2024-7-4,2,20.47,100.139,-0.03351,42.3,110.536,189.549,0.1,6,20,2024,7.5,172,420,50,0.29394,50,0.07553
1449,2024-7-4,2,20.503,100.1,-0.02416,42.2,166.181,282.882,0,6,20,2024,8,172,420,50,0.42394,50,0.06006
1450,2024-7-4,2,21.314,98.3907,0.40867,41.9,287.879,487.711,0,6,20,2024,9.5,172,420,50,0.67668,50,0.14796
1451,2024-7-4,2,21.02,98.9527,0.2612,41.8,262.714,437.804,0,6,20,2024,10,172,420,50,0.62972,50,0.14892
1452,2024-7-4,2,20.711,99.5915,0.09996,41.6,156.79,278.106,0,6,20,2024,11.5,172,420,50,0.40821,50,0.09615
1453,2024-7-4,2,20.872,99.6105,0.09626,41.5,223.519,395.412,0,6,20,2024,12,172,420,50,0.55531,50,0.08942
1454,2024-7-4,2,21.608,98.9088,0.28213,41.2,165.68,296.407,0,6,20,2024,14,172,420,50,0.43255,50,0.1279
1455,2024-7-4,2,21.323,99.547,0.1151,41.1,93.6944,174.572,1.3,6,20,2024,14.5,172,420,50,0.25875,50,0.07645
1456,2024-7-4,2,20.656,99.8011,0.04851,40.9,81.7525,142.584,0,6,20,2024,17,172,420,50,0.22981,50,0.03562
1457,2024-7-4,2,20.509,99.7509,0.0602,40.9,33.6819,59.2863,0,6,20,2024,17.5,172,420,50,0.09848,50,0.0204
1458,2024-7-5,2,20.184,100.107,-0.02535,42.4,59.4357,102.871,0.7,6,20,2024,6.5,172,420,50,0.16423,50,0.0534
1459,2024-7-5,2,20.303,100.142,-0.03389,42.3,61.0503,104.92,0,6,20,2024,7,172,420,50,0.16875,50,0.04548
1460,2024-7-5,2,20.47,100.139,-0.03351,42.3,110.536,189.549,0.1,6,20,2024,7.5,172,420,50,0.29394,50,0.07553
1461,2024-7-5,2,20.503,100.1,-0.02416,42.2,166.181,282.882,0,6,20,2024,8,172,420,50,0.42394,50,0.06006
1462,2024-7-5,2,21.314,98.3907,0.40867,41.9,287.879,487.711,0,6,20,2024,9.5,172,420,50,0.67668,50,0.14796
1463,2024-7-5,2,21.02,98.9527,0.2612,41.8,262.714,437.804,0,6,20,2024,10,172,420,50,0.62972,50,0.14892
1464,2024-7-5,2,20.711,99.5915,0.09996,41.6,156.79,278.106,0,6,20,2024,11.5,172,420,50,0.40821,50,0.09615
1465,2024-7-5,2,20.872,99.6105,0.09626,41.5,223.519,395.412,0,6,20,2024,12,172,420,50,0.55531,50,0.08942
1466,2024-7-5,2,21.608,98.9088,0.28213,41.2,165.68,296.407,0,6,20,2024,14,172,420,50,0.43255,50,0.1279
1467,2024-7-5,2,21.323,99.547,0.1151,41.1,93.6944,174.572,1.3,6,20,2024,14.5,172,420,50,0.25875,50,0.07645
1468,2024-7-5,2,20.656,99.8011,0.04851,40.9,81.7525,142.584,0,6,20,2024,17,172,420,50,0.22981,50,0.03562
1469,2024-7-5,2,20.509,99.7509,0.0602,40.9,33.6819,59.2863,0,6,20,2024,17.5,172,420,50,0.09848,50,0.0204
1470,2024-7-11,2,25.9299,74.11932,8.66364,32.8,1211.80712,1092.26554,0.00465,7,11,2023,10.5,192,420,50,0.98762,50,0.42466
1471,2024-7-11,2,25.48496,75.45181,8.00379,32.7,1291.1048,1191.01506,0.02344,7,11,2023,11.5,192,420,50,1.0309,50,0.44402
1472,2024-7-11,2,25.57103,75.02033,8.18617,32.7,1300.07189,1195.17819,0.03311,7,11,2023,12.5,192,420,50,1.03238,50,0.52053
1473,2024-7-11,2,25.63532,76.8743,7.60754,32.5,1109.40448,1056.92858,0.05856,7,11,2023,14.5,192,420,50,0.97008,50,0.40609
1474,2024-7-11,2,25.62684,77.32956,7.45403,32.5,922.76366,1097.95613,0.02846,7,11,2023,15.5,192,420,50,0.98895,50,0.38822
1475,2024-7-11,2,25.63338,76.60108,7.69654,32.4,811.55535,1010.33904,5.47E-04,7,11,2023,16,192,420,50,0.94711,50,0.45173
1476,2024-7-12,2,24.413,83.7201,4.97951,32.2,625.8086,567.02,0,7,12,2023,7.5,193,420,50,0.72494,50,0.21121
1477,2024-7-12,2,24.772,82.2948,5.53289,32.2,750.59929,877.014,0,7,12,2023,8,193,420,50,0.92263,50,0.29161
1478,2024-7-12,2,24.839,82.2437,5.57108,32.2,866.95643,1099.54,0,7,12,2023,8.5,193,420,50,1.02628,50,0.28807
1479,2024-7-12,2,24.967,83.0966,5.3441,32.1,972.88913,978.13,0,7,12,2023,9,193,420,50,0.95432,50,0.2857
1480,2024-7-12,2,25.619,79.4788,6.74423,32.1,1066.58484,1289.17,0,7,12,2023,9.5,193,420,50,1.08815,50,0.50717
1481,2024-7-12,2,25.832,77.1578,7.60233,32.1,1146.4404,1174.24,0,7,12,2023,10,193,420,50,1.03943,50,0.42083
1482,2024-7-12,2,25.772,76.4616,7.80627,32,1211.08947,1247.98,0,7,12,2023,10.5,193,420,50,1.06402,50,0.50075
1483,2024-7-12,2,26.023,76.8237,7.80116,32,1290.62257,1037.94,0,7,12,2023,11.5,193,420,50,0.97384,50,0.39406
1484,2024-7-12,2,25.554,83.8839,5.27613,31.8,1237.89106,731.331,0,7,12,2023,13.5,193,420,50,0.80211,50,0.23974
1485,2024-7-12,2,25.723,83.1037,5.58724,31.8,1181.45837,559.678,0,7,12,2023,14,193,420,50,0.68014,50,0.2258
1486,2024-7-12,2,25.701,85.2253,4.87931,31.7,922.51968,541.953,0,7,12,2023,15.5,193,420,50,0.65925,50,0.25251
1487,2024-7-12,2,25.559,87.1657,4.20297,31.7,811.25219,327.199,0,7,12,2023,16,193,420,50,0.46079,50,0.18774
1488,2024-7-12,2,25.402,89.3944,3.44091,31.7,690.51336,215.172,0,7,12,2023,16.5,193,420,50,0.32773,50,0.08547
1489,2024-7-13,2,24.976,76.9425,7.29366,31.6,624.16803,506.529,0,7,13,2023,7.5,194,420,50,0.72824,50,0.18267
1490,2024-7-13,2,25.401,75.9093,7.81558,31.5,749.11829,918.003,0,7,13,2023,8,194,420,50,0.9924,50,0.3079
1491,2024-7-13,2,25.59,76.7887,7.61521,31.5,865.63559,1071.32,0,7,13,2023,8.5,194,420,50,1.05361,50,0.28417
1492,2024-7-13,2,25.385,79.0835,6.77935,31.5,971.72629,922.744,0,7,13,2023,9,194,420,50,0.98504,50,0.25526
1493,2024-7-13,2,25.58,78.6983,6.98456,31.5,1065.57514,967.285,0,7,13,2023,9.5,194,420,50,1.00338,50,0.3703
1494,2024-7-13,2,25.605,77.3096,7.45094,31.4,1145.57637,1103.24,0,7,13,2023,10,194,420,50,1.05875,50,0.40861
1495,2024-7-13,2,25.622,77.9888,7.2352,31.4,1210.36113,1010.64,0,7,13,2023,10.5,194,420,50,1.02337,50,0.34724
1496,2024-7-13,2,25.808,78.8562,7.02708,31.4,1258.82094,1175.24,0,7,13,2023,11,194,420,50,1.08333,50,0.37012
1497,2024-7-13,2,26.001,78.4838,7.23296,31.3,1290.12663,1434.23,0,7,13,2023,11.5,194,420,50,1.15927,50,0.64147
1498,2024-7-13,2,26.211,78.9084,7.17872,31.3,1303.74256,1228.14,0,7,13,2023,12,194,420,50,1.10096,50,0.53193
1499,2024-7-13,2,25.762,81.809,6.02928,31.2,1237.65411,682.713,0,7,13,2023,13.5,194,420,50,0.86978,50,0.23984
1500,2024-7-13,2,25.509,84.9384,4.91776,31.1,1108.992,521.051,0,7,13,2023,14.5,194,420,50,0.77497,50,0.23376
1501,2024-7-13,2,25.477,85.2515,4.80639,31.1,1022.15714,471.762,0,7,13,2023,15,194,420,50,0.73913,50,0.27763
1502,2024-7-13,2,25.4945,85.80526,4.63073,31.1,922.21755,402.785,0.01414,7,13,2023,15.5,194,420,50,0.67837,50,0.25307
1503,2024-7-13,2,25.512,86.309,4.47104,31.1,810.88322,333.808,0,7,13,2023,16,194,420,50,0.60737,50,0.18053
1504,2024-7-13,2,25.472,86.1192,4.52227,31.1,690.05911,331.065,0,7,13,2023,16.5,194,420,50,0.6095,50,0.16032
1505,2024-7-13,2,25.31,85.4758,4.68658,31,561.81257,191.703,0,7,13,2023,17,194,420,50,0.41747,50,0.11525
1506,2024-7-14,2,23.039,85.8013,3.99845,37.2,1064.55395,257.476,0,7,14,2023,9.5,195,420,50,0.56258,50,0.13255
1507,2024-7-14,2,23.377,87.4414,3.60952,36.8,1144.70163,370.846,0,7,14,2023,10,195,420,50,0.72709,50,0.16436
1508,2024-7-14,2,23.484,88.1119,3.43892,36.3,1258.20387,567.789,0,7,14,2023,11,195,420,50,0.92414,50,0.18892
1509,2024-7-14,2,23.296,94.4208,1.59572,36.1,1289.61637,453.821,0,7,14,2023,11.5,195,420,50,0.82978,50,0.15486
1510,2024-7-15,2,24.413,83.7201,4.97951,32.2,625.8086,567.02,0,7,12,2023,7.5,193,420,50,0.72494,50,0.21121
1511,2024-7-15,2,24.772,82.2948,5.53289,32.2,750.59929,877.014,0,7,12,2023,8,193,420,50,0.92263,50,0.29161
1512,2024-7-15,2,24.839,82.2437,5.57108,32.2,866.95643,1099.54,0,7,12,2023,8.5,193,420,50,1.02628,50,0.28807
1513,2024-7-15,2,24.967,83.0966,5.3441,32.1,972.88913,978.13,0,7,12,2023,9,193,420,50,0.95432,50,0.2857
1514,2024-7-15,2,25.619,79.4788,6.74423,32.1,1066.58484,1289.17,0,7,12,2023,9.5,193,420,50,1.08815,50,0.50717
1515,2024-7-15,2,25.832,77.1578,7.60233,32.1,1146.4404,1174.24,0,7,12,2023,10,193,420,50,1.03943,50,0.42083
1516,2024-7-15,2,25.772,76.4616,7.80627,32,1211.08947,1247.98,0,7,12,2023,10.5,193,420,50,1.06402,50,0.50075
1517,2024-7-15,2,26.023,76.8237,7.80116,32,1290.62257,1037.94,0,7,12,2023,11.5,193,420,50,0.97384,50,0.39406
1518,2024-7-15,2,25.554,83.8839,5.27613,31.8,1237.89106,731.331,0,7,12,2023,13.5,193,420,50,0.80211,50,0.23974
1519,2024-7-15,2,25.723,83.1037,5.58724,31.8,1181.45837,559.678,0,7,12,2023,14,193,420,50,0.68014,50,0.2258
1520,2024-7-15,2,25.701,85.2253,4.87931,31.7,922.51968,541.953,0,7,12,2023,15.5,193,420,50,0.65925,50,0.25251
1521,2024-7-15,2,25.559,87.1657,4.20297,31.7,811.25219,327.199,0,7,12,2023,16,193,420,50,0.46079,50,0.18774
1522,2024-7-15,2,25.402,89.3944,3.44091,31.7,690.51336,215.172,0,7,12,2023,16.5,193,420,50,0.32773,50,0.08547
1523,2024-7-21,2,22.263,85.8158,3.81074,36.7,1018.13508,54.2216,0,7,21,2023,15,202,420,50,0.06421,50,0.01693
1524,2024-7-21,2,22.776,84.5827,4.27305,36.5,917.55037,74.2206,0,7,21,2023,15.5,202,420,50,0.09463,50,0.03145
1525,2024-7-21,2,23.356,89.7919,2.93024,36.1,683.63437,138.8,0,7,21,2023,16.5,202,420,50,0.18493,50,0.04529
1526,2024-7-22,2,20.875,99.9283,0.0177,35.7,608.43018,49.1545,0,7,22,2023,7.5,203,420,50,0.06327,50,0.02885
1527,2024-7-22,2,20.887,99.9562,0.01082,36,734.99395,121.397,0.1,7,22,2023,8,203,420,50,0.16446,50,0.06079
1528,2024-7-22,2,21.009,99.9574,0.0106,36.3,853.09099,204.786,0,7,22,2023,8.5,203,420,50,0.27314,50,0.07978
1529,2024-7-22,2,21.205,99.9988,3.02E-04,36.3,1137.30379,98.6801,0,7,22,2023,10,203,420,50,0.11711,50,0.04027
1530,2024-7-22,2,21.264,100,0,36.7,1252.76818,246.883,0,7,22,2023,11,203,420,50,0.28799,50,0.11593
1531,2024-7-22,2,21.453,99.9567,0.01107,36.1,1104.76464,372.525,0,7,22,2023,14.5,203,420,50,0.46531,50,0.11136
1532,2024-7-23,2,24.413,83.7201,4.97951,32.2,625.8086,567.02,0,7,12,2023,7.5,193,420,50,0.72494,50,0.21121
1533,2024-7-23,2,24.772,82.2948,5.53289,32.2,750.59929,877.014,0,7,12,2023,8,193,420,50,0.92263,50,0.29161
1534,2024-7-23,2,24.839,82.2437,5.57108,32.2,866.95643,1099.54,0,7,12,2023,8.5,193,420,50,1.02628,50,0.28807
1535,2024-7-23,2,24.967,83.0966,5.3441,32.1,972.88913,978.13,0,7,12,2023,9,193,420,50,0.95432,50,0.2857
1536,2024-7-23,2,25.619,79.4788,6.74423,32.1,1066.58484,1289.17,0,7,12,2023,9.5,193,420,50,1.08815,50,0.50717
1537,2024-7-23,2,25.832,77.1578,7.60233,32.1,1146.4404,1174.24,0,7,12,2023,10,193,420,50,1.03943,50,0.42083
1538,2024-7-23,2,25.772,76.4616,7.80627,32,1211.08947,1247.98,0,7,12,2023,10.5,193,420,50,1.06402,50,0.50075
1539,2024-7-23,2,26.023,76.8237,7.80116,32,1290.62257,1037.94,0,7,12,2023,11.5,193,420,50,0.97384,50,0.39406
1540,2024-7-23,2,25.554,83.8839,5.27613,31.8,1237.89106,731.331,0,7,12,2023,13.5,193,420,50,0.80211,50,0.23974
1541,2024-7-23,2,25.723,83.1037,5.58724,31.8,1181.45837,559.678,0,7,12,2023,14,193,420,50,0.68014,50,0.2258
1542,2024-7-23,2,25.701,85.2253,4.87931,31.7,922.51968,541.953,0,7,12,2023,15.5,193,420,50,0.65925,50,0.25251
1543,2024-7-23,2,25.559,87.1657,4.20297,31.7,811.25219,327.199,0,7,12,2023,16,193,420,50,0.46079,50,0.18774
1544,2024-7-24,2,22.263,85.8158,3.81074,36.7,1018.13508,54.2216,0,7,21,2023,15,202,420,50,0.06421,50,0.01693
1545,2024-7-24,2,22.776,84.5827,4.27305,36.5,917.55037,74.2206,0,7,21,2023,15.5,202,420,50,0.09463,50,0.03145
1546,2024-7-24,2,23.356,89.7919,2.93024,36.1,683.63437,138.8,0,7,21,2023,16.5,202,420,50,0.18493,50,0.04529
1547,2024-7-25,2,20.875,99.9283,0.0177,35.7,608.43018,49.1545,0,7,22,2023,7.5,203,420,50,0.06327,50,0.02885
1548,2024-7-25,2,20.887,99.9562,0.01082,36,734.99395,121.397,0.1,7,22,2023,8,203,420,50,0.16446,50,0.06079
1549,2024-7-25,2,21.009,99.9574,0.0106,36.3,853.09099,204.786,0,7,22,2023,8.5,203,420,50,0.27314,50,0.07978
1550,2024-7-25,2,21.205,99.9988,3.02E-04,36.3,1137.30379,98.6801,0,7,22,2023,10,203,420,50,0.11711,50,0.04027
1551,2024-7-25,2,21.264,100,0,36.7,1252.76818,246.883,0,7,22,2023,11,203,420,50,0.28799,50,0.11593
1552,2024-7-25,2,21.453,99.9567,0.01107,36.1,1104.76464,372.525,0,7,22,2023,14.5,203,420,50,0.46531,50,0.11136
1553,2024-7-26,2,25.554,83.8839,5.27613,31.8,1237.89106,731.331,0,7,12,2023,13.5,193,420,50,0.80211,50,0.23974
1554,2024-7-26,2,25.723,83.1037,5.58724,31.8,1181.45837,559.678,0,7,12,2023,14,193,420,50,0.68014,50,0.2258
1555,2024-7-26,2,25.701,85.2253,4.87931,31.7,922.51968,541.953,0,7,12,2023,15.5,193,420,50,0.65925,50,0.25251
1556,2024-7-26,2,25.559,87.1657,4.20297,31.7,811.25219,327.199,0,7,12,2023,16,193,420,50,0.46079,50,0.18774
1557,2024-7-26,2,25.402,89.3944,3.44091,31.7,690.51336,215.172,0,7,12,2023,16.5,193,420,50,0.32773,50,0.08547
1558,2024-8-5,2,27.589,79.9684,7.39247,31.3,781.44791,473.545,0,8,5,2023,16,217,420,50,0.51351,50,0.37982
1559,2024-8-5,2,26.95,84.3782,5.55338,31.3,656.7401,284.892,0,8,5,2023,16.5,217,420,50,0.36983,50,0.33512
1560,2024-8-17,2,26.129,65.987,11.52073,28.8,619.87888,591.93,0,8,17,2023,16.5,229,420,50,0.57625,50,0.31693
1561,2024-8-17,2,25.832,69.6561,10.09905,28.8,484.26148,353.126,0,8,17,2023,17,229,420,50,0.44097,50,0.27415
1562,2024-8-17,2,25.529,71.2968,9.383,28.7,343.18319,157.211,0,8,17,2023,17.5,229,420,50,0.2373,50,0.22641
1563,2024-8-18,2,23.874,68.5902,9.30177,28.5,1020.65666,939.524,0,8,18,2023,9.5,230,420,50,0.79077,50,0.28392
1564,2024-8-18,2,24.537,63.1352,11.35972,28.4,1104.80099,1072.85,0,8,18,2023,10,230,420,50,0.81621,50,0.31545
1565,2024-8-18,2,25.215,63.7007,11.64688,28.4,1172.80459,1509.38,0,8,18,2023,10.5,230,420,50,0.94716,50,0.62583
1566,2024-8-18,2,25.608,66.2148,11.09616,28.4,1223.50391,1297.76,0,8,18,2023,11,230,420,50,0.89828,50,0.44436
1567,2024-8-18,2,25.299,69.4734,9.84371,28.3,1256.03147,1009.13,0,8,18,2023,11.5,230,420,50,0.81196,50,0.38365
1568,2024-8-18,2,25.354,70.8328,9.43614,28.3,1269.8307,710.946,0,8,18,2023,12,230,420,50,0.66466,50,0.32556
1569,2024-8-18,2,25.737,74.2654,8.51694,28.1,968.58503,752.425,0,8,18,2023,15,230,420,50,0.68203,50,0.3432
1570,2024-8-18,2,25.42,75.7075,7.88995,28,862.43502,842.796,0,8,18,2023,15.5,230,420,50,0.72321,50,0.41242
1571,2024-8-18,2,25.413,76.756,7.54627,28,744.29124,678.07,0,8,18,2023,16,230,420,50,0.62429,50,0.3152
1572,2024-8-18,2,25.351,73.9342,8.43127,28,616.17516,469.347,0,8,18,2023,16.5,230,420,50,0.46245,50,0.24607
1573,2024-8-19,2,23.798,72.2575,8.17829,27.7,1019.08017,1306.15,0,8,19,2023,9.5,231,420,50,0.96341,50,0.42898
1574,2024-8-19,2,24.213,71.0827,8.73961,27.7,1103.26474,1451.38,0,8,19,2023,10,231,420,50,1.01225,50,0.48617
1575,2024-8-19,2,24.517,70.16,9.18407,27.6,1171.27181,1449.25,0,8,19,2023,10.5,231,420,50,1.00403,50,0.48205
1576,2024-8-19,2,25.289,66.6745,10.73986,27.6,1221.93776,1556.61,0,8,19,2023,11,231,420,50,1.01325,50,0.45566
1577,2024-8-19,2,25.158,62.65,11.94345,27.6,1254.39569,1437.64,0,8,19,2023,11.5,231,420,50,0.93557,50,0.40676
1578,2024-8-19,2,25.351,67.7993,10.41567,27.5,1268.09024,1280.83,0,8,19,2023,12,231,420,50,0.91903,50,0.39743
1579,2024-8-19,2,25.449,65.296,11.29091,27.5,1262.78707,1418.82,0,8,19,2023,12.5,231,420,50,0.95228,50,0.46206
1580,2024-8-19,2,25.354,69.0945,9.99851,27.5,1238.57694,1062.82,0,8,19,2023,13,231,420,50,0.83922,50,0.32067
1581,2024-8-19,2,25.135,72.7095,8.71478,27.4,1195.87409,851.026,0,8,19,2023,13.5,231,420,50,0.73726,50,0.2847
1582,2024-8-19,2,25.501,70.1643,9.73702,27.4,1135.40916,1157.66,0,8,19,2023,14,231,420,50,0.8807,50,0.35164
1583,2024-8-19,2,25.434,69.0193,10.07057,27.3,1058.21675,826.356,0,8,19,2023,14.5,231,420,50,0.70758,50,0.35045
1584,2024-8-19,2,25.97,64.0686,12.05671,27.3,965.61762,1035.61,0,8,19,2023,15,231,420,50,0.78128,50,0.44331
1585,2024-8-19,2,25.605,62.709,12.2454,27.3,859.19617,728.579,0,8,19,2023,15.5,231,420,50,0.62772,50,0.36913
1586,2024-8-19,2,25.851,64.0878,11.96574,27.2,740.77331,683.599,0,8,19,2023,16,231,420,50,0.60051,50,0.36926
1587,2024-8-19,2,24.911,68.1251,10.04384,27.2,612.37528,455.32,0,8,19,2023,16.5,231,420,50,0.45425,50,0.27467
1588,2024-8-19,2,24.796,69.6005,9.51348,27.2,476.19902,410.011,0,8,19,2023,17,231,420,50,0.44534,50,0.26479
1589,2024-8-19,2,24.144,73.0857,8.10067,27.1,334.57452,191.237,0,8,19,2023,17.5,231,420,50,0.24403,50,0.22756
1590,2024-8-20,2,22.486,86.5398,3.66557,26.8,1017.47757,932.041,0,8,20,2023,9.5,232,420,50,0.80839,50,0.29302
1591,2024-8-20,2,22.794,83.18,4.66691,26.8,1101.69648,1415.77,0,8,20,2023,10,232,420,50,1.00978,50,0.36972
1592,2024-8-20,2,23.487,80.0817,5.76288,26.8,1169.70086,1605.04,0,8,20,2023,10.5,232,420,50,1.06585,50,0.39546
1593,2024-8-20,2,24.918,71.2156,9.07381,26.7,1260.84527,1444.15,0,8,20,2023,12.5,232,420,50,1.00714,50,0.43729
1594,2024-8-20,2,25.272,65.3574,11.15305,26.6,1236.46035,1538.47,0,8,20,2023,13,232,420,50,1.03242,50,0.6081
1595,2024-8-20,2,23.979,80.6487,5.76699,26.6,1132.86348,360.997,0,8,20,2023,14,232,420,50,0.41379,50,0.12847
1596,2024-8-20,2,24.197,80.6693,5.83667,26.5,1055.4241,476.719,0,8,20,2023,14.5,232,420,50,0.516,50,0.1214
1597,2024-8-20,2,24.515,76.8694,7.11822,26.5,962.56191,787.442,0,8,20,2023,15,232,420,50,0.71865,50,0.25078
1598,2024-8-20,2,24.772,71.5701,8.88436,26.5,855.86581,551.856,0,8,20,2023,15.5,232,420,50,0.55339,50,0.20045
1599,2024-8-20,2,24.988,72.4888,8.7087,26.4,608.47977,612.429,0,8,20,2023,16.5,232,420,50,0.60476,50,0.29462
1600,2024-8-20,2,24.687,73.8966,8.11605,26.4,472.02266,248.285,0,8,20,2023,17,232,420,50,0.3018,50,0.1195
1601,2024-8-20,2,24.114,80.0322,5.99911,26.4,330.12491,61.7543,0,8,20,2023,17.5,232,420,50,0.08298,50,0.10673
1602,2024-8-21,2,21.137,94.9359,1.27008,30.7,409.52042,83.2138,0,8,21,2023,7,233,420,50,0.12162,50,0.03595
1603,2024-8-21,2,21.265,94.5215,1.38484,30.7,548.7937,186.339,0,8,21,2023,7.5,233,420,50,0.25263,50,0.07367
1604,2024-8-21,2,21.867,90.8425,2.40162,30.7,681.2481,189.654,0,8,21,2023,8,233,420,50,0.25615,50,0.07842
1605,2024-8-21,2,21.79,97.7716,0.58167,30.8,1234.27372,156.349,0,8,21,2023,13,233,420,50,0.20876,50,0.05654
1606,2024-8-21,2,20.636,95.3341,1.13472,34.5,604.48922,45.793,1.1,8,21,2023,16.5,233,420,50,0.06249,50,0.01952
1607,2024-8-22,2,21.446,92.3412,1.95756,33.8,1166.44038,428.65,0,8,22,2023,10.5,234,420,50,0.52041,50,0.13021
1608,2024-8-22,2,22.751,83.129,4.66888,33.7,1249.17911,1353.77,0,8,22,2023,11.5,234,420,50,0.91245,50,0.3598
1609,2024-8-22,2,23.176,78.727,6.04043,33.7,1262.52181,1148.05,0,8,22,2023,12,234,420,50,0.85595,50,0.3001
1610,2024-8-22,2,23.002,81.9911,5.06009,33.6,1256.76806,774.858,0,8,22,2023,12.5,234,420,50,0.72145,50,0.18117
1611,2024-8-22,2,23.624,78.6261,6.23526,33.5,1188.69005,1652.59,0,8,22,2023,13.5,234,420,50,0.96479,50,0.63217
1612,2024-8-22,2,23.74,77.5189,6.60419,33.5,1127.53062,1485.06,0,8,22,2023,14,234,420,50,0.92795,50,0.55647
1613,2024-8-22,2,23.952,76.7337,6.92249,33.2,848.93118,1041.71,0,8,22,2023,15.5,234,420,50,0.80443,50,0.46161
1614,2024-8-22,2,23.09,79.8053,5.70453,33.1,463.38398,333.257,0,8,22,2023,17,234,420,50,0.4272,50,0.28307
1615,2024-8-22,2,22.903,79.9063,5.61216,33,320.94064,197.425,0,8,22,2023,17.5,234,420,50,0.27508,50,0.25083
1616,2024-8-23,2,23.768,52.4149,14.00246,32.2,1096.78986,1471.29,0,8,23,2023,10,235,420,50,0.88889,50,0.52048
1617,2024-8-23,2,24.177,49.9308,15.09968,32.2,1164.7488,1572.16,0,8,23,2023,10.5,235,420,50,0.89828,50,0.55029
1618,2024-8-23,2,24.491,47.6662,16.08213,32.1,1215.21796,1642.83,0,8,23,2023,11,235,420,50,0.90241,50,0.54662
1619,2024-8-23,2,24.777,48.844,15.99106,32.1,1247.33381,1701.07,0,8,23,2023,11.5,235,420,50,0.90638,50,0.56622
1620,2024-8-23,2,24.913,50.5192,15.59336,32,1260.54683,1723.2,0,8,23,2023,12,235,420,50,0.90542,50,0.61264
1621,2024-8-23,2,25.236,52.5283,15.25066,31.9,1254.63096,1689.21,0,8,23,2023,12.5,235,420,50,0.89757,50,0.54459
1622,2024-8-23,2,25.617,53.6163,15.24205,31.9,1229.6874,1652.64,0,8,23,2023,13,235,420,50,0.88829,50,0.49135
1623,2024-8-23,2,25.375,52.2966,15.45221,31.8,1186.14295,1515.37,0,8,23,2023,13.5,235,420,50,0.86388,50,0.46789
1624,2024-8-23,2,24.881,50.5056,15.56792,31.6,845.32741,249.445,0,8,23,2023,15.5,235,420,50,0.33081,50,0.11461
1625,2024-8-23,2,24.415,62.2932,11.53471,31.5,725.76598,301.587,0,8,23,2023,16,235,420,50,0.38029,50,0.09757
1626,2024-8-24,2,23.637,54.6597,13.23717,30.9,1163.01495,1550.03,0,8,24,2023,10.5,236,420,50,0.79329,50,0.49424
1627,2024-8-24,2,23.595,53.8171,13.44912,30.8,1213.41908,1624.19,0,8,24,2023,11,236,420,50,0.79787,50,0.59384
1628,2024-8-24,2,23.929,55.3458,13.26775,30.8,1245.43367,1701.12,0,8,24,2023,11.5,236,420,50,0.80374,50,0.52843
1629,2024-8-24,2,24.402,57.4129,13.01749,30.7,1258.51094,1777.8,0,8,24,2023,12,236,420,50,0.81049,50,0.47278
1630,2024-8-24,2,24.341,59.2865,12.39944,30.7,1252.42715,782.694,0,8,24,2023,12.5,236,420,50,0.61489,50,0.18966
1631,2024-8-24,2,24.096,61.9822,11.40972,30.6,1227.28638,493.343,0,8,24,2023,13,236,420,50,0.49443,50,0.11402
1632,2024-8-24,2,24.144,62.7061,11.22473,30.6,1183.5188,467.204,0,8,24,2023,13.5,236,420,50,0.47551,50,0.14874
1633,2024-8-24,2,24.331,63.7482,11.03401,30.6,1121.87328,1365.68,0,8,24,2023,14,236,420,50,0.75081,50,0.52691
1634,2024-8-24,2,24.259,60.2276,12.05349,30.5,949.45539,832.553,0,8,24,2023,15,236,420,50,0.62131,50,0.37748
1635,2024-8-24,2,24.419,59.2634,12.46453,30.4,841.63313,954.228,0,8,24,2023,15.5,236,420,50,0.64996,50,0.43733
1636,2024-8-24,2,24.513,59.6179,12.42572,30.4,721.7827,794.657,0,8,24,2023,16,236,420,50,0.60067,50,0.41093
1637,2024-8-24,2,24.375,61.4924,11.75152,30.3,591.95476,604.024,0,8,24,2023,16.5,236,420,50,0.52562,50,0.31531
1638,2024-8-24,2,24.001,62.0875,11.31344,30.3,454.37071,332.72,0,8,24,2023,17,236,420,50,0.37429,50,0.2292
1639,2024-8-24,2,23.795,62.2859,11.11584,30.3,311.38466,208.608,0,8,24,2023,17.5,236,420,50,0.25789,50,0.18362
1640,2024-8-25,2,21.257,77.6187,5.65471,30.1,797.25824,561.238,0,8,25,2023,8.5,237,420,50,0.58132,50,0.18233
1641,2024-8-25,2,21.476,76.0713,6.12731,30,909.78042,553.391,0,8,25,2023,9,237,420,50,0.57699,50,0.15717
1642,2024-8-25,2,21.781,73.1676,7.00015,30,1009.04067,651.434,0,8,25,2023,9.5,237,420,50,0.62452,50,0.149
1643,2024-8-25,2,22.69,75.2008,6.8376,29.9,1211.57061,909.119,0,8,25,2023,11,237,420,50,0.72309,50,0.15358
1644,2024-8-25,2,22.863,76.981,6.41364,29.9,1256.41328,707.238,0,8,25,2023,12,237,420,50,0.66155,50,0.21907
1645,2024-8-25,2,22.859,77.0029,6.40599,29.9,1250.15589,489.218,0,8,25,2023,12.5,237,420,50,0.55823,50,0.16987
1646,2024-8-25,2,22.506,80.4665,5.32596,29.8,1224.81264,345.516,0,8,25,2023,13,237,420,50,0.45198,50,0.12581
1647,2024-8-25,2,22.11,82.107,4.76259,29.8,945.95833,320.348,0,8,25,2023,15,237,420,50,0.44515,50,0.1187
1648,2024-8-25,2,21.861,83.9479,4.20824,29.8,837.8488,253.103,0,8,25,2023,15.5,237,420,50,0.37814,50,0.08486
1649,2024-8-25,2,21.715,85.4735,3.77449,29.7,717.70811,272.795,0,8,25,2023,16,237,420,50,0.40822,50,0.08941
1650,2024-8-25,2,21.777,86.0183,3.64671,29.7,587.59188,308.663,0,8,25,2023,16.5,237,420,50,0.45024,50,0.11417
1651,2024-8-26,2,22.101,80,5.3205,29.6,397.99042,200.233,0,8,26,2023,7,238,420,50,0.43443,50,0.13372
1652,2024-8-26,2,22.303,80.7575,5.1823,29.6,538.18255,405.353,0,8,26,2023,7.5,238,420,50,0.65925,50,0.18684
1653,2024-8-26,2,22.504,81.5602,5.02714,29.6,671.40241,397.043,0,8,26,2023,8,238,420,50,0.65253,50,0.16351
1654,2024-8-26,2,22.241,83.4621,4.43715,29.5,795.37057,263.986,0,8,26,2023,8.5,238,420,50,0.5197,50,0.09336
1655,2024-8-26,2,22.384,84.5302,4.18682,29.5,907.96591,366.528,0,8,26,2023,9,238,420,50,0.63298,50,0.15095
1656,2024-8-26,2,23.37,84.4431,4.46938,29.5,1159.41642,1346.98,0,8,26,2023,10.5,238,420,50,1.01257,50,0.48453
1657,2024-8-26,2,23.392,84.2157,4.54073,29.4,1209.67158,1433.31,0,8,26,2023,11,238,420,50,1.02988,50,0.36155
1658,2024-8-26,2,23.618,83.2635,4.88066,29.4,1241.46511,1018.87,0,8,26,2023,11.5,238,420,50,0.95063,50,0.28396
1659,2024-8-26,2,24.237,80.0803,6.02895,29.3,1247.81649,1177.57,0,8,26,2023,12.5,238,420,50,0.99355,50,0.32347
1660,2024-8-26,2,24.429,78.9717,6.43806,29.3,1222.26565,1048.64,0,8,26,2023,13,238,420,50,0.96403,50,0.35938
1661,2024-8-26,2,25.136,73.9326,8.32469,29.2,1115.88938,1209.33,0,8,26,2023,14,238,420,50,1.00726,50,0.37538
1662,2024-8-27,2,20.903,99.8843,0.0286,28.5,1089.73939,84.1484,1.2,8,27,2023,10,239,420,50,0.19759,50,0.05966
1663,2024-8-27,2,20.948,99.8873,0.02794,30.1,1157.54971,107.796,1.1,8,27,2023,10.5,239,420,50,0.24574,50,0.06746
1664,2024-8-27,2,21.092,99.9194,0.02016,33.4,1252.02939,124.799,0,8,27,2023,12,239,420,50,0.2687,50,0.05725
1665,2024-8-27,2,21.186,99.9252,0.01882,33.7,1245.4083,93.3748,0.3,8,27,2023,12.5,239,420,50,0.20476,50,0.05481
1666,2024-8-27,2,21.396,99.9758,0.00617,36.8,830.01222,76.2957,6.5,8,27,2023,15.5,239,420,50,0.15487,50,0.0559
1667,2024-8-27,2,20.769,99.7456,0.06238,37.1,709.28825,173.548,1.8,8,27,2023,16,239,420,50,0.34035,50,0.09783
1668,2024-8-27,2,21.274,97.1867,0.71153,36.4,578.59516,224.871,0.2,8,27,2023,16.5,239,420,50,0.44127,50,0.10123
1669,2024-8-27,2,21.477,95.9908,1.02668,35.9,440.16915,116.899,0.2,8,27,2023,17,239,420,50,0.26123,50,0.07046
1670,2024-8-28,2,14.8,99.6146,0.06488,35.4,393.34043,238.949,0,8,28,2023,7,240,420,50,0.4473,50,0.11061
1671,2024-8-28,2,15.099,98.4966,0.25802,35.3,533.86983,225.034,0,8,28,2023,7.5,240,420,50,0.41892,50,0.10369
1672,2024-8-28,2,15.869,98.5849,0.25516,35,1087.87927,751.77,0,8,28,2023,10,240,420,50,0.86307,50,0.21416
1673,2024-8-28,2,15.563,99.8587,0.02498,34.5,573.96367,117.859,0.1,8,28,2023,16.5,240,420,50,0.23116,50,0.04665
1674,2024-8-28,2,15.474,99.9342,0.01157,34.6,435.25896,55.4858,0,8,28,2023,17,240,420,50,0.11607,50,0.06368
1675,2024-8-28,2,15.565,99.9863,0.00242,34.8,291.20397,29.5253,0.1,8,28,2023,17.5,240,420,50,0.06419,50,0.03446
1676,2024-8-30,2,18.73,77.8403,4.78793,33.2,900.43171,994.635,0,8,30,2023,9,242,420,50,0.90838,50,0.22333
1677,2024-8-30,2,20.158,72.9421,6.38904,33,1201.55088,1344.58,0,8,30,2023,11,242,420,50,1.06593,50,0.27901
1678,2024-8-30,2,19.913,71.9663,6.51984,33,1232.83032,769.958,0,8,30,2023,11.5,242,420,50,0.73832,50,0.20844
1679,2024-8-30,2,19.623,75.7738,5.5339,32.7,817.59816,381.385,0,8,30,2023,15.5,242,420,50,0.43268,50,0.09796
1680,2024-8-30,2,19.511,77.53,5.09716,32.7,695.99624,360.551,0,8,30,2023,16,242,420,50,0.41744,50,0.10534
1681,2024-8-30,2,19.292,80.2201,4.42623,32.6,564.44097,344.423,0,8,30,2023,16.5,242,420,50,0.39985,50,0.06693
1682,2024-8-31,2,23.71512,69.3008,9.00491,32,1162.96465,1299.63767,0,8,31,2023,13.5,243,420,50,1.02898,50,0.51027
1683,2024-8-31,2,23.86246,69.13806,9.13319,31.9,1099.49714,1244.52934,0,8,31,2023,14,243,420,50,1.00397,50,0.45198
1684,2024-8-31,2,23.92305,69.05869,9.19007,31.8,1019.1004,1177.08565,0,8,31,2023,14.5,243,420,50,0.97218,50,0.44355
1685,2024-8-31,2,23.88212,69.12723,9.14719,31.8,923.15004,1089.72831,0,8,31,2023,15,243,420,50,0.9289,50,0.42928
1686,2024-8-31,2,23.74765,69.21502,9.04775,31.7,813.2878,978.40124,0,8,31,2023,15.5,243,420,50,0.86987,50,0.4048
1687,2024-8-31,2,23.53397,69.29865,8.90787,31.7,691.39346,849.56972,0,8,31,2023,16,243,420,50,0.79534,50,0.3852
1688,2024-8-31,2,23.19424,69.39399,8.7001,31.7,559.55266,709.18054,0,8,31,2023,16.5,243,420,50,0.70517,50,0.30699
1689,2024-8-31,2,22.14502,79.24506,5.53615,31.6,275.18659,413.8089,0,8,31,2023,17.5,243,420,50,0.4753,50,0.23406
1690,2024-9-1,2,23.52053,65.51287,9.9982,30.8,1159.7142,1333.30291,0,9,1,2023,13.5,244,420,50,1.03854,50,0.53372
1691,2024-9-1,2,23.64839,65.62546,10.04258,30.7,1095.974,1283.63579,0,9,1,2023,14,244,420,50,1.0168,50,0.47928
1692,2024-9-1,2,23.68154,65.76322,10.0223,30.7,1015.29237,1210.19016,0,9,1,2023,14.5,244,420,50,0.98548,50,0.46819
1693,2024-9-1,2,23.61166,65.95718,9.9237,30.6,919.04977,1114.2561,0,9,1,2023,15,244,420,50,0.94198,50,0.44293
1694,2024-9-1,2,23.44962,66.16671,9.76682,30.6,808.89296,1000.97361,0,9,1,2023,15.5,244,420,50,0.88599,50,0.42937
1695,2024-9-1,2,23.22234,66.26058,9.60709,30.5,686.70675,869.51245,0,9,1,2023,16,244,420,50,0.81468,50,0.39369
1696,2024-9-1,2,22.82851,66.35935,9.35353,30.5,554.58177,722.11829,0,9,1,2023,16.5,244,420,50,0.72499,50,0.33009
1697,2024-9-1,2,21.66892,74.16061,6.6951,30.4,269.68968,417.35114,0,9,1,2023,17.5,244,420,50,0.49483,50,0.25347
1698,2024-9-2,2,17.15213,82.84479,3.3564,30.3,781.52365,409.6264,0,9,2,2023,8.5,245,420,50,0.49821,50,0.13136
1699,2024-9-2,2,21.20996,67.87052,8.09425,30.2,1077.94313,938.51075,0,9,2,2023,10,245,420,50,0.85718,50,0.22669
1700,2024-9-2,2,21.40288,67.36819,8.31856,30.2,1145.34341,1063.25734,0,9,2,2023,10.5,245,420,50,0.919,50,0.23064
1701,2024-9-2,2,23.75564,65.26429,10.21379,29.9,1156.38523,1204.92453,0,9,2,2023,13.5,245,420,50,0.97679,50,0.30695
1702,2024-9-2,2,23.82459,65.55965,10.169,29.9,1092.36996,1155.96668,0,9,2,2023,14,245,420,50,0.95711,50,0.34216
1703,2024-9-3,2,18.60868,89.58624,2.23304,29.5,520.63019,67.73374,0,9,3,2023,7.5,246,420,50,0.1098,50,0.04441
1704,2024-9-3,2,18.51358,89.79609,2.17505,29.5,654.80683,121.48186,0,9,3,2023,8,246,420,50,0.1918,50,0.06225
1705,2024-9-3,2,18.42208,89.8987,2.14087,29.5,779.44372,154.78008,0,9,3,2023,8.5,246,420,50,0.23828,50,0.06425
1706,2024-9-3,2,19.66919,86.44431,3.10537,29.5,892.40829,188.76633,0,9,3,2023,9,246,420,50,0.28276,50,0.09522
1707,2024-9-3,2,20.90919,82.60498,4.30207,29.4,991.76768,225.98804,0,9,3,2023,9.5,246,420,50,0.32837,50,0.07587
1708,2024-9-3,2,20.7927,81.89646,4.44534,29.4,1075.82182,262.63902,0,9,3,2023,10,246,420,50,0.37052,50,0.1093
1709,2024-9-3,2,21.03375,73.50043,6.60412,29.2,1088.68545,441.50042,6.39E-04,9,3,2023,14,246,420,50,0.5459,50,0.15814
1710,2024-9-3,2,20.84255,74.79858,6.20724,29.2,799.85452,270.53072,0.00283,9,3,2023,15.5,246,420,50,0.38284,50,0.10637
1711,2024-9-3,2,20.74371,75.20006,6.07132,29.1,677.08728,220.46103,0.00429,9,3,2023,16,246,420,50,0.32588,50,0.06124
1712,2024-9-3,2,20.61969,75.6342,5.91966,29.1,544.39907,171.19071,0.00429,9,3,2023,16.5,246,420,50,0.26441,50,0.07422
1713,2024-9-3,2,20.45776,79.83989,4.84924,29.1,404.06021,123.26246,0.00401,9,3,2023,17,246,420,50,0.19844,50,0.04925
1714,2024-9-3,2,20.27315,84.05598,3.79166,29.1,258.47194,84.33289,0.00401,9,3,2023,17.5,246,420,50,0.13953,50,0.04925
1715,2024-9-4,2,18.36716,87.95279,2.54452,28.9,518.37135,56.72175,0.03859,9,4,2023,7.5,247,420,50,0.09763,50,0.04016
1716,2024-9-4,2,18.16675,88.50857,2.3968,28.9,652.64185,99.17982,0.02572,9,4,2023,8,247,420,50,0.16833,50,0.05965
1717,2024-9-4,2,19.63994,85.36037,3.3476,28.9,890.31835,238.80122,0.40411,9,4,2023,9,247,420,50,0.35836,50,0.07583
1718,2024-9-4,2,20.46988,79.48908,4.93731,28.8,1223.60543,395.73417,0.00593,9,4,2023,12.5,247,420,50,0.52144,50,0.13566
1719,2024-9-4,2,20.59801,79.48524,4.9774,28.7,906.25291,284.05075,5.47E-04,9,4,2023,15,247,420,50,0.41329,50,0.11495
1720,2024-9-4,2,20.5008,79.62008,4.91514,28.7,795.21348,252.94428,5.47E-04,9,4,2023,15.5,247,420,50,0.37897,50,0.10347
1721,2024-9-4,2,20.35968,79.84504,4.81875,28.7,672.15762,220.41651,0.0094,9,4,2023,16,247,420,50,0.34077,50,0.08
1722,2024-9-4,2,20.22783,80.24142,4.68567,28.7,539.19085,226.6004,0.0094,9,4,2023,16.5,247,420,50,0.3486,50,0.07316
1723,2024-9-4,2,20.08922,83.92533,3.77951,28.7,252.75567,163.1977,0.01049,9,4,2023,17.5,247,420,50,0.2673,50,0.06264
1724,2024-9-5,2,23.17791,76.29701,6.73119,28.6,1229.05649,1042.7427,0.10253,9,5,2023,12,248,420,50,0.91731,50,0.33667
1725,2024-9-5,2,23.57971,75.09124,7.24711,28.6,1220.55752,1100.7362,0.10253,9,5,2023,12.5,248,420,50,0.93957,50,0.2749
1726,2024-9-5,2,23.73592,76.10318,7.01836,28.5,1145.92939,977.58981,0.15517,9,5,2023,13.5,248,420,50,0.89106,50,0.24616
1727,2024-9-5,2,23.78209,76.29539,6.98126,28.5,1081.07713,850.94968,0.04068,9,5,2023,14,248,420,50,0.8345,50,0.34007
1728,2024-9-5,2,23.27082,77.66052,6.37968,28.4,667.15021,549.62743,0.13026,9,5,2023,16,248,420,50,0.66165,50,0.34589
1729,2024-9-5,2,23.0439,78.19276,6.14289,28.4,533.90729,451.17307,0.13026,9,5,2023,16.5,248,420,50,0.58782,50,0.24792
1730,2024-9-5,2,22.80835,82.34113,4.90393,28.3,393.04413,352.96002,0.00228,9,5,2023,17,248,420,50,0.50145,50,0.20933
1731,2024-9-5,2,22.55874,86.56421,3.67512,28.3,246.97095,257.29665,0.00228,9,5,2023,17.5,248,420,50,0.401,50,0.20933
1732,2024-9-6,2,23.90897,76.56316,6.95523,28.2,1185.18606,1062.37383,0.03649,9,6,2023,11,249,420,50,0.92697,50,0.36773
1733,2024-9-6,2,24.04887,76.42536,7.05513,28.1,1215.35346,1086.63551,0.03649,9,6,2023,11.5,249,420,50,0.93564,50,0.35054
1734,2024-9-6,2,24.31506,74.70643,7.69129,28.1,1226.16554,1063.37541,0.03284,9,6,2023,12,249,420,50,0.92742,50,0.32222
1735,2024-9-6,2,24.53563,73.26411,8.23787,28,1217.43727,1035.07247,0.03284,9,6,2023,12.5,249,420,50,0.91716,50,0.32866
1736,2024-9-6,2,24.57668,74.20862,7.96637,28,1142.2889,877.78642,0.02572,9,6,2023,13.5,249,420,50,0.8541,50,0.35393
1737,2024-9-6,2,23.92838,78.88075,6.27476,27.8,528.55039,495.61955,0.02007,9,6,2023,16.5,249,420,50,0.63821,50,0.2424
1738,2024-9-6,2,23.59337,81.84409,5.28674,27.7,387.43001,389.06171,2.74E-04,9,6,2023,17,249,420,50,0.55155,50,0.20165
1739,2024-9-7,2,24.13577,75.77306,7.28824,27.6,1066.85744,871.33757,0.00712,9,7,2023,10,250,420,50,0.85746,50,0.32493
1740,2024-9-7,2,23.523,74.9756,7.25593,27.5,1212.60089,771.483,0,9,7,2023,11.5,250,420,50,0.94945,50,0.24294
1741,2024-9-7,2,25.15172,71.64576,9.06348,27.5,1223.20556,1132.63153,0.02436,9,7,2023,12,250,420,50,0.95159,50,0.30298
1742,2024-9-7,2,23.734,81.9346,5.30509,27.3,1073.15414,367.664,0,9,7,2023,14,250,420,50,0.5392,50,0.13336
1743,2024-9-7,2,24.097,79.623,6.11581,27.3,892.73499,408.076,0,9,7,2023,15,250,420,50,0.57772,50,0.12659
1744,2024-9-7,2,23.973,78.6818,6.35087,27.3,780.82028,361.317,0,9,7,2023,15.5,250,420,50,0.53313,50,0.13419
1745,2024-9-8,2,23.663,70.8703,8.51778,27.1,643.73884,762.941,0,9,8,2023,8,251,420,50,0.85584,50,0.18234
1746,2024-9-8,2,23.993,71.416,8.52564,27.1,768.5967,1055.94,0,9,8,2023,8.5,251,420,50,0.95537,50,0.24146
1747,2024-9-8,2,23.972,73.6955,7.83586,27.1,881.59107,1153.07,0,9,8,2023,9,251,420,50,0.98025,50,0.263
1748,2024-9-8,2,23.972,74.9232,7.47014,27,980.78859,1344.37,0,9,8,2023,9.5,251,420,50,1.02063,50,0.30507
1749,2024-9-8,2,23.418,76.7595,6.69618,27,1131.26898,591.515,0,9,8,2023,10.5,251,420,50,0.73677,50,0.14433
1750,2024-9-8,2,23.423,79.0912,6.02617,27,1179.9771,394.2,0,9,8,2023,11,251,420,50,0.59568,50,0.13075
1751,2024-9-8,2,23.948,76.9984,6.84209,26.9,1209.78289,1058.22,0,9,8,2023,11.5,251,420,50,0.93052,50,0.3171
1752,2024-9-8,2,24.178,75.8377,7.28721,26.9,1220.17637,1059.31,0,9,8,2023,12,251,420,50,0.92943,50,0.37182
1753,2024-9-8,2,24.945,68.2759,10.0166,26.9,1210.97972,1281,0,9,8,2023,12.5,251,420,50,0.98702,50,0.38403
1754,2024-9-8,2,24.718,70.0447,9.33093,26.9,1182.35028,1131.82,0,9,8,2023,13,251,420,50,0.94344,50,0.39704
1755,2024-9-8,2,24.865,70.0054,9.42547,26.8,1134.77791,989.426,0,9,8,2023,13.5,251,420,50,0.88251,50,0.41653
1756,2024-9-8,2,25.129,65.3704,11.05445,26.8,1069.07658,1127.17,0,9,8,2023,14,251,420,50,0.90822,50,0.47097
1757,2024-9-8,2,25.003,68.5867,9.9528,26.8,986.37048,636.575,0,9,8,2023,14.5,251,420,50,0.75027,50,0.30566
1758,2024-9-8,2,24.904,70.6187,9.25424,26.7,888.07472,497.881,0,9,8,2023,15,251,420,50,0.66709,50,0.19879
1759,2024-9-8,2,24.646,71.3536,8.88494,26.7,775.87116,230.794,0,9,8,2023,15.5,251,420,50,0.40711,50,0.10245
1760,2024-9-8,2,23.568,76.2163,6.9149,26.7,517.62513,62.3862,0.5,9,8,2023,16.5,251,420,50,0.12532,50,0.06359
1761,2024-9-8,2,23.563,75.9578,6.98795,26.7,376.00132,106.44,0,9,8,2023,17,251,420,50,0.22849,50,0.07584
1762,2024-9-9,2,22.33,74.4705,6.88678,26.5,641.44713,686.865,0,9,9,2023,8,252,420,50,0.81415,50,0.19077
1763,2024-9-9,2,22.424,77.5989,6.07749,26.5,766.33044,824.05,0,9,9,2023,8.5,252,420,50,0.8573,50,0.24565
1764,2024-9-9,2,22.631,77.6268,6.14668,26.5,879.31216,1085.6,0,9,9,2023,9,252,420,50,0.93629,50,0.30922
1765,2024-9-9,2,23.331,75.6158,6.98894,26.5,978.45914,1345.72,0,9,9,2023,9.5,252,420,50,0.9963,50,0.30139
1766,2024-9-9,2,24.624,71.5713,8.80584,26.3,1178.75472,333.983,0,9,9,2023,13,252,420,50,0.51563,50,0.11935
1767,2024-9-9,2,25.096,69.3794,9.75552,26.3,1130.9086,679.316,0,9,9,2023,13.5,252,420,50,0.74876,50,0.25962
1768,2024-9-9,2,26.217,67.1827,11.17362,26.2,981.92653,592.321,0,9,9,2023,14.5,252,420,50,0.68351,50,0.22504
1769,2024-9-9,2,25.148,70.518,9.42188,26.2,883.3397,249.727,0,9,9,2023,15,252,420,50,0.41499,50,0.17887
1770,2024-9-9,2,25.128,69.4263,9.75915,26.1,770.84922,198.661,0,9,9,2023,15.5,252,420,50,0.35337,50,0.10571
1771,2024-9-9,2,25.582,65.9004,11.18216,26.1,646.37984,550.793,0,9,9,2023,16,252,420,50,0.66052,50,0.3326
1772,2024-9-9,2,25.281,69.632,9.78209,26.1,370.19169,269.516,0,9,9,2023,17,252,420,50,0.4469,50,0.17627
1773,2024-9-10,2,23.331,75.871,6.91579,25.9,764.02941,942.936,0,9,10,2023,8.5,253,420,50,0.89681,50,0.26209
1774,2024-9-10,2,23.763,77.6441,6.5765,25.8,876.99235,1038.7,0,9,10,2023,9,253,420,50,0.92265,50,0.28087
1775,2024-9-10,2,23.284,78.6152,6.1119,25.8,976.0829,1141.68,0,9,10,2023,9.5,253,420,50,0.94909,50,0.28013
1776,2024-9-10,2,23.384,79.5156,5.88999,25.8,1059.60561,1297.32,0,9,10,2023,10,253,420,50,0.98871,50,0.32945
1777,2024-9-10,2,24.118,75.6188,7.32683,25.7,1204.23334,393.424,0,9,10,2023,12.5,253,420,50,0.56619,50,0.13616
1778,2024-9-10,2,24.32,75.3056,7.51132,25.6,1175.08527,559.735,0,9,10,2023,13,253,420,50,0.68383,50,0.22256
1779,2024-9-10,2,24.413,77.4393,6.90061,25.6,1126.96435,590.21,0,9,10,2023,13.5,253,420,50,0.69778,50,0.23487
1780,2024-9-10,2,24.12,79.4768,6.16819,25.6,1060.69396,514.942,0,9,10,2023,14,253,420,50,0.64978,50,0.15318
1781,2024-9-10,2,24.036,80.1079,5.94847,25.6,977.408,448.026,0,9,10,2023,14.5,253,420,50,0.59389,50,0.13873
1782,2024-9-10,2,23.74,82.9663,5.00393,25.5,878.53151,296.997,0,9,10,2023,15,253,420,50,0.44564,50,0.11782
1783,2024-9-10,2,22.821,87.4784,3.47995,25.5,765.75631,246.485,0,9,10,2023,15.5,253,420,50,0.401,50,0.10803
1784,2024-9-11,2,21.6,84.306,4.04929,25.4,502.02167,299.557,0,9,11,2023,7.5,254,420,50,0.48387,50,0.1082
1785,2024-9-11,2,21.886,81.5721,4.83845,25.4,636.77712,437.617,0,9,11,2023,8,254,420,50,0.62581,50,0.11214
1786,2024-9-11,2,22.533,79.0534,5.72062,25.3,761.69255,979.005,0,9,11,2023,8.5,254,420,50,0.95707,50,0.2344
1787,2024-9-11,2,22.787,76.7602,6.44543,25.3,874.63063,1056.82,0,9,11,2023,9,254,420,50,0.97797,50,0.25349
1788,2024-9-11,2,23.246,68.2543,9.05232,25.3,973.65894,1254.39,0,9,11,2023,9.5,254,420,50,1.03802,50,0.27921
1789,2024-9-11,2,23.664,67.6562,9.45818,25.2,1171.7007,821.732,0,9,11,2023,11,254,420,50,0.86819,50,0.20335
1790,2024-9-11,2,23.837,62.8523,10.97657,25.2,1200.93301,733.905,0,9,11,2023,11.5,254,420,50,0.80832,50,0.21203
1791,2024-9-11,2,24.065,64.9148,10.51004,25.2,1210.67243,1068.25,0,9,11,2023,12,254,420,50,0.95899,50,0.29801
1792,2024-9-11,2,24.629,58.6033,12.82652,25.1,1171.34244,883.612,0,9,11,2023,13,254,420,50,0.84691,50,0.23721
1793,2024-9-11,2,24.574,59.2645,12.58025,25.1,1122.94596,831.126,0,9,11,2023,13.5,254,420,50,0.82653,50,0.26693
1794,2024-9-11,2,25.181,60.2276,12.73547,25,1056.39098,831.729,0,9,11,2023,14,254,420,50,0.82552,50,0.35719
1795,2024-9-11,2,22.621,84.2802,4.31614,25,873.65183,171.257,0,9,11,2023,15,254,420,50,0.29909,50,0.06571
1796,2024-9-12,2,19.387,98.1626,0.4136,24.8,971.18635,119.72,0,9,12,2023,9.5,255,420,50,0.2327,50,0.06379
1797,2024-9-12,2,18.489,98.9038,0.23331,24.8,1054.50666,113.857,0,9,12,2023,10,255,420,50,0.21395,50,0.04052
1798,2024-9-12,2,17.974,99.3051,0.14319,24.8,1120.76127,130.793,0,9,12,2023,10.5,255,420,50,0.24405,50,0.04949
1799,2024-9-12,2,17.598,99.5392,0.09273,24.8,1197.85026,133.084,0,9,12,2023,11.5,255,420,50,0.24294,50,0.04952
1800,2024-9-12,2,17.529,99.5979,0.08057,24.8,1207.36562,143.057,0.1,9,12,2023,12,255,420,50,0.26083,50,0.06006
1801,2024-9-12,2,17.451,99.6255,0.07467,24.8,1197.19983,255.351,0,9,12,2023,12.5,255,420,50,0.42643,50,0.09387
1802,2024-9-12,2,17.373,99.7033,0.05887,24.8,1118.85431,108.452,0.3,9,12,2023,13.5,255,420,50,0.20591,50,0.03583
1803,2024-9-12,2,17.307,99.739,0.05157,24.8,1052.0151,88.8125,0,9,12,2023,14,255,420,50,0.17045,50,0.05557
1804,2024-9-12,2,16.53,99.8002,0.03758,24.8,868.70238,53.0473,0.2,9,12,2023,15,255,420,50,0.10837,50,0.03035
1805,2024-9-12,2,16.269,99.8232,0.0327,24.8,755.36542,62.5995,0.1,9,12,2023,15.5,255,420,50,0.12814,50,0.03035
1806,2024-9-13,2,15.647,99.7239,0.04908,37.1,497.14695,130.416,0.1,9,13,2023,7.5,256,420,50,0.24675,50,0.06622
1807,2024-9-13,2,15.77,99.6084,0.07016,36.5,756.90709,169.776,0,9,13,2023,8.5,256,420,50,0.30304,50,0.09241
1808,2024-9-13,2,16.103,99.5953,0.07407,36.1,968.66426,666.607,0,9,13,2023,9.5,256,420,50,0.84222,50,0.1889
1809,2024-9-13,2,16.156,99.6733,0.06,35.1,1114.69036,173.005,0,9,13,2023,13.5,256,420,50,0.3009,50,0.05954
1810,2024-9-13,2,16.259,99.4843,0.09533,35,963.41917,258.089,0,9,13,2023,14.5,256,420,50,0.43307,50,0.09856
1811,2024-9-13,2,16.273,98.718,0.2372,34.8,750.07156,112.307,0,9,13,2023,15.5,256,420,50,0.19976,50,0.04261
1812,2024-9-13,2,16.083,99.5234,0.08712,34.8,624.52277,86.1991,0,9,13,2023,16,256,420,50,0.15977,50,0.0288
1813,2024-9-13,2,15.991,99.7173,0.05137,34.7,489.18681,62.4707,0,9,13,2023,16.5,256,420,50,0.11878,50,0.02541
1814,2024-9-13,2,15.981,99.3787,0.11283,34.7,346.37932,58.2009,0,9,13,2023,17,256,420,50,0.11241,50,0.01963
1815,2024-9-14,2,16.405,94.9747,0.93765,33.7,629.5394,159.723,0,9,14,2023,8,257,420,50,0.29935,50,0.07668
1816,2024-9-14,2,16.772,91.6809,1.58887,33.6,867.28405,313.403,0,9,14,2023,9,257,420,50,0.51289,50,0.09702
1817,2024-9-14,2,18.229,80.8435,4.01117,33.4,1200.54435,1004.87,0,9,14,2023,12,257,420,50,1.03887,50,0.28793
1818,2024-9-14,2,18.532,79.9806,4.27224,33.4,1189.88197,1151.58,0,9,14,2023,12.5,257,420,50,1.10127,50,0.34031
1819,2024-9-14,2,18.732,78.9465,4.54949,33.4,1159.67998,999.61,0,9,14,2023,13,257,420,50,1.03032,50,0.27203
1820,2024-9-14,2,18.816,80.3381,4.27114,33,483.32629,553.028,0,9,14,2023,16.5,257,420,50,0.65974,50,0.33748
1821,2024-9-15,2,17.951,83.5083,3.39339,32.5,492.16624,178.41,0,9,15,2023,7.5,258,420,50,0.26735,50,0.06694
1822,2024-9-15,2,17.969,83.4787,3.40333,32.5,627.06044,267.83,0,9,15,2023,8,258,420,50,0.37394,50,0.08356
1823,2024-9-15,2,18.27,82.7786,3.61527,32.5,751.9657,362.406,0,9,15,2023,8.5,258,420,50,0.46981,50,0.11314
1824,2024-9-15,2,19.501,84.3151,3.5558,32.4,1112.26019,879.707,0,9,15,2023,10.5,258,420,50,0.82564,50,0.21236
1825,2024-9-15,2,19.06,91.0723,1.96912,32.3,1188.20177,239.23,0,9,15,2023,11.5,258,420,50,0.34576,50,0.0485
1826,2024-9-15,2,19.62,88.9657,2.52006,32.3,1106.14978,250.152,0,9,15,2023,13.5,258,420,50,0.33921,50,0.06482
1827,2024-9-15,2,19.283,92.0028,1.78856,32.2,953.74793,292.986,0.3,9,15,2023,14.5,258,420,50,0.36744,50,0.08231
1828,2024-9-15,2,19.643,92.2421,1.77431,32.2,739.298,143.37,0,9,15,2023,15.5,258,420,50,0.20061,50,0.07185
1829,2024-9-15,2,19.909,87.086,3.00269,32.2,613.23237,149.404,0,9,15,2023,16,258,420,50,0.20768,50,0.0754
1830,2024-9-15,2,19.91,87.4509,2.91802,32.1,334.16797,202.485,0,9,15,2023,17,258,420,50,0.26587,50,0.11024
1831,2024-9-16,2,21.806,68.4735,8.23733,31.6,1151.55104,584.057,0,9,16,2023,13,259,420,50,0.53961,50,0.1702
1832,2024-9-16,2,21.507,66.3425,8.63488,31.6,1101.77548,568.373,0,9,16,2023,13.5,259,420,50,0.52324,50,0.17017
1833,2024-9-16,2,22.346,64.3877,9.61604,31.5,948.81384,1045.47,0,9,16,2023,14.5,259,420,50,0.76577,50,0.37561
1834,2024-9-16,2,22.084,68.1972,8.45158,31.4,607.50547,409.178,0,9,16,2023,16,259,420,50,0.38573,50,0.22698
1835,2024-9-16,2,22.126,67.2278,8.7315,31.3,471.45397,350.334,0,9,16,2023,16.5,259,420,50,0.34401,50,0.23123
1836,2024-9-16,2,21.737,69.632,7.90127,31.3,327.99629,206.731,0,9,16,2023,17,259,420,50,0.21468,50,0.16955
1837,2024-9-17,2,21.839,74.2453,6.74282,30.7,1106.29005,1261.19,0,9,17,2023,10.5,260,420,50,0.83053,50,0.35248
1838,2024-9-17,2,22.045,72.632,7.25577,30.7,1153.44061,1695.53,0,9,17,2023,11,260,420,50,0.97942,50,0.40169
1839,2024-9-17,2,22.486,73.5196,7.21132,30.7,1181.43599,1323.97,0,9,17,2023,11.5,260,420,50,0.84834,50,0.36013
1840,2024-9-17,2,22.794,74.3946,7.10452,30.7,1189.79717,1095.53,0,9,17,2023,12,260,420,50,0.75603,50,0.28785
1841,2024-9-17,2,22.536,75.6595,6.64872,30.6,1178.38109,1208.88,0,9,17,2023,12.5,260,420,50,0.80213,50,0.30298
1842,2024-9-17,2,22.161,78.5702,5.72173,30.6,1147.38308,447.483,0,9,17,2023,13,260,420,50,0.39797,50,0.13554
1843,2024-9-17,2,23.101,74.5445,7.19536,30.4,601.72764,537.727,0,9,17,2023,16,260,420,50,0.42802,50,0.17689
1844,2024-9-17,2,23.151,75.2801,7.00858,30.4,465.44789,454.699,0,9,17,2023,16.5,260,420,50,0.36724,50,0.20811
1845,2024-9-17,2,22.79,77.6619,6.19647,30.3,321.78471,250.228,0,9,17,2023,17,260,420,50,0.20502,50,0.16525
1846,2024-9-18,2,22.254,83.193,4.51291,30.1,744.24346,697.929,0,9,18,2023,8.5,261,420,50,0.57004,50,0.17147
1847,2024-9-18,2,23.074,81.1305,5.32504,30.1,856.84339,1018.68,0,9,18,2023,9,261,420,50,0.739,50,0.22892
1848,2024-9-18,2,23.166,79.8921,5.70615,30,1037.87696,1319.32,0,9,18,2023,10,261,420,50,0.85584,50,0.29003
1849,2024-9-18,2,23.188,79.8895,5.71448,30,1103.21306,865.922,0,9,18,2023,10.5,261,420,50,0.64488,50,0.19152
1850,2024-9-18,2,23.472,82.705,4.99937,30,1177.95344,1063.57,0,9,18,2023,11.5,261,420,50,0.74083,50,0.2689
1851,2024-9-18,2,23.273,82.9955,4.85676,29.9,1186.07888,533.161,0,9,18,2023,12,261,420,50,0.44996,50,0.15421
1852,2024-9-18,2,23.973,77.3702,6.7416,29.8,1092.82529,421.261,0,9,18,2023,13.5,261,420,50,0.37374,50,0.13894
1853,2024-9-18,2,24.086,76.8298,6.94956,29.8,1024.30468,481.998,0,9,18,2023,14,261,420,50,0.40625,50,0.12896
1854,2024-9-18,2,24.558,73.6017,8.14473,29.8,938.75811,777.682,0,9,18,2023,14.5,261,420,50,0.58215,50,0.3186
1855,2024-9-18,2,24.458,74.2384,7.90091,29.7,837.6493,648.776,0,9,18,2023,15,261,420,50,0.50178,50,0.215
1856,2024-9-18,2,24.354,75.7694,7.38526,29.7,722.70824,596.9,0,9,18,2023,15.5,261,420,50,0.46675,50,0.28592
1857,2024-9-18,2,24.248,77.6012,6.78375,29.7,595.90162,316.009,0,9,18,2023,16,261,420,50,0.269,50,0.13901
1858,2024-9-19,2,21.454,99.5198,0.1228,29.5,1034.90464,77.9766,0,9,19,2023,10,262,420,50,0.08741,50,0.03504
1859,2024-9-19,2,22.596,95.8043,1.15026,29.5,1170.37242,707.158,0,9,19,2023,12.5,262,420,50,0.63886,50,0.20232
1860,2024-9-19,2,23.412,93.3879,1.90442,29.5,1088.25221,601.076,0,9,19,2023,13.5,262,420,50,0.5733,50,0.17837
1861,2024-9-19,2,24.082,88.9524,3.31277,29.5,832.2675,295.694,0,9,19,2023,15,262,420,50,0.32624,50,0.12041
1862,2024-9-19,2,24.328,88.4004,3.52995,29.5,717.07376,363.061,0,9,19,2023,15.5,262,420,50,0.38517,50,0.21351
1863,2024-9-19,2,24.702,84.9477,4.68424,29.5,590.03025,356.018,0,9,19,2023,16,262,420,50,0.38503,50,0.1675
1864,2024-9-19,2,24.538,87.5573,3.83439,29.5,453.31072,197.37,0,9,19,2023,16.5,262,420,50,0.22484,50,0.07967
1865,2024-9-19,2,24.22,89.6348,3.13396,29.4,309.25448,57.9682,2.1,9,19,2023,17,262,420,50,0.06589,50,0.0617
1866,2024-9-20,2,18.787,99.546,0.09844,37.7,479.19377,97.184,0.2,9,20,2023,7.5,263,420,50,0.15096,50,0.05028
1867,2024-9-20,2,19.011,99.7054,0.06478,37.4,614.12005,147.852,0.1,9,20,2023,8,263,420,50,0.22714,50,0.06261
1868,2024-9-20,2,18.824,99.7562,0.05299,36.8,851.33077,300.919,0.1,9,20,2023,9,263,420,50,0.41924,50,0.09807
1869,2024-9-20,2,18.521,98.9822,0.21705,36.2,1096.87396,942.177,0,9,20,2023,10.5,263,420,50,0.9602,50,0.23061
1870,2024-9-20,2,18.049,99.4989,0.10375,35.9,1170.79029,283.552,0.2,9,20,2023,11.5,263,420,50,0.39181,50,0.09638
1871,2024-9-20,2,17.41,99.3837,0.12256,35.5,1083.6158,562.682,0,9,20,2023,13.5,263,420,50,0.70496,50,0.14063
1872,2024-9-20,2,17.144,98.92,0.21119,35.3,928.46578,365.324,0,9,20,2023,14.5,263,420,50,0.52016,50,0.11288
1873,2024-9-20,2,16.839,99.4471,0.10605,35.3,826.83288,330.959,0,9,20,2023,15,263,420,50,0.47827,50,0.12477
1874,2024-9-20,2,16.694,99.5471,0.08607,35.2,711.39134,256.923,0,9,20,2023,15.5,263,420,50,0.40149,50,0.08474
1875,2024-9-21,2,14.664,100,0,38.7,848.49863,93.9563,0,9,21,2023,9,264,420,50,0.19378,50,0.05143
1876,2024-9-21,2,13.066,100,0,38.5,1139.98492,302.164,0.1,9,21,2023,11,264,420,50,0.54913,50,0.09046
1877,2024-9-21,2,12.463,93.4442,0.94794,36.9,1078.91769,153.441,0.2,9,21,2023,13.5,264,420,50,0.29901,50,0.06789
1878,2024-9-21,2,12.154,94.2543,0.81409,36.8,1009.58531,144.196,0.2,9,21,2023,14,264,420,50,0.2883,50,0.06211
1879,2024-9-21,2,12.284,95.1442,0.69392,36.7,923.23624,138.147,0.2,9,21,2023,14.5,264,420,50,0.27932,50,0.05544
1880,2024-9-21,2,12.319,97.2635,0.39196,36.6,821.34793,99.2935,0.1,9,21,2023,15,264,420,50,0.20757,50,0.03628
1881,2024-9-21,2,12.677,96.768,0.47395,36.5,705.66372,61.6748,0.5,9,21,2023,15.5,264,420,50,0.13305,50,0.02375
1882,2024-9-21,2,12.343,98.7932,0.17313,36.6,578.163,40.3751,0.8,9,21,2023,16,264,420,50,0.08785,50,0.02375
1883,2024-9-22,2,14.291,99.7909,0.03406,35,473.77407,210.376,0,9,22,2023,7.5,265,420,50,0.48645,50,0.11334
1884,2024-9-22,2,14.901,98.2556,0.29559,34.9,608.67026,284.538,0,9,22,2023,8,265,420,50,0.61403,50,0.10219
1885,2024-9-22,2,15.257,96.9475,0.52923,34.9,733.32821,361.62,0,9,22,2023,8.5,265,420,50,0.72486,50,0.1388
1886,2024-9-22,2,15.326,96.6637,0.58101,34.9,845.61498,322.914,0,9,22,2023,9,265,420,50,0.65632,50,0.11591
1887,2024-9-22,2,15.327,97.5896,0.41979,34.9,943.60932,411.276,0,9,22,2023,9.5,265,420,50,0.79462,50,0.1585
1888,2024-9-22,2,15.389,96.6681,0.58259,34.8,1025.63451,260.053,0,9,22,2023,10,265,420,50,0.54624,50,0.10024
1889,2024-9-22,2,14.924,98.8766,0.19064,34.8,1090.28709,244.726,0,9,22,2023,10.5,265,420,50,0.52531,50,0.10135
1890,2024-9-22,2,15.719,98.7141,0.22965,34.7,1157.86485,244.002,0,9,22,2023,12.5,265,420,50,0.5058,50,0.1016
1891,2024-9-22,2,15.821,99.2147,0.14117,34.7,1074.15954,222.818,0.5,9,22,2023,13.5,265,420,50,0.47327,50,0.08652
1892,2024-9-22,2,15.575,99.4705,0.0937,34.7,1004.56286,186.051,0.9,9,22,2023,14,265,420,50,0.39759,50,0.07626
1893,2024-9-22,2,15.531,99.6169,0.0676,34.6,917.9541,247.356,0.7,9,22,2023,14.5,265,420,50,0.50759,50,0.10145
1894,2024-9-22,2,15.798,99.6964,0.05449,34.7,815.81517,318.744,0.2,9,22,2023,15,265,420,50,0.63346,50,0.14201
1895,2024-9-22,2,15.904,99.7171,0.05112,34.7,699.89368,205.32,0,9,22,2023,15.5,265,420,50,0.44436,50,0.0708
1896,2024-9-22,2,15.646,99.801,0.03537,34.7,572.17309,103.073,0,9,22,2023,16,265,420,50,0.23647,50,0.03707
1897,2024-9-22,2,15.377,99.8643,0.02371,34.7,434.83873,115.926,0,9,22,2023,16.5,265,420,50,0.27113,50,0.05134
1898,2024-9-22,2,15.372,99.9013,0.01724,34.7,290.24043,57.6538,0,9,22,2023,17,265,420,50,0.13872,50,0.05134
1899,2024-9-24,2,18.814,100,0,36.3,994.35623,274.961,0,9,24,2023,14,267,420,50,0.46545,50,0.10199
1900,2024-9-24,2,18.741,100,0,36.1,907.24153,177.851,0,9,24,2023,14.5,267,420,50,0.31475,50,0.06043
1901,2024-9-24,2,18.944,100,0,36,804.61675,251.822,0,9,24,2023,15,267,420,50,0.44558,50,0.10378
1902,2024-9-24,2,18.905,100,0,35.9,688.23783,176.298,0,9,24,2023,15.5,267,420,50,0.3228,50,0.07431
1903,2024-9-24,2,18.898,100,0,35.8,560.09605,109.736,0,9,24,2023,16,267,420,50,0.2068,50,0.0468
1904,2024-9-24,2,18.948,100,0,35.8,422.38395,72.8252,0,9,24,2023,16.5,267,420,50,0.14162,50,0.05917
1905,2024-9-25,2,18.222,99.3896,0.12776,34.6,465.37179,134.404,0,9,25,2023,7.5,268,420,50,0.23932,50,0.07555
1906,2024-9-25,2,18.198,99.59443,0.08476,34.6,600.17867,162.236,0.0083,9,25,2023,8,268,420,50,0.27888,50,0.0644
1907,2024-9-25,2,18.327,99.6205,0.07995,34.5,836.6488,248.742,0,9,25,2023,9,268,420,50,0.40338,50,0.10871
1908,2024-10-12,2,13.072,75.6232,3.66832,32.4,776.56551,493.194,0,10,12,2023,9,285,420,50,0.49949,50,0.14867
1909,2024-10-12,2,14.568,74.178,4.28255,32.3,950.33449,1301.63,0,10,12,2023,10,285,420,50,0.92794,50,0.3358
1910,2024-10-12,2,15.025,72.8174,4.64304,32.3,1011.3126,772.23,0,10,12,2023,10.5,285,420,50,0.68891,50,0.11364
1911,2024-10-12,2,14.703,78.2747,3.63466,32.3,1076.25715,459.168,0,10,12,2023,11.5,285,420,50,0.4804,50,0.10612
1912,2024-10-12,2,13.668,79.5583,3.19808,32.2,1025.34528,155.571,0,10,12,2023,13,285,420,50,0.1765,50,0.05838
1913,2024-10-12,2,13.099,89.9144,1.5204,32.2,580.36118,151.275,0,10,12,2023,15.5,285,420,50,0.1734,50,0.05719
1914,2024-10-12,2,12.924,89.4837,1.56729,32.2,449.76291,95.978,0,10,12,2023,16,285,420,50,0.11259,50,0.05147
1915,2024-10-13,2,13.794,78.7468,3.35239,32.1,772.54716,1045.08,0,10,13,2023,9,286,420,50,0.83496,50,0.25114
1916,2024-10-13,2,13.492,84.8518,2.34291,32.1,1048.84226,349.735,0,10,13,2023,11,286,420,50,0.37295,50,0.07997
1917,2024-10-13,2,13.446,85.5968,2.22102,32.1,1074.08069,198.757,0,10,13,2023,12,286,420,50,0.21214,50,0.05423
1918,2024-10-13,2,13.035,91.0129,1.34915,32.1,1056.84668,95.0549,0,10,13,2023,12.5,286,420,50,0.09966,50,0.04387
1919,2024-10-13,2,12.382,88.4974,1.6544,32,574.43416,56.0916,0.1,10,13,2023,15.5,286,420,50,0.06162,50,0.03474
1920,2024-10-14,2,15.097,76.2525,4.07513,31.9,768.47858,994.852,0,10,14,2023,9,287,420,50,0.81995,50,0.23999
1921,2024-10-14,2,14.964,79.1094,3.55432,31.9,941.6078,1280.79,0,10,14,2023,10,287,420,50,0.9301,50,0.31286
1922,2024-10-14,2,15.078,79.9443,3.4374,31.9,1044.11708,979.547,0,10,14,2023,11,287,420,50,0.77923,50,0.22243
1923,2024-10-14,2,15.626,70.6222,5.21544,31.8,1069.02058,870.272,0,10,14,2023,12,287,420,50,0.72137,50,0.14025
1924,2024-10-14,2,15.429,65.3148,6.08038,31.8,1051.62753,791.173,0,10,14,2023,12.5,287,420,50,0.67825,50,0.11395
1925,2024-10-14,2,16.101,58.2229,7.64541,31.8,958.63472,1264.81,0,10,14,2023,13.5,287,420,50,0.89611,50,0.30539
1926,2024-10-14,2,17.059,54.8323,8.78505,31.8,884.62609,1061.06,0,10,14,2023,14,287,420,50,0.80055,50,0.32144
1927,2024-10-14,2,15.036,77.1024,3.91389,31.7,437.83269,172.202,0,10,14,2023,16,287,420,50,0.16752,50,0.06787
1928,2024-10-14,2,15.075,74.1418,4.43105,31.7,298.01705,129.582,0,10,14,2023,16.5,287,420,50,0.12015,50,0.04507
1929,2024-10-15,2,17.87,68.3478,6.47977,31.3,1039.35405,1436.46,0,10,15,2023,11,288,420,50,0.97805,50,0.36768
1930,2024-10-15,2,18.152,63.9245,7.5174,31.3,1061.5759,1500.53,0,10,15,2023,11.5,288,420,50,0.99612,50,0.42055
1931,2024-10-15,2,18.255,54.7431,9.49179,31.3,1063.93456,1468.96,0,10,15,2023,12,288,420,50,0.98206,50,0.3893
1932,2024-10-15,2,18.172,49.2709,10.5842,31.3,1046.38966,1452,0,10,15,2023,12.5,288,420,50,0.95886,50,0.4064
1933,2024-10-15,2,17.715,51.4599,9.84049,31.3,1009.2414,1385.2,0,10,15,2023,13,288,420,50,0.94336,50,0.41698
1934,2024-10-15,2,18.515,40.2504,12.73728,31.2,788.13896,991.673,0,10,15,2023,14.5,288,420,50,0.71731,50,0.31607
1935,2024-10-15,2,18.47,37.1028,13.37054,31.2,562.67388,677.723,0,10,15,2023,15.5,288,420,50,0.53846,50,0.27323
1936,2024-10-15,2,18.137,42.3042,12.01131,31.1,431.92943,438.096,0,10,15,2023,16,288,420,50,0.39158,50,0.18996
1937,2024-10-15,2,17.794,49.947,10.19782,31.1,292.09522,214.33,0,10,15,2023,16.5,288,420,50,0.2068,50,0.1597
1938,2024-10-16,2,18.896,33.2866,14.5647,30.8,854.64738,1128.15,0,10,16,2023,9.5,289,420,50,0.774,50,0.31542
1939,2024-10-16,2,18.994,32.2769,14.87585,30.7,932.69804,1253.74,0,10,16,2023,10,289,420,50,0.80761,50,0.34917
1940,2024-10-16,2,19.199,32.3651,15.04755,30.7,993.01134,1352.87,0,10,16,2023,10.5,289,420,50,0.83138,50,0.34899
1941,2024-10-16,2,19.338,32.2974,15.19353,30.7,1034.55529,1434.28,0,10,16,2023,11,289,420,50,0.84636,50,0.37624
1942,2024-10-16,2,18.776,30.9091,14.97111,30.7,1056.61908,1476.33,0,10,16,2023,11.5,289,420,50,0.85924,50,0.37937
1943,2024-10-16,2,19.143,35.6476,14.26739,30.6,1058.82518,1454.78,0,10,16,2023,12,289,420,50,0.86227,50,0.37695
1944,2024-10-16,2,19.06,37.852,13.70755,30.6,1041.13584,1422.52,0,10,16,2023,12.5,289,420,50,0.856,50,0.39499
1945,2024-10-16,2,19.72,37.03,14.47086,30.6,1003.85374,1355.56,0,10,16,2023,13,289,420,50,0.81632,50,0.37
1946,2024-10-16,2,19.385,38.0036,13.9537,30.6,947.61679,1263.04,0,10,16,2023,13.5,289,420,50,0.78708,50,0.36902
1947,2024-10-16,2,19.739,38.1699,14.22566,30.5,873.3872,1137.43,0,10,16,2023,14,289,420,50,0.72922,50,0.34109
1948,2024-10-16,2,19.803,39.5425,13.96517,30.5,782.43508,970.426,0,10,16,2023,14.5,289,420,50,0.65649,50,0.31395
1949,2024-10-16,2,19.321,40.6729,13.29986,30.5,676.31663,779.607,0,10,16,2023,15,289,420,50,0.56506,50,0.29401
1950,2024-10-16,2,19.074,41.6767,12.8752,30.5,556.84758,615.678,0,10,16,2023,15.5,289,420,50,0.47061,50,0.2416
1951,2024-10-16,2,18.847,42.7145,12.46821,30.5,426.07206,419.309,0,10,16,2023,16,289,420,50,0.34132,50,0.15484
1952,2024-10-16,2,18.718,44.069,12.07566,30.5,286.2277,218.603,0,10,16,2023,16.5,289,420,50,0.18214,50,0.12729
1953,2024-10-17,2,17.832,30.7573,14.14134,30.1,928.17857,1275.99,0,10,17,2023,10,290,420,50,0.79097,50,0.36318
1954,2024-10-17,2,18.185,34.5176,13.6735,30.1,1029.72298,1464.34,0,10,17,2023,11,290,420,50,0.84871,50,0.41694
1955,2024-10-17,2,18.406,36.5896,13.42569,30,1051.63468,1504.26,0,10,17,2023,11.5,290,420,50,0.86011,50,0.38605
1956,2024-10-17,2,18.245,36.7175,13.264,30,1053.69508,1484.04,0,10,17,2023,12,290,420,50,0.85035,50,0.40897
1957,2024-10-17,2,18.52,37.5507,13.31697,30,1035.86892,1439.63,0,10,17,2023,12.5,290,420,50,0.82695,50,0.39199
1958,2024-10-17,2,18.607,36.9349,13.52173,30,998.4612,1375.69,0,10,17,2023,13,290,420,50,0.79582,50,0.39556
1959,2024-10-17,2,18.811,38.8227,13.28535,30,942.112,1280.9,0,10,17,2023,13.5,290,420,50,0.75351,50,0.38038
1960,2024-10-17,2,18.963,37.2292,13.76139,29.9,867.78546,1166.83,0,10,17,2023,14,290,420,50,0.69644,50,0.36649
1961,2024-10-17,2,18.95,34.559,14.33515,29.9,776.75332,1022.64,0,10,17,2023,14.5,290,420,50,0.62301,50,0.35368
1962,2024-10-17,2,18.925,35.3687,14.13571,29.9,670.57318,853.452,0,10,17,2023,15,290,420,50,0.53345,50,0.32237
1963,2024-10-17,2,18.777,35.6549,13.94362,29.9,551.06179,670.709,0,10,17,2023,15.5,290,420,50,0.42927,50,0.27021
1964,2024-10-17,2,18.629,40.3062,12.81652,29.8,420.26405,476.796,0,10,17,2023,16,290,420,50,0.31045,50,0.20237
1965,2024-10-18,2,20.611,54.8839,10.95507,29.4,1048.54694,1429.92,0,10,18,2023,12,291,420,50,0.78895,50,0.34946
1966,2024-10-18,2,20.551,53.5019,11.24898,29.2,862.1999,1110.74,0,10,18,2023,14,291,420,50,0.63592,50,0.33766
1967,2024-10-18,2,20.444,54.2988,10.98348,29.2,771.09707,942.567,0,10,18,2023,14.5,291,420,50,0.55501,50,0.30456
1968,2024-10-18,2,20.212,57.7454,10.01071,29.2,545.31997,614.545,0,10,18,2023,15.5,291,420,50,0.37443,50,0.243
1969,2024-10-18,2,19.848,58.7117,9.56389,29.2,414.50881,422.975,0,10,18,2023,16,291,420,50,0.26125,50,0.18571
1970,2024-10-18,2,19.554,58.5503,9.42772,29.2,274.66927,211.77,0,10,18,2023,16.5,291,420,50,0.12733,50,0.14789
1971,2024-10-19,2,18.716,59.9256,8.6511,28.8,1019.96677,1363.17,0,10,19,2023,11,292,420,50,0.75072,50,0.27307
1972,2024-10-19,2,18.682,58.1725,9.01037,28.8,1041.59312,1147.9,0,10,19,2023,11.5,292,420,50,0.66444,50,0.25879
1973,2024-10-19,2,15.338,83.1441,2.93766,28.7,659.19413,146.794,0,10,19,2023,15,292,420,50,0.09896,50,0.04587
1974,2024-10-20,2,10.656,74.4187,3.28207,34.9,974.09476,1351.62,0,10,20,2023,10.5,293,420,50,0.74631,50,0.37867
1975,2024-10-20,2,10.934,72.5496,3.58767,34.9,1015.0476,1447.72,0,10,20,2023,11,293,420,50,0.77557,50,0.36349
1976,2024-10-20,2,11.727,67.7466,4.44295,34.8,1036.54111,1434.7,0,10,20,2023,11.5,293,420,50,0.76934,50,0.38226
1977,2024-10-20,2,12.472,41.3882,8.48005,34.6,925.65258,1270.15,0,10,20,2023,13.5,293,420,50,0.68432,50,0.3551
1978,2024-10-20,2,12.327,42.491,8.24158,34.5,851.09056,1145.18,0,10,20,2023,14,293,420,50,0.62663,50,0.35039
1979,2024-10-20,2,12.342,40.3259,8.5603,34.5,759.87457,1009.78,0,10,20,2023,14.5,293,420,50,0.56199,50,0.33955
1980,2024-10-20,2,11.487,47.5721,7.10827,34.4,533.98185,273.32,0,10,20,2023,15.5,293,420,50,0.18071,50,0.07236
1981,2024-10-20,2,11.264,51.619,6.46335,34.3,403.17021,383.898,0,10,20,2023,16,293,420,50,0.24812,50,0.15604
1982,2024-10-21,2,11.932,37.6903,8.70022,33.3,969.28504,1360.32,0,10,21,2023,10.5,294,420,50,0.74579,50,0.36001
1983,2024-10-21,2,12.112,37.4185,8.84248,33.3,1010.10431,1445.52,0,10,21,2023,11,294,420,50,0.76939,50,0.36441
1984,2024-10-21,2,12.372,36.4962,9.12766,33.3,1031.47181,1478.3,0,10,21,2023,11.5,294,420,50,0.77707,50,0.36638
1985,2024-10-21,2,12.747,34.5439,9.64274,33.2,1033.02193,1457.06,0,10,21,2023,12,294,420,50,0.76521,50,0.37063
1986,2024-10-21,2,13.119,36.3587,9.60646,33.2,1014.72816,1414.42,0,10,21,2023,12.5,294,420,50,0.74401,50,0.36678
1987,2024-10-21,2,13.651,39.8359,9.40218,33.2,976.90351,1349.39,0,10,21,2023,13,294,420,50,0.71531,50,0.35475
1988,2024-10-21,2,13.768,41.4774,9.21552,33.1,920.19515,1253,0,10,21,2023,13.5,294,420,50,0.67271,50,0.36209
1989,2024-10-21,2,12.963,49.5381,7.53976,32.9,397.59353,381.517,0,10,21,2023,16,294,420,50,0.22632,50,0.16211
1990,2024-10-22,2,13.089,44.9397,8.2949,32.3,905.00875,1230.81,0,10,22,2023,10,295,420,50,0.70212,50,0.27273
1991,2024-10-24,2,18.905,55.4225,9.73752,30.6,511.98164,535.986,0,10,24,2023,15.5,297,420,50,0.39243,50,0.14761
1992,2024-10-24,2,18.684,55.8747,9.50655,30.6,381.27306,345.827,0,10,24,2023,16,297,420,50,0.26977,50,0.11586
1993,2024-10-24,2,18.827,55.5119,9.67076,30.6,241.6444,150.252,0,10,24,2023,16.5,297,420,50,0.11648,50,0.11652
1994,2024-10-25,2,17.438,58.3103,8.3053,30.2,491.83844,298.989,0,10,25,2023,8,298,420,50,0.2874,50,0.07584
1995,2024-10-25,2,17.576,59.3678,8.16545,30.2,612.7778,296.107,0,10,25,2023,8.5,298,420,50,0.27806,50,0.07934
1996,2024-10-25,2,18.362,60.6247,8.31385,30.2,813.94117,413.018,0,10,25,2023,9.5,298,420,50,0.36172,50,0.09741
1997,2024-10-25,2,17.819,64.3376,7.27732,30.2,890.72321,341.214,0,10,25,2023,10,298,420,50,0.30546,50,0.09461
1998,2024-10-25,2,17.876,65.5504,7.05511,30.2,949.79361,485.638,0,10,25,2023,10.5,298,420,50,0.40955,50,0.11053
1999,2024-10-25,2,18.128,64.3384,7.41996,30.2,990.14166,567.733,0,10,25,2023,11,298,420,50,0.46234,50,0.13346
2000,2024-10-25,2,17.974,65.4291,7.12373,30.1,1011.07699,565.471,0,10,25,2023,11.5,298,420,50,0.4618,50,0.12685
2001,2024-10-25,2,18.054,68.3916,6.54612,30.1,1012.2414,604.516,0,10,25,2023,12,298,420,50,0.48536,50,0.13528
2002,2024-10-25,2,18.131,66.3895,6.99451,30.1,993.61497,565.488,0,10,25,2023,12.5,298,420,50,0.46309,50,0.13341
2003,2024-10-25,2,18.13,67.215,6.82229,30.1,955.51638,560.354,0,10,25,2023,13,298,420,50,0.46102,50,0.13176
2004,2024-10-25,2,17.793,71.2362,5.85998,30.1,823.83232,405.735,0,10,25,2023,14,298,420,50,0.35899,50,0.10157
2005,2024-10-25,2,17.412,71.9337,5.58211,30.1,732.49998,235.514,0,10,25,2023,14.5,298,420,50,0.2243,50,0.0654
2006,2024-10-25,2,17.15,71.6665,5.54267,30.1,626.16325,182.447,0,10,25,2023,15,298,420,50,0.18007,50,0.05031
2007,2024-10-25,2,16.935,73.1329,5.18471,30,506.64158,165.04,0,10,25,2023,15.5,298,420,50,0.1667,50,0.03525
2008,2024-10-25,2,16.854,69.4047,5.87391,30,375.98001,133.867,0,10,25,2023,16,298,420,50,0.13971,50,0.03631
2009,2024-10-25,2,16.992,69.7454,5.85955,30,236.41421,76.0443,0,10,25,2023,16.5,298,420,50,0.08175,50,0.04209
2010,2024-10-26,2,17.811,56.9983,8.77057,29.8,809.24847,1093.76,0,10,26,2023,9.5,299,420,50,0.73769,50,0.23842
2011,2024-10-26,2,18.605,51.0801,10.48755,29.8,885.911,1207.94,0,10,26,2023,10,299,420,50,0.7722,50,0.28498
2012,2024-10-26,2,19.071,49.7524,11.09037,29.7,944.87013,1308.4,0,10,26,2023,10.5,299,420,50,0.79885,50,0.27943
2013,2024-10-26,2,19.354,48.9401,11.47006,29.7,985.11707,1391.53,0,10,26,2023,11,299,420,50,0.81883,50,0.28662
2014,2024-10-26,2,19.76,48.876,11.77777,29.7,1005.96317,1417.49,0,10,26,2023,11.5,299,420,50,0.82244,50,0.29433
2015,2024-10-26,2,20.079,49.5244,11.86045,29.7,1007.05175,1389.12,0,10,26,2023,12,299,420,50,0.8106,50,0.26129
2016,2024-10-26,2,20.405,54.2019,10.98031,29.7,988.36419,1322.52,0,10,26,2023,12.5,299,420,50,0.78867,50,0.2588
2017,2024-10-26,2,20.819,55.5965,10.92098,29.7,950.22023,1048.84,0,10,26,2023,13,299,420,50,0.69147,50,0.23855
2018,2024-10-26,2,19.997,56.7412,10.11324,29.6,893.27253,810.953,0,10,26,2023,13.5,299,420,50,0.58471,50,0.22091
2019,2024-10-26,2,19.706,53.2919,10.72446,29.6,727.16853,737.549,0,10,26,2023,14.5,299,420,50,0.5409,50,0.20707
2020,2024-10-26,2,19.79,49.3882,11.68148,29.6,620.85432,744.959,0,10,26,2023,15,299,420,50,0.53877,50,0.24136
2021,2024-10-26,2,19.525,42.6521,13.02028,29.6,501.37191,382.424,0,10,26,2023,15.5,299,420,50,0.3283,50,0.10144
2022,2024-10-27,2,16.654,51.4216,9.20874,29.2,603.87043,332.674,0,10,27,2023,8.5,300,420,50,0.31206,50,0.08395
2023,2024-10-27,2,16.877,55.0078,8.65054,29.2,711.59714,372.899,0,10,27,2023,9,300,420,50,0.34013,50,0.09193
2024,2024-10-27,2,17.766,38.954,12.41563,29.2,804.5296,522.497,0,10,27,2023,9.5,300,420,50,0.44578,50,0.10339
2025,2024-10-27,2,17.972,41.133,12.1287,29.1,881.07769,585.476,0,10,27,2023,10,300,420,50,0.48369,50,0.10467
2026,2024-10-27,2,18.159,41.7464,12.1442,29.1,939.93166,670.215,0,10,27,2023,10.5,300,420,50,0.52941,50,0.13021
2027,2024-10-27,2,18.158,49.6659,10.49255,29.1,980.0845,667.786,0,10,27,2023,11,300,420,50,0.52672,50,0.12031
2028,2024-10-27,2,18.507,40.4481,12.68878,29.1,1000.84919,935.315,0,10,27,2023,11.5,300,420,50,0.65839,50,0.19975
2029,2024-10-27,2,18.106,36.8611,13.1189,29.1,1001.87043,680.421,0,10,27,2023,12,300,420,50,0.53602,50,0.09934
2030,2024-10-27,2,17.805,42.354,11.75296,29,983.13076,506.911,0,10,27,2023,12.5,300,420,50,0.4309,50,0.09634
2031,2024-10-27,2,18.545,37.5227,13.34381,29,944.95081,686.938,0,10,27,2023,13,300,420,50,0.53686,50,0.12671
2032,2024-10-27,2,18.586,38.183,13.23671,29,887.98385,515.768,0,10,27,2023,13.5,300,420,50,0.434,50,0.1078
2033,2024-10-27,2,17.71,59.0319,8.30281,29,813.2046,318.525,0,10,27,2023,14,300,420,50,0.28975,50,0.08087
2034,2024-10-27,2,17.422,62.5972,7.44375,29,721.89257,311.295,0,10,27,2023,14.5,300,420,50,0.28414,50,0.09092
2035,2024-10-27,2,17.26,61.2706,7.62925,29,615.61011,303.076,0,10,27,2023,15,300,420,50,0.27782,50,0.07122
2036,2024-10-27,2,17.31,64.0222,7.10966,29,496.17575,207.599,0,10,27,2023,15.5,300,420,50,0.1991,50,0.04576
2037,2024-10-27,2,16.765,68.4836,6.01666,28.9,365.63306,178.148,0,10,27,2023,16,300,420,50,0.17356,50,0.0434
2038,2024-10-27,2,16.528,68.388,5.9447,28.9,226.21564,92.663,0,10,27,2023,16.5,300,420,50,0.09037,50,0.04662
2039,2024-11-16,2,4.076,45.561,4.45105,36.3,882.48257,1223.93,0,11,16,2023,11,320,420,50,0.67142,50,0.32034
2040,2024-11-16,2,4.064,43.5801,4.60912,36.2,903.38892,1254.93,0,11,16,2023,11.5,320,420,50,0.67432,50,0.31427
2041,2024-11-16,2,4.215,46.8741,4.38634,36.2,904.92998,1242.68,0,11,16,2023,12,320,420,50,0.67082,50,0.30238
2042,2024-11-16,2,4.284,47.5073,4.35512,36.1,887.0794,1207.01,0,11,16,2023,12.5,320,420,50,0.66386,50,0.30596
2043,2024-11-16,2,4.402,47.1022,4.42522,36.1,850.1426,1128.03,0,11,16,2023,13,320,420,50,0.64941,50,0.29035
2044,2024-11-16,2,4.508,48.1326,4.37139,36,794.75158,1036.56,0,11,16,2023,13.5,320,420,50,0.63184,50,0.29408
2045,2024-11-16,2,4.816,48.0513,4.47367,35.9,721.8541,916.623,0,11,16,2023,14,320,420,50,0.60564,50,0.2637
2046,2024-11-16,2,4.823,48.3528,4.44988,35.9,632.69745,773.267,0,11,16,2023,14.5,320,420,50,0.56699,50,0.25051
2047,2024-11-16,2,4.816,46.4895,4.60816,35.8,528.80713,630.529,0,11,16,2023,15,320,420,50,0.51864,50,0.22142
2048,2024-11-16,2,4.398,48.2677,4.32651,35.7,284.15751,269.012,0,11,16,2023,16,320,420,50,0.31826,50,0.1568
2049,2024-11-17,2,5.138,51.8204,4.24342,34.9,506.48868,624.28,0,11,17,2023,8.5,321,420,50,0.55628,50,0.24593
2050,2024-11-17,2,5.358,50.9191,4.38956,34.8,612.53231,784.15,0,11,17,2023,9,321,420,50,0.59883,50,0.24621
2051,2024-11-17,2,5.206,54.4006,4.03525,34.8,704.13363,927.835,0,11,17,2023,9.5,321,420,50,0.62961,50,0.28301
2052,2024-11-17,2,5.255,54.0581,4.07946,34.8,779.72532,1046.67,0,11,17,2023,10,321,420,50,0.65131,50,0.29086
2053,2024-11-17,2,5.834,56.684,4.0042,34.7,838.01399,1140.65,0,11,17,2023,10.5,321,420,50,0.66576,50,0.2966
2054,2024-11-17,2,6.311,58.6178,3.9538,34.7,878.0023,1217.54,0,11,17,2023,11,321,420,50,0.67622,50,0.27209
2055,2024-11-17,2,7.063,57.679,4.25834,34.7,899.00605,1236.78,0,11,17,2023,11.5,321,420,50,0.67746,50,0.29089
2056,2024-11-17,2,7.377,52.9739,4.83471,34.6,900.66585,1219.91,0,11,17,2023,12,321,420,50,0.6726,50,0.26854
2057,2024-11-17,2,7.476,50.9062,5.0816,34.6,882.9533,1184.69,0,11,17,2023,12.5,321,420,50,0.66345,50,0.28281
2058,2024-11-17,2,7.428,54.1095,4.73446,34.6,846.17146,1117.57,0,11,17,2023,13,321,420,50,0.6481,50,0.28148
2059,2024-11-17,2,7.935,51.7,5.15858,34.5,790.9497,1039.85,0,11,17,2023,13.5,321,420,50,0.62898,50,0.26445
2060,2024-11-17,2,7.966,50.6799,5.27867,34.5,718.23286,916.931,0,11,17,2023,14,321,420,50,0.59593,50,0.27263
2061,2024-11-17,2,8.212,47.5478,5.70867,34.5,629.26515,778.139,0,11,17,2023,14.5,321,420,50,0.5515,50,0.24434
2062,2024-11-17,2,8.237,46.9895,5.77925,34.4,525.56884,609.18,0,11,17,2023,15,321,420,50,0.48501,50,0.19157
2063,2024-11-17,2,7.599,49.4417,5.27738,34.4,408.91819,431.312,0,11,17,2023,15.5,321,420,50,0.39509,50,0.15712
2064,2024-11-17,2,7.49,50.8759,5.0896,34.4,281.30913,252.392,0,11,17,2023,16,321,420,50,0.27258,50,0.15616
2065,2024-11-18,2,9.042,38.1708,7.11853,33.8,607.9343,805.132,0,11,18,2023,9,322,420,50,0.57841,50,0.24871
2066,2024-11-18,2,9.372,39.0955,7.16988,33.8,699.54207,947.784,0,11,18,2023,9.5,322,420,50,0.62165,50,0.27936
2067,2024-11-18,2,9.415,39.0945,7.19078,33.8,775.16631,1062.24,0,11,18,2023,10,322,420,50,0.65125,50,0.27679
2068,2024-11-18,2,8.995,38.2676,7.08486,33.7,833.51307,1161.86,0,11,18,2023,10.5,322,420,50,0.67524,50,0.29467
2069,2024-11-18,2,9.181,37.1285,7.30676,33.7,873.58401,1252.71,0,11,18,2023,11,322,420,50,0.6948,50,0.30052
2070,2024-11-18,2,9.108,41.62526,6.75082,33.7,894.69352,1252.4,0,11,18,2023,11.5,322,420,50,0.69175,50,0.28595
2071,2024-11-18,2,9.035,46.6758,6.13643,33.7,896.4804,1252.09,0,11,18,2023,12,322,420,50,0.68861,50,0.30973
2072,2024-11-18,2,9.238,45.249,6.38752,33.6,878.91407,1215.77,0,11,18,2023,12.5,322,420,50,0.67614,50,0.30348
2073,2024-11-18,2,9.455,46.0173,6.39063,33.6,842.29511,1137.67,0,11,18,2023,13,322,420,50,0.65063,50,0.31145
2074,2024-11-18,2,9.674,46.2666,6.45549,33.5,787.25007,1031.34,0,11,18,2023,13.5,322,420,50,0.61459,50,0.28725
2075,2024-11-18,2,9.85,45.3017,6.64953,33.5,714.72079,926.775,0,11,18,2023,14,322,420,50,0.57451,50,0.27998
2076,2024-11-18,2,10.121,44.5422,6.86542,33.5,625.94827,796.718,0,11,18,2023,14.5,322,420,50,0.51871,50,0.25654
2077,2024-11-18,2,9.912,45.3963,6.66569,33.5,522.45142,639.077,0,11,18,2023,15,322,420,50,0.44124,50,0.20072
2078,2024-11-18,2,9.483,43.9232,6.65106,33.4,406.00111,457.159,0,11,18,2023,15.5,322,420,50,0.34082,50,0.17265
2079,2024-11-18,2,9.364,44.6251,6.5154,33.4,278.58984,260.263,0,11,18,2023,16,322,420,50,0.20865,50,0.18313
2080,2024-11-19,2,11.327,45.1679,7.35584,32.9,770.65638,1050.4,0,11,19,2023,10,323,420,50,0.64471,50,0.26616
2081,2024-11-19,2,11.327,45.8706,7.26157,32.9,829.06916,1148.11,0,11,19,2023,10.5,323,420,50,0.67068,50,0.27337
2082,2024-11-19,2,11.944,46.4916,7.47722,32.9,869.23091,1227.86,0,11,19,2023,11,323,420,50,0.68972,50,0.26858
2083,2024-11-19,2,12.532,47.5607,7.61696,32.9,890.45445,1258.91,0,11,19,2023,11.5,323,420,50,0.69467,50,0.28425
2084,2024-11-19,2,13.191,46.1769,8.16274,32.8,892.37664,1248.67,0,11,19,2023,12,323,420,50,0.68802,50,0.27159
2085,2024-11-19,2,12.94,47.3229,7.85891,32.8,874.96458,1208.81,0,11,19,2023,12.5,323,420,50,0.67184,50,0.291
2086,2024-11-19,2,12.715,47.9554,7.65094,32.8,838.51621,1143.23,0,11,19,2023,13,323,420,50,0.64744,50,0.28692
2087,2024-11-19,2,12.913,48.9776,7.5986,32.8,783.65517,1050.64,0,11,19,2023,13.5,323,420,50,0.61348,50,0.2759
2088,2024-11-19,2,13.783,48.1104,8.179,32.7,711.32014,929.808,0,11,19,2023,14,323,420,50,0.56475,50,0.25807
2089,2024-11-19,2,13.473,48.3725,7.97514,32.7,622.74879,790.09,0,11,19,2023,14.5,323,420,50,0.50268,50,0.25491
2090,2024-11-19,2,13.62,47.0443,8.25901,32.7,519.45661,627.113,0,11,19,2023,15,323,420,50,0.42108,50,0.18523
2091,2024-11-19,2,13.093,47.2985,7.94162,32.7,403.21096,456.976,0,11,19,2023,15.5,323,420,50,0.32508,50,0.157
2092,2024-11-19,2,12.6,49.7349,7.33382,32.6,276.00082,275.211,0,11,19,2023,16,323,420,50,0.20499,50,0.14183
2093,2024-11-20,2,14.596,44.3695,9.24296,32.3,824.6855,1150.82,0,11,20,2023,10.5,324,420,50,0.65622,50,0.26983
2094,2024-11-20,2,14.884,44.2393,9.43834,32.3,864.94617,1233.2,0,11,20,2023,11,324,420,50,0.67265,50,0.2654
2095,2024-11-20,2,15.111,41.743,10.00605,32.2,886.29193,1263.9,0,11,20,2023,11.5,324,420,50,0.67056,50,0.26912
2096,2024-11-20,2,14.827,42.8142,9.64406,32.2,888.35752,1252.79,0,11,20,2023,12,324,420,50,0.67115,50,0.28983
2097,2024-11-20,2,14.781,44.9193,9.26154,32.2,871.10763,1207.17,0,11,20,2023,12.5,324,420,50,0.65568,50,0.28808
2098,2024-11-20,2,15.021,44.9038,9.40851,32.2,834.83738,1138.9,0,11,20,2023,13,324,420,50,0.63382,50,0.28281
2099,2024-11-20,2,15.191,43.825,9.69821,32.2,780.16739,1049.96,0,11,20,2023,13.5,324,420,50,0.60442,50,0.29353
2100,2024-11-20,2,15.293,42.9066,9.92158,32.1,708.03306,936.116,0,11,20,2023,14,324,420,50,0.56483,50,0.27214
2101,2024-11-20,2,15.345,41.9136,10.12791,32.1,619.66864,802.503,0,11,20,2023,14.5,324,420,50,0.43552,50,0.24868
2102,2024-11-20,2,15.169,42.6119,9.89364,32.1,516.58607,642.905,0,11,20,2023,15,324,420,50,0.44097,50,0.21839
2103,2024-11-20,2,14.848,42.3771,9.73094,32.1,400.54911,470.729,0,11,20,2023,15.5,324,420,50,0.35269,50,0.16138
2104,2024-11-20,2,14.53,44.7273,9.14444,32.1,273.54319,278.577,0,11,20,2023,16,324,420,50,0.2302,50,0.1699
2105,2024-11-21,2,14.861,31.4417,11.58734,31.5,398.01687,472.209,0,11,21,2023,15.5,325,420,50,0.18153,50,0.17287
2106,2024-11-21,2,14.501,35.0528,10.72489,31.5,271.21797,282.371,0,11,21,2023,16,325,420,50,0.1645,50,0.12921
2107,2024-11-22,2,15.123,48.2487,8.89551,31.2,681.62337,867.937,0,11,22,2023,9.5,326,420,50,0.56988,50,0.19974
2108,2024-11-22,2,15.354,49.1835,8.86546,31.2,757.45355,797.216,0,11,22,2023,10,326,420,50,0.54652,50,0.14705
2109,2024-11-22,2,15.038,51.4139,8.3059,31.2,816.11177,945.257,0,11,22,2023,10.5,326,420,50,0.58406,50,0.17403
2110,2024-11-22,2,15.22,51.9274,8.31488,31.2,856.59436,680.782,0,11,22,2023,11,326,420,50,0.50446,50,0.10329
2111,2024-11-22,2,15.232,54.6543,7.84927,31.2,878.20867,732.264,0,11,22,2023,11.5,326,420,50,0.52077,50,0.09546
2112,2024-11-22,2,15.147,56.5715,7.47644,31.2,880.58485,579.898,0,11,22,2023,12,326,420,50,0.46646,50,0.08697
2113,2024-11-22,2,14.804,58.1384,7.04926,31.2,863.68226,476.716,0,11,22,2023,12.5,326,420,50,0.41917,50,0.07933
2114,2024-11-22,2,14.919,55.7985,7.49866,31.1,827.7901,542.131,0,11,22,2023,13,326,420,50,0.44671,50,0.09257
2115,2024-11-22,2,14.394,59.8682,6.58137,31.1,773.5225,370.04,0,11,22,2023,13.5,326,420,50,0.36167,50,0.07051
2116,2024-11-22,2,14.417,60.6714,6.45925,31.1,701.80799,332.502,0,11,22,2023,14,326,420,50,0.34036,50,0.06214
2117,2024-11-22,2,14.253,61.167,6.31052,31.1,613.87363,251.508,0,11,22,2023,14.5,326,420,50,0.28511,50,0.03964
2118,2024-11-22,2,13.456,61.1554,5.99386,31.1,269.02609,115.672,0,11,22,2023,16,326,420,50,0.16415,50,0.03144
2119,2024-11-23,2,10.703,24.2884,9.74425,30.9,753.17237,992.313,0,11,23,2023,10,327,420,50,0.59982,50,0.2884
2120,2024-11-23,2,10.3,26.8801,9.16095,30.9,811.92805,1100.3,0,11,23,2023,10.5,327,420,50,0.61721,50,0.30387
2121,2024-11-23,2,10.335,27.6883,9.08091,30.9,852.53348,1190.35,0,11,23,2023,11,327,420,50,0.62918,50,0.30617
2122,2024-11-23,2,10.395,27.9842,9.08008,30.9,874.2939,1221.68,0,11,23,2023,11.5,327,420,50,0.63199,50,0.29266
2123,2024-11-23,2,10.692,28.0952,9.24752,30.9,876.83697,1208.28,0,11,23,2023,12,327,420,50,0.62737,50,0.28283
2124,2024-11-23,2,10.955,27.7628,9.45435,30.9,860.11917,1165.6,0,11,23,2023,12.5,327,420,50,0.6178,50,0.29623
2125,2024-11-23,2,11.028,27.2809,9.56372,30.9,824.42657,1100,0,11,23,2023,13,327,420,50,0.60407,50,0.30486
2126,2024-11-23,2,11.196,27.764,9.60677,30.8,770.36986,1015.19,0,11,23,2023,13.5,327,420,50,0.58572,50,0.27621
2127,2024-11-23,2,10.988,30.2154,9.15341,30.8,698.87397,900.496,0,11,23,2023,14,327,420,50,0.55889,50,0.27731
2128,2024-11-23,2,10.636,32.7373,8.61828,30.8,611.16222,755.731,0,11,23,2023,14.5,327,420,50,0.52007,50,0.24218
2129,2024-11-23,2,10.399,33.9493,8.3302,30.8,508.73537,591.331,0,11,23,2023,15,327,420,50,0.46525,50,0.1918
2130,2024-11-23,2,9.951,35.2875,7.92039,30.8,393.34599,417.976,0,11,23,2023,15.5,327,420,50,0.38945,50,0.14533
2131,2024-11-23,2,9.379,37.9226,7.3114,30.8,266.96842,238.43,0,11,23,2023,16,327,420,50,0.27365,50,0.13931
2132,2024-11-24,2,5.589,21.1105,7.16973,30.6,581.18153,705.802,0,11,24,2023,9,328,420,50,0.54078,50,0.24292
2133,2024-11-24,2,5.653,24.2492,6.91515,30.6,672.9778,848.203,0,11,24,2023,9.5,328,420,50,0.56885,50,0.25308
2134,2024-11-24,2,5.91,28.1667,6.67546,30.6,748.95638,969.023,0,11,24,2023,10,328,420,50,0.58717,50,0.26887
2135,2024-11-24,2,7.229,27.4742,7.38111,30.6,807.81728,1074.54,0,11,24,2023,10.5,328,420,50,0.60089,50,0.26368
2136,2024-11-24,2,8.134,26.2145,7.98801,30.6,848.55336,1154.38,0,11,24,2023,11,328,420,50,0.60956,50,0.25091
2137,2024-11-24,2,8.699,25.9502,8.33003,30.6,870.46761,1179.74,0,11,24,2023,11.5,328,420,50,0.61158,50,0.2465
2138,2024-11-24,2,8.537,26.2352,8.20737,30.5,873.18508,1170.83,0,11,24,2023,12,328,420,50,0.60848,50,0.24539
2139,2024-11-24,2,8.887,26.6163,8.36079,30.5,856.65927,1134.62,0,11,24,2023,12.5,328,420,50,0.60208,50,0.2382
2140,2024-11-24,2,9.124,25.8862,8.58025,30.5,821.17294,1070.89,0,11,24,2023,13,328,420,50,0.59124,50,0.24133
2141,2024-11-24,2,9.425,26.0165,8.74072,30.5,767.33327,983.522,0,11,24,2023,13.5,328,420,50,0.57593,50,0.22898
2142,2024-11-24,2,9.626,30.1229,8.36795,30.5,696.06147,864.167,0,11,24,2023,14,328,420,50,0.55287,50,0.22312
2143,2024-11-24,2,9.083,29.6759,8.11901,30.4,608.57703,722.551,0,11,24,2023,14.5,328,420,50,0.51876,50,0.21189
2144,2024-11-24,2,8.754,28.2262,8.10412,30.4,506.37683,568.133,0,11,24,2023,15,328,420,50,0.47004,50,0.17665
2145,2024-11-24,2,8.078,27.5,7.81899,30.4,391.20954,399.994,0,11,24,2023,15.5,328,420,50,0.39867,50,0.12899
2146,2024-11-24,2,7.454,27.1732,7.52681,30.4,265.0457,229.226,0,11,24,2023,16,328,420,50,0.28406,50,0.11305
2147,2024-11-25,2,10.154,28.1985,8.90835,30.2,668.74466,831.136,0,11,25,2023,9.5,329,420,50,0.55691,50,0.22833
2148,2024-11-25,2,10.244,29.8654,8.75409,30.2,744.80876,961.467,0,11,25,2023,10,329,420,50,0.57457,50,0.2352
2149,2024-11-25,2,9.941,34.0408,8.06757,30.2,803.78255,1053.56,0,11,25,2023,10.5,329,420,50,0.58428,50,0.2498
2150,2024-11-25,2,10.009,35.8347,7.88401,30.2,844.65697,1139.39,0,11,25,2023,11,329,420,50,0.59182,50,0.24426
2151,2024-11-25,2,10.245,36.4333,7.93483,30.2,866.73266,1173.4,0,11,25,2023,11.5,329,420,50,0.59367,50,0.2436
2152,2024-11-25,2,10.196,38.0191,7.71156,30.2,869.63189,1160.77,0,11,25,2023,12,329,420,50,0.59058,50,0.2374
2153,2024-11-25,2,10.154,41.1973,7.2956,30.1,853.30505,1118.76,0,11,25,2023,12.5,329,420,50,0.58419,50,0.23472
2154,2024-11-25,2,10.311,42.9991,7.14671,30.1,818.03151,1055.53,0,11,25,2023,13,329,420,50,0.57468,50,0.22233
2155,2024-11-25,2,10.299,44.7613,6.92021,30.1,764.41479,948.217,0,11,25,2023,13.5,329,420,50,0.55884,50,0.20737
2156,2024-11-25,2,10.64,45.5915,6.97315,30.1,693.37231,863.154,0,11,25,2023,14,329,420,50,0.54746,50,0.19077
2157,2024-11-25,2,10.584,47.1206,6.75192,30.1,606.11961,711.364,0,11,25,2023,14.5,329,420,50,0.5138,50,0.20302
2158,2024-11-25,2,10.555,47.8072,6.65137,30,504.14961,542.113,0,11,25,2023,15,329,420,50,0.46036,50,0.15633
2159,2024-11-25,2,10.188,49.8415,6.2373,30,389.20705,225.635,0,11,25,2023,15.5,329,420,50,0.28643,50,0.09742
2160,2024-11-25,2,9.826,52.34,5.78458,30,263.25863,130.647,0,11,25,2023,16,329,420,50,0.20891,50,0.07868
2161,2024-11-26,2,4.134,99.5147,0.03984,29.9,850.05897,334.19,0,11,26,2023,12.5,330,420,50,0.37503,50,0.13328
2162,2024-11-26,2,3.985,99.5331,0.03793,29.9,761.6164,269.506,0,11,26,2023,13.5,330,420,50,0.33737,50,0.09199
2163,2024-11-26,2,4.227,99.2119,0.06512,29.9,502.05487,310.621,0,11,26,2023,15,330,420,50,0.34731,50,0.17077
2164,2024-11-27,2,11.044,44.5258,7.3035,29.8,795.95337,1067.44,0,11,27,2023,10.5,331,420,50,0.546,50,0.25944
2165,2024-11-27,2,10.752,47.1015,6.83041,29.8,837.12718,1154.62,0,11,27,2023,11,331,420,50,0.55335,50,0.27199
2166,2024-11-27,2,10.893,46.2123,7.01072,29.8,859.54796,1188.64,0,11,27,2023,11.5,331,420,50,0.5553,50,0.25384
2167,2024-11-27,2,11.287,39.7238,8.06476,29.7,862.8321,1180.38,0,11,27,2023,12,331,420,50,0.55281,50,0.26867
2168,2024-11-27,2,12.18,30.8482,9.8147,29.7,846.92339,1142.73,0,11,27,2023,12.5,331,420,50,0.5469,50,0.2498
2169,2024-11-27,2,12.972,27.3262,10.86494,29.7,812.09405,1084.11,0,11,27,2023,13,331,420,50,0.52256,50,0.24297
2170,2024-11-27,2,12.377,34.3235,9.44305,29.7,758.94,1003.26,0,11,27,2023,13.5,331,420,50,0.52626,50,0.24881
2171,2024-11-27,2,12.102,37.5834,8.81338,29.6,688.37073,887.376,0,11,27,2023,14,331,420,50,0.50726,50,0.23656
2172,2024-11-27,2,11.899,39.9455,8.36709,29.6,601.59371,752.563,0,11,27,2023,14.5,331,420,50,0.47996,50,0.2185
2173,2024-11-27,2,12.026,37.9213,8.72187,29.6,500.0937,597.934,0,11,27,2023,15,331,420,50,0.43874,50,0.17521
2174,2024-11-27,2,12.051,34.7634,9.18066,29.6,385.6074,427.747,0,11,27,2023,15.5,331,420,50,0.37547,50,0.14786
2175,2024-11-27,2,11.796,35.9417,8.86443,29.6,260.09371,247.282,0,11,27,2023,16,331,420,50,0.26988,50,0.14645
2176,2024-11-28,2,10.116,35.69,7.95862,29.5,732.80705,972.736,0,11,28,2023,10,332,420,50,0.5161,50,0.24735
2177,2024-11-28,2,10.094,36.0223,7.90584,29.5,792.16489,1044.56,0,11,28,2023,10.5,332,420,50,0.52256,50,0.24527
2178,2024-11-28,2,10.356,36.7029,7.96002,29.4,833.49951,1155.78,0,11,28,2023,11,332,420,50,0.53219,50,0.25556
2179,2024-11-28,2,10.564,38.8341,7.79957,29.4,856.10366,1186.44,0,11,28,2023,11.5,332,420,50,0.53343,50,0.25536
2180,2024-11-28,2,10.615,39.3307,7.7626,29.4,859.59059,1181.13,0,11,28,2023,12,332,420,50,0.53146,50,0.27579
2181,2024-11-28,2,10.717,37.4656,8.05582,29.4,843.90063,1143.1,0,11,28,2023,12.5,332,420,50,0.52607,50,0.25095
2182,2024-11-28,2,11.045,36.7398,8.32912,29.4,809.30224,1080.6,0,11,28,2023,13,332,420,50,0.51759,50,0.25655
2183,2024-11-28,2,11.368,39.3937,8.15259,29.3,756.38741,988.936,0,11,28,2023,13.5,332,420,50,0.5047,50,0.24099
2184,2024-11-28,2,11.699,39.4303,8.32813,29.3,686.06152,882.062,0,11,28,2023,14,332,420,50,0.48699,50,0.23409
2185,2024-11-28,2,11.721,40.8263,8.14803,29.3,599.52787,745.444,0,11,28,2023,14.5,332,420,50,0.46022,50,0.21975
2186,2024-11-28,2,11.73,41.4382,8.06857,29.3,498.26708,589.314,0,11,28,2023,15,332,420,50,0.41986,50,0.18027
2187,2024-11-28,2,11.564,42.0028,7.90354,29.3,384.01174,420.677,0,11,28,2023,15.5,332,420,50,0.35901,50,0.13909
2188,2024-11-28,2,11.197,44.7643,7.34636,29.3,258.7168,246.281,0,11,28,2023,16,332,420,50,0.26043,50,0.13909
2189,2024-11-29,2,10.046,54.6982,5.58006,29.1,728.96368,949.304,0,11,29,2023,10,333,420,50,0.49062,50,0.23931
2190,2024-11-29,2,9.902,58.5202,5.06021,29.1,788.46438,1044.06,0,11,29,2023,10.5,333,420,50,0.49971,50,0.22554
2191,2024-11-29,2,9.388,60.9208,4.60549,29.1,829.96706,1117.08,0,11,29,2023,11,333,420,50,0.50543,50,0.2307
2192,2024-11-29,2,9.963,58.0432,5.13938,29.1,852.76159,1132.38,0,11,29,2023,11.5,333,420,50,0.50604,50,0.23075
2193,2024-11-29,2,10.38,54.7749,5.69648,29,856.45795,1121.48,0,11,29,2023,12,333,420,50,0.50315,50,0.23577
2194,2024-11-29,2,10.237,52.9181,5.87394,29,840.99291,1088.63,0,11,29,2023,12.5,333,420,50,0.49803,50,0.22132
2195,2024-11-29,2,9.893,53.2742,5.69674,29,806.63106,1004.92,0,11,29,2023,13,333,420,50,0.48745,50,0.22578
2196,2024-11-29,2,9.531,54.7043,5.38973,29,753.96036,855.782,0,11,29,2023,13.5,333,420,50,0.4657,50,0.21451
2197,2024-11-29,2,9.206,56.6442,5.0472,29,683.882,789.28,0,11,29,2023,14,333,420,50,0.45456,50,0.20941
2198,2024-11-29,2,8.899,58.2122,4.76485,29,597.59506,626.736,0,11,29,2023,14.5,333,420,50,0.42043,50,0.17242
2199,2024-11-29,2,8.449,60.3857,4.38142,29,496.57592,488.016,0,11,29,2023,15,333,420,50,0.38151,50,0.13222
2200,2024-11-30,2,2.324,45.4134,3.94209,28.9,838.20238,306.406,0,11,30,2023,12.5,334,420,50,0.29862,50,0.07719
2201,2024-11-30,2,1.982,47.6561,3.68885,28.9,804.08243,174.512,0,11,30,2023,13,334,420,50,0.20584,50,0.05645
2202,2024-11-30,2,1.68,44.4713,3.8295,28.9,751.66051,79.771,0,11,30,2023,13.5,334,420,50,0.10679,50,0.03158
2203,2024-11-30,2,1.452,47.1045,3.58865,28.9,681.83358,89.9818,0,11,30,2023,14,334,420,50,0.11991,50,0.02977
2204,2024-11-30,2,0.888,51.0444,3.18907,28.9,595.79638,96.7989,0,11,30,2023,14.5,334,420,50,0.13127,50,0.03924
2205,2024-12-1,2,13.227,44.231,8.4894,36.1,519.97643,862.317,0,12,1,2024,14,336,420,50,0.80772,50,0.1375
2206,2024-12-1,2,12.942,45.6918,8.11431,36.1,439.86638,730.144,0,12,1,2024,14.5,336,420,50,0.73209,50,0.14551
2207,2024-12-1,2,12.783,46.5652,7.90104,36,351.33032,584.069,0,12,1,2024,15,336,420,50,0.63445,50,0.14126
2208,2024-12-1,2,12.48,46.701,7.72571,36,251.61172,419.544,0,12,1,2024,15.5,336,420,50,0.5021,50,0.14251
2209,2024-12-2,2,12.663,23.7729,11.18279,35.8,427.67407,710.028,0,12,2,2024,9,337,420,50,0.671,50,0.13197
2210,2024-12-2,2,13.43,23.3032,11.83091,35.8,516.60106,856.748,0,12,2,2024,9.5,337,420,50,0.73783,50,0.11917
2211,2024-12-2,2,14.581,26.0759,12.28822,35.8,592.87572,982.593,0,12,2,2024,10,337,420,50,0.78476,50,0.12488
2212,2024-12-2,2,14.577,25.6058,12.36316,35.7,653.95666,1083.37,0,12,2,2024,10.5,337,420,50,0.82273,50,0.14439
2213,2024-12-2,2,15.278,20.1199,13.88844,35.7,612.07515,1014.27,0,12,2,2024,13.5,337,420,50,0.7538,50,0.15612
2214,2024-12-2,2,15.379,21.6187,13.71658,35.6,544.91987,903.471,0,12,2,2024,14,337,420,50,0.71106,50,0.15524
2215,2024-12-2,2,15.412,21.593,13.75019,35.6,463.96188,769.899,0,12,2,2024,14.5,337,420,50,0.64765,50,0.16197
2216,2024-12-2,2,14.901,22.5396,13.14481,35.6,369.04965,613.304,0,12,2,2024,15,337,420,50,0.56893,50,0.14909
2217,2024-12-2,2,14.233,20.988,12.84141,35.6,265.12593,441.841,0,12,2,2024,15.5,337,420,50,0.45513,50,0.16157
2218,2024-12-3,2,10.108,49.0451,6.30986,35.2,282.82405,471.041,0,12,3,2024,14,338,420,50,0.42889,50,0.06889
2219,2024-12-3,2,10.103,50.2425,6.15951,35.2,312.51143,520.022,0,12,3,2024,14.5,338,420,50,0.46056,50,0.07736
2220,2024-12-3,2,9.013,54.4382,5.24101,35.2,87.76471,149.214,0,12,3,2024,15.5,338,420,50,0.15775,50,0.02739
2221,2024-12-4,2,6.789,78.2414,2.15039,34.9,70.32721,120.444,0,12,4,2024,14,339,420,50,0.1136,50,0.026
2222,2024-12-4,2,6.579,87.0075,1.26558,34.9,81.47702,138.84,0.1,12,4,2024,14.5,339,420,50,0.12967,50,0.02775
2223,2024-12-4,2,6.168,91.2911,0.82456,34.9,52.80104,91.5277,0.2,12,4,2024,15,339,420,50,0.08662,50,0.03176
2224,2024-12-4,2,5.421,96.2117,0.34054,34.9,53.99584,93.499,0.2,12,4,2024,15.5,339,420,50,0.08826,50,0.03984
2225,2024-12-5,2,3.826,46.6594,4.28739,35.6,393.25305,653.237,0,12,5,2024,9,340,420,50,0.40953,50,0.1711
2226,2024-12-5,2,4.064,48.188,4.23504,35.6,489.08776,811.354,0,12,5,2024,9.5,340,420,50,0.46712,50,0.17295
2227,2024-12-5,2,4.495,50.4545,4.17444,35.6,566.88433,939.71,0,12,5,2024,10,340,420,50,0.5066,50,0.16346
2228,2024-12-6,2,4.196,38.581,5.06719,35.3,347.24581,577.33,0,12,6,2024,10,341,420,50,0.32379,50,0.17364
2229,2024-12-6,2,4.979,38.2436,5.38278,35.3,682.80702,1130.97,0,12,6,2024,11,341,420,50,0.46829,50,0.1416
2230,2024-12-6,2,5.228,36.9209,5.59454,35.3,711.88163,1178.94,0,12,6,2024,11.5,341,420,50,0.47717,50,0.15326
2231,2024-12-6,2,5.5,31.9322,6.15256,35.3,708.97842,1174.15,0,12,6,2024,12,341,420,50,0.47615,50,0.1471
2232,2024-12-6,2,5.819,27.5003,6.70014,35.3,690.55298,1143.75,0,12,6,2024,12.5,341,420,50,0.47034,50,0.1539
2233,2024-12-6,2,6.253,30.1483,6.65259,35.3,660.08433,1093.48,0,12,6,2024,13,341,420,50,0.46044,50,0.11553
2234,2024-12-6,2,6.834,32.5357,6.68814,35.2,602.20481,997.985,0,12,6,2024,13.5,341,420,50,0.4404,50,0.11129
2235,2024-12-6,2,6.964,33.5091,6.65088,35.2,521.4935,864.82,0,12,6,2024,14,341,420,50,0.40904,50,0.11439
2236,2024-12-6,2,7.179,34.0722,6.69273,35.2,453.41938,752.505,0,12,6,2024,14.5,341,420,50,0.37883,50,0.16136
2237,2024-12-6,2,6.885,36.6691,6.30046,35.2,362.39771,602.329,0,12,6,2024,15,341,420,50,0.33176,50,0.16244
2238,2024-12-6,2,6.702,37.8795,6.10262,35.2,263.02458,438.374,0,12,6,2024,15.5,341,420,50,0.2689,50,0.16456
2239,2024-12-7,2,4.349,41.1039,4.91163,35,361.01944,600.055,0,12,7,2024,15,342,420,50,0.32725,50,0.1098
2240,2024-12-7,2,4.132,45.1691,4.50332,35,241.28014,402.498,0,12,7,2024,15.5,342,420,50,0.25061,50,0.14692
2241,2024-12-9,2,1.778,59.9765,2.78034,34.9,48.23898,84.0008,0,12,9,2024,15,344,420,50,0.09569,50,0.02274
2242,2024-12-9,2,1.767,60.7464,2.72471,34.9,40.30932,70.9177,0,12,9,2024,15.5,344,420,50,0.08077,50,0.02261
2243,2024-12-10,2,0.988,64.5601,2.32564,34.8,42.88779,75.1719,0,12,10,2024,9,345,420,50,0.0781,50,0.03092
2244,2024-12-10,2,0.717,69.6559,1.95255,34.8,48.70241,84.7654,0,12,10,2024,9.5,345,420,50,0.08766,50,0.02302
2245,2024-12-10,2,0.296,74.8012,1.57264,34.8,54.25713,93.9301,0,12,10,2024,10,345,420,50,0.09657,50,0.03634
2246,2024-12-10,2,-0.258,83.8339,0.96897,34.8,92.83291,157.576,0.1,12,10,2024,10.5,345,420,50,0.15571,50,0.0593
2247,2024-12-10,2,-0.687,90.628,0.54437,34.8,102.38869,173.342,0,12,10,2024,11,345,420,50,0.16897,50,0.06437
2248,2024-12-10,2,-0.779,94.8482,0.29722,34.8,92.22803,156.578,0,12,10,2024,11.5,345,420,50,0.15399,50,0.06293
2249,2024-12-10,2,-0.449,97.3449,0.15693,34.8,88.06169,149.704,0,12,10,2024,12,345,420,50,0.14751,50,0.05953
2250,2024-12-10,2,0.212,98.0111,0.12337,34.8,83.18865,141.664,0.4,12,10,2024,12.5,345,420,50,0.13994,50,0.05124
2251,2024-12-10,2,0.042,98.3701,0.09986,34.8,63.46494,109.122,0.1,12,10,2024,13,345,420,50,0.10958,50,0.04539
2252,2024-12-10,2,0.073,98.8819,0.06866,34.8,58.93374,101.646,0.2,12,10,2024,13.5,345,420,50,0.10217,50,0.03996
2253,2024-12-10,2,0.132,99.0576,0.05812,34.8,48.12522,83.8131,0.1,12,10,2024,14,345,420,50,0.08456,50,0.02772
2254,2024-12-10,2,-0.18,99.219,0.04708,34.8,24.33737,44.5657,0,12,10,2024,14.5,345,420,50,0.04424,50,0.02959
2255,2024-12-11,2,-2.189,98.1585,0.09573,34.8,45.3748,79.2752,0,12,11,2024,9.5,346,420,50,0.07129,50,0.03909
2256,2024-12-11,2,-2.055,98.2903,0.08977,34.8,57.79809,99.7723,0,12,11,2024,10.5,346,420,50,0.08861,50,0.0313
2257,2024-12-11,2,-2.072,98.3101,0.08862,34.8,44.01162,77.0261,0,12,11,2024,11,346,420,50,0.06863,50,0.03215
2258,2024-12-11,2,-1.936,98.375,0.08608,34.8,84.42691,143.707,0,12,11,2024,11.5,346,420,50,0.12386,50,0.05429
2259,2024-12-11,2,-1.955,98.3788,0.08576,34.8,169.66154,284.335,0,12,11,2024,12,346,420,50,0.22212,50,0.13678
2260,2024-12-11,2,-1.853,98.4237,0.08401,34.8,281.70822,469.2,0,12,11,2024,12.5,346,420,50,0.32372,50,0.16251
2261,2024-12-11,2,-1.476,98.6322,0.07496,34.8,264.69075,441.123,0,12,11,2024,13,346,420,50,0.30885,50,0.14703
2262,2024-12-11,2,-1.213,98.7966,0.06725,34.8,312.96298,520.767,0.1,12,11,2024,13.5,346,420,50,0.34613,50,0.16189
2263,2024-12-16,2,5.933,26.3619,6.85941,34.7,535.39744,887.76,0,12,16,2024,14,351,420,50,0.24117,50,0.07678
2264,2024-12-16,2,5.755,24.3864,6.95692,34.7,460.77562,764.642,0,12,16,2024,14.5,351,420,50,0.21767,50,0.09772
2265,2024-12-16,2,5.531,24.4393,6.84459,34.7,364.0566,605.066,0,12,16,2024,15,351,420,50,0.18357,50,0.09001
2266,2024-12-31,2,6.424,24.8282,7.24442,34.1,271.41179,452.212,0,12,31,2024,15.5,366,420,50,0.20356,50,0.06982
