"","DATE","Vms","Ta","RH","VPDhpa","SVWC30cm","Rn","PPFD","Rainfall","Month","Day","year","time","DOY","Cof","G","GPPob","LE","SIF","NIRv","fPAR","GPP","GPP30min","SIFfull","PSmax","qL","J"
"1","2024-1-1",2,3.718,46.9044,4.23526,39.6,375.225,582.955,0,1,1,2024,9,1,420,50,0.34027,50,0.14179,0.09383,0.64512,0.167041636363636,0.253767272325137,5.17716284993478,0.5586421236,0.627278912962007,41.1050625079607
"2","2024-1-1",2,3.835,49.6721,4.04781,39.6,456.718,728.442,0,1,1,2024,9.5,1,420,50,0.35213,50,0.14324,0.09782,0.63773,0.172863818181818,0.237997526041351,4.95930633281864,0.5618820525,0.558358751138568,35.5130831460424
"3","2024-1-1",2,4.636,51.2327,4.14973,39.6,528.766,861.157,0,1,1,2024,10,1,420,50,0.36001,50,0.15085,0.1007,0.63312,0.176732181818182,0.250849729176654,5.03673742379371,0.5832542544,0.502115251991861,35.3948001534269
"4","2024-1-1",2,5.159,52.1083,4.22715,39.6,579.117,957.452,0,1,1,2024,10.5,1,420,50,0.3645,50,0.14617,0.10344,0.62784,0.178936363636364,0.244168294341149,4.71157545110151,0.5964471909,0.464886680938569,32.3731438343075
"5","2024-1-1",2,5.284,49.9402,4.45723,39.6,617.881,1035.47,0,1,1,2024,11,1,420,50,0.36752,50,0.14899,0.1064,0.62357,0.180418909090909,0.233822597041623,4.63711791090964,0.5995112784,0.436758005686883,30.3176881144407
"6","2024-1-1",2,4.938,50.8385,4.27271,39.6,650.767,1108.41,0,1,1,2024,11.5,1,420,50,0.36984,50,0.15016,0.10882,0.62019,0.181557818181818,0.212170226129892,4.54483092323801,0.5909457716,0.412001619011817,27.0510045251793
"7","2024-1-1",2,5.821,48.2082,4.78706,39.6,651.394,1121.61,0,1,1,2024,12,1,420,50,0.36988,50,0.1396,0.11158,0.62056,0.181577454545455,0.207607987593361,4.12316081156794,0.6122835549,0.407673773158887,26.5449199089176
"8","2024-1-1",2,5.493,50.1223,4.50618,39.6,626.638,1087.43,0,1,1,2024,12.5,1,420,50,0.36816,50,0.14683,0.11543,0.62045,0.180733090909091,0.211460382591181,4.1913152338533,0.6045576461,0.418975011191325,26.8468281431441
"9","2024-1-1",2,5.32,49.6344,4.49573,39.6,594.62,1043.45,0,1,1,2024,13,1,420,50,0.36575,50,0.14453,0.12085,0.62434,0.17955,0.202176723328144,3.96533553409811,0.60038736,0.43397862380512,25.8547655385381
"10","2024-1-1",2,5.777,48.0397,4.78798,39.6,544.442,964.786,0,1,1,2024,13.5,1,420,50,0.36148,50,0.14862,0.12769,0.62763,0.177453818181818,0.216798593573964,3.87946196249788,0.6112608981,0.462167083815907,28.1928445950856
"11","2024-1-1",2,6.354,46.4172,5.13893,39.6,479.939,867.698,0,1,1,2024,14,1,420,50,0.35489,50,0.15376,0.1375,0.63187,0.174218727272727,0.233274138398899,3.75245802019106,0.6243333524,0.499494645835014,31.1501811304141
"12","2024-1-1",2,6.683,46.1377,5.28442,39.6,402.304,739.045,0,1,1,2024,14.5,1,420,50,0.34465,50,0.13322,0.15191,0.63383,0.169191818181818,0.200465541361377,2.95191121140856,0.6314592621,0.553642559457967,28.0022284829531
"13","2024-1-1",2,6.675,46.9551,5.20136,39.6,316.696,594.164,0,1,1,2024,15,1,420,50,0.32879,50,0.12266,0.17308,0.6385,0.161406,0.174197917655,2.403058864521,0.6312888125,0.621679122238909,25.5783467037364
"14","2024-1-1",2,6.339,49.4954,4.83869,39.6,224.556,432.995,0,1,1,2024,15.5,1,420,50,0.30201,50,0.11121,0.20102,0.64076,0.148259454545455,0.141576828241102,1.88255380973395,0.6240027869,0.707232367628925,22.0958865141203
"15","2024-1-2",2,4.138,48.7638,4.20986,39.4,49.6365,105.493,0.2,1,2,2024,9.5,2,420,50,0.152,50,0.03495,0.10536,0.58497,0.0746181818181818,0.0813290418078461,1.03051055872815,0.5701326516,0.919068703907712,12.5615108871163
"16","2024-1-2",2,3.274,56.6804,3.34851,39.4,56.963,113.993,0.4,1,2,2024,10,2,420,50,0.16558,50,0.03077,0.104,0.58292,0.0812847272727273,0.0675008602668848,0.915905247055229,0.5460730164,0.91284023750724,10.0579631269213
"17","2024-1-2",2,2.475,68.1562,2.32537,39.4,59.9524,118.243,0.3,1,2,2024,10.5,2,420,50,0.17073,50,0.03524,0.10285,0.57608,0.0838129090909091,0.0744371474873699,1.04824267301478,0.5223618125,0.909741850941655,10.4292334285049
"18","2024-1-2",2,0.979,94.1886,0.38111,39.4,58.3601,115.601,0.7,1,2,2024,11,2,420,50,0.16801,50,0.03863,0.08981,0.51944,0.0824776363636364,0.0730149234863434,1.186541234802,0.4741897149,0.911666714797349,9.75533050089086
"19","2024-1-2",2,1.16,92.4001,0.50496,39.4,90.4189,171.487,0.5,1,2,2024,13,2,420,50,0.21336,50,0.04788,0.09448,0.54713,0.104740363636364,0.09273316159342,1.47248954353455,0.48027984,0.871804916249107,11.8630490751898
"20","2024-1-2",2,1.686,92.4082,0.52391,39.4,65.5753,126.8,1.3,1,2,2024,14,2,420,50,0.17988,50,0.04101,0.09774,0.56066,0.0883047272727273,0.0826750423741195,1.24929338709526,0.4975691444,0.90353538983928,11.1785827722924
"21","2024-1-3",2,0.61,49.5175,3.22329,39.5,404.712,610.201,0,1,3,2024,9,3,420,50,0.32122,50,0.1509,0.09282,0.64534,0.157689818181818,0.189103550965593,5.5716482961005,0.46155069,0.613754173436493,29.3124913799422
"22","2024-1-3",2,1.086,46.1199,3.56087,39.5,497.459,773.628,0,1,3,2024,9.5,3,420,50,0.33419,50,0.14902,0.0976,0.63798,0.164056909090909,0.180621642328587,5.17308053378835,0.4777986644,0.538535209565726,25.4900270010877
"23","2024-1-3",2,1.574,44.9814,3.76636,39.5,572.161,910.971,0,1,3,2024,10,3,420,50,0.34219,50,0.15699,0.10082,0.63374,0.167984181818182,0.183854877781381,5.24063423640259,0.4939387764,0.482498821834432,24.680284816647
"24","2024-1-3",2,2.21,41.4753,4.1935,39.5,631.876,1022.98,0,1,3,2024,10.5,3,420,50,0.34743,50,0.1455,0.10387,0.62968,0.170556545454545,0.166705606058819,4.68425139643842,0.51418749,0.441143967453528,21.8712372607405
"25","2024-1-3",2,2.473,41.0217,4.30623,39.5,679.419,1115.81,0,1,3,2024,11,3,420,50,0.35096,50,0.14439,0.10672,0.6241,0.172289454545455,0.156145758046587,4.48428200291857,0.5223006981,0.409569774788446,20.0810683916975
"26","2024-1-3",2,2.65,41.2618,4.34322,39.5,709.342,1177.19,0,1,3,2024,11.5,3,420,50,0.35266,50,0.14971,0.10942,0.62102,0.173124,0.155258223469892,4.51239511765554,0.52767525,0.38994405455786,19.6578241130738
"27","2024-1-3",2,2.834,37.0724,4.71441,39.5,707.323,1183.89,0,1,3,2024,12,3,420,50,0.35143,50,0.15076,0.11238,0.62273,0.172520181818182,0.156276617627503,4.4365392003594,0.5331892884,0.387859545899224,19.6543828241834
"28","2024-1-3",2,2.953,37.3807,4.73121,39.5,684.471,1159.63,0,1,3,2024,12.5,3,420,50,0.34819,50,0.15794,0.11608,0.62396,0.170929636363636,0.164786811626484,4.50857104410655,0.5367157701,0.39546064645482,20.6556577233324
"29","2024-1-3",2,3.238,38.6145,4.73286,39.5,647.468,1111.73,0,1,3,2024,13,3,420,50,0.34327,50,0.15593,0.12158,0.62901,0.168514363636364,0.166820325292028,4.28422749038097,0.5450348916,0.410908794624936,21.0893975670987
"30","2024-1-3",2,3.387,38.0685,4.82569,39.5,596.874,1037.74,0,1,3,2024,13.5,3,420,50,0.33631,50,0.17253,0.129,0.63249,0.165097636363636,0.186886757973239,4.49237507861194,0.5493130541,0.435965572895308,23.871139225273
"31","2024-1-3",2,3.491,38.2406,4.84786,39.5,533.183,941.351,0,1,3,2024,14,3,420,50,0.32671,50,0.17077,0.13967,0.63663,0.160384909090909,0.183329943765419,4.13373830465663,0.5522702109,0.470913525258128,24.0115265257029
"32","2024-1-3",2,3.748,38.1342,4.9453,39.5,452.882,817.134,0,1,3,2024,14.5,3,420,50,0.31272,50,0.14602,0.15603,0.63973,0.153517090909091,0.153354158724029,3.17942355045501,0.5594757456,0.52011403155271,21.0018907978516
"33","2024-1-3",2,3.768,36.4234,5.08925,39.5,364.09,673.553,0,1,3,2024,15,3,420,50,0.29352,50,0.13423,0.16078,0.64444,0.144091636363636,0.148316745217568,2.85724504790694,0.5600303936,0.583423232353975,21.2187662798989
"34","2024-1-3",2,3.759,44.3811,4.44941,39.5,256.443,490.14,0,1,3,2024,15.5,3,420,50,0.26193,50,0.13298,0.16295,0.64701,0.128583818181818,0.161536277240698,2.80407994108877,0.5597809109,0.67562843933772,24.0905949984932
"35","2024-1-4",2,3.263,49.7862,3.87839,39.5,372.008,569.444,0,1,4,2024,9,4,420,50,0.23606,50,0.08471,0.09647,0.62357,0.115884,0.145210170550013,2.90787042315933,0.5457561141,0.634095820201683,22.1533526007854
"36","2024-1-4",2,4.401,48.1419,4.34053,39.5,537.338,884.287,0,1,4,2024,10.5,4,420,50,0.27229,50,0.12272,0.10382,0.62332,0.133669636363636,0.198195169701496,3.91284656243365,0.5771303189,0.492909545234402,26.3225153817942
"37","2024-1-4",2,5.821,41.4849,5.40849,39.5,716.84,1179.36,0,1,4,2024,11,4,420,50,0.30496,50,0.10178,0.10806,0.62422,0.149707636363636,0.142197830180081,3.12235728148995,0.6122835549,0.389267698925697,19.1941700143201
"38","2024-1-4",2,6.575,35.9671,6.23563,39.5,619.092,1044.59,0,1,4,2024,12,4,420,50,0.28517,50,0.07434,0.10997,0.62093,0.139992545454545,0.121455241124399,2.22914545972219,0.6291463125,0.433583015724914,16.3968235900753
"39","2024-1-4",2,7.211,33.82,6.7331,39.5,653.839,1123.49,0,1,4,2024,12.5,4,420,50,0.29062,50,0.07728,0.11881,0.62481,0.142668,0.115065602556982,2.15828863134503,0.6423976269,0.407061092655285,15.7823857057327
"40","2024-1-4",2,7.39,36.8994,6.49912,39.5,674.11,1178.2,0,1,4,2024,13,4,420,50,0.29325,50,0.08737,0.12294,0.62993,0.143959090909091,0.123071446755944,2.37743609817336,0.64596669,0.389629107017718,16.9015386905695
"41","2024-1-4",2,8.143,27.7217,7.83747,39.5,605.722,1076.7,0,1,4,2024,13.5,4,420,50,0.27889,50,0.13404,0.12778,0.63374,0.136909636363636,0.213212069838842,3.53045019139652,0.6602087061,0.422586973048743,28.9877958170436
"42","2024-1-4",2,7.784,26.189,7.81002,39.5,518.648,941.706,0,1,4,2024,14,4,420,50,0.25859,50,0.12568,0.13815,0.63785,0.126944181818182,0.196632334465517,3.08163555676768,0.6535742784,0.470779804806158,27.3705751037365
"43","2024-1-4",2,7.276,30.6161,7.09063,39.5,432.954,803.111,0,1,4,2024,14.5,4,420,50,0.2355,50,0.12194,0.15476,0.64136,0.115609090909091,0.178636682370502,2.68371735123972,0.6437018064,0.525981730361857,25.5022524694064
"44","2024-1-4",2,7.478,29.7802,7.27612,39.5,345.54,657.017,0,1,4,2024,15,4,420,50,0.208,50,0.0894,0.1783,0.64688,0.102109090909091,0.121481796449661,1.72249247562163,0.6476954676,0.59119249733423,18.721423814892
"45","2024-1-4",2,7.003,34.296,6.58983,39.5,249.232,486.753,0,1,4,2024,15.5,4,420,50,0.1717,50,0.09495,0.21284,0.65075,0.0842890909090909,0.114220164823548,1.54171227217297,0.6381617901,0.677461604607677,18.4206260829983
"46","2024-1-5",2,6.62,41.3225,5.73188,39.3,334.439,569.768,0,1,5,2024,10,5,420,50,0.20278,50,0.04303,0.10353,0.63606,0.0995465454545454,0.100777169626461,1.40394679837381,0.63011316,0.633931483863997,15.1615164707671
"47","2024-1-5",2,7.088,39.8179,6.07137,39.3,451.239,768.986,0,1,5,2024,10.5,5,420,50,0.25246,50,0.10051,0.10423,0.63372,0.123934909090909,0.228140648636535,3.2453488174369,0.6399042816,0.540538831943367,31.1734838170243
"48","2024-1-5",2,8.115,39.3615,6.56278,39.3,609.219,1046.44,0,1,5,2024,11,5,420,50,0.30809,50,0.09853,0.10911,0.63054,0.151244181818182,0.185360609996658,3.02387617535871,0.6597014525,0.432941787487582,25.379370981358
"49","2024-1-5",2,9.061,37.997,7.15544,39.3,670.536,1157.89,0,1,5,2024,11.5,5,420,50,0.32916,50,0.08452,0.10948,0.62562,0.161587636363636,0.152345639181867,2.56497276083518,0.6758841069,0.39601151098745,21.1817810394525
"50","2024-1-5",2,9.329,37.2748,7.37099,39.3,649.015,1138.09,0,1,5,2024,12,5,420,50,0.32645,50,0.10102,0.11195,0.62701,0.160257272727273,0.189314834421401,3.00472802339118,0.6801107349,0.402334277430817,25.7023104817108
"51","2024-1-5",2,9.491,36.643,7.52699,39.3,627.322,1113.02,0,1,5,2024,12.5,5,420,50,0.3234,50,0.10217,0.11568,0.62739,0.15876,0.191182703781898,2.94272812109094,0.6825890109,0.410484955487495,25.9767442060485
"52","2024-1-5",2,8.827,36.5974,7.20201,39.3,595.077,1067.08,0,1,5,2024,13,5,420,50,0.31671,50,0.1141,0.12068,0.63047,0.155475818181818,0.20543687430314,3.16564494196336,0.6720644781,0.425851749137773,27.6275973448341
"53","2024-1-5",2,8.626,35.0768,7.27492,39.3,551.178,998.59,0,1,5,2024,13.5,5,420,50,0.30545,50,0.12597,0.12785,0.63424,0.149948181818182,0.222402245421529,3.3186959039014,0.6686873364,0.449836093155752,30.1305334347774
"54","2024-1-5",2,8.856,39.0302,6.93928,39.3,489.339,898.449,0,1,5,2024,14,5,420,50,0.28634,50,0.13209,0.13783,0.63796,0.140566909090909,0.235268906492325,3.24688619940842,0.6725443904,0.487356593012338,32.4999305440388
"55","2024-1-5",2,9.34,41.4122,6.88991,39.3,409.698,766.401,0,1,5,2024,14.5,5,420,50,0.25718,50,0.11139,0.15236,0.64098,0.126252,0.197628670853469,2.48866908319363,0.68028084,0.541657822885668,28.682153018224
"56","2024-1-5",2,8.932,40.5368,6.80272,39.3,328.294,629.579,0,1,5,2024,15,5,420,50,0.22228,50,0.10789,0.17453,0.64585,0.109119272727273,0.174467105721751,2.12026528228453,0.6737933136,0.604312881163202,26.465852752176
"57","2024-1-5",2,8.559,37.2512,6.99937,39.3,239.597,477.043,0,1,5,2024,15.5,5,420,50,0.17695,50,0.09464,0.2067,0.65024,0.0868663636363636,0.133175395490646,1.58108555444455,0.6675418709,0.682744619014692,21.6748056373191
"58","2024-1-6",2,7.118,18.5286,8.23607,39.1,95.2027,160.477,0,1,6,2024,9,6,420,50,0.10964,50,0.0322,0.11258,0.59375,0.0538232727272727,0.0813831915968799,0.901873619880962,0.6405154836,0.879517691148505,14.1331740312216
"59","2024-1-6",2,7.377,20.5136,8.17951,39.1,152.73,255.548,0,1,6,2024,9.5,6,420,50,0.16687,50,0.03228,0.11239,0.59618,0.081918,0.0817738915555116,0.90934920484284,0.6457098581,0.81510495083603,13.5089803805154
"60","2024-1-6",2,7.344,22.3739,7.97002,39.1,278.237,466.478,0,1,6,2024,10,6,420,50,0.27165,50,0.04842,0.10683,0.61086,0.133355454545455,0.122211422496261,1.47034983916531,0.6450562304,0.688539631760652,18.3987211921192
"61","2024-1-6",2,7.179,22.7647,7.84062,39.1,465.068,788.304,0,1,6,2024,10.5,6,420,50,0.39151,50,0.13961,0.10107,0.63283,0.192195818181818,0.299477213213809,4.64225245339711,0.6417521549,0.532249348105149,44.2616542635068
"62","2024-1-6",2,7.299,22.4754,7.93507,39.1,623.577,1054.31,0,1,6,2024,11,6,420,50,0.47111,50,0.13797,0.10694,0.63062,0.231272181818182,0.24873499362865,4.32075517297389,0.6441610589,0.430224548836686,33.65083462777
"63","2024-1-6",2,7.487,22.4742,8.03811,39.1,658.205,1124.84,0,1,6,2024,11.5,6,420,50,0.48912,50,0.11101,0.10945,0.62693,0.240113454545455,0.187029405042202,3.37685818935245,0.6478713141,0.406621703987807,25.2633374973025
"64","2024-1-6",2,7.447,22.3587,8.02806,39.1,660.223,1139.88,0,1,6,2024,12,6,420,50,0.49337,50,0.11973,0.11237,0.62784,0.242199818181818,0.196339279410287,3.55262213051533,0.6470884101,0.40175854706686,26.1704892516059
"65","2024-1-6",2,7.508,24.8133,7.8068,39.1,643.692,1121.42,0,1,6,2024,12.5,6,420,50,0.48977,50,0.1316,0.11575,0.62792,0.240432545454545,0.215712256830224,3.79128680611421,0.6482809296,0.407735744282093,28.4926441905093
"66","2024-1-6",2,7.628,26.9141,7.65126,39.1,613.826,1080.82,0,1,6,2024,13,6,420,50,0.47999,50,0.12664,0.12055,0.63134,0.235631454545455,0.207683438933029,3.52220335896508,0.6506029776,0.42119641927706,27.6245965754923
"67","2024-1-6",2,7.948,22.6189,8.27998,39.1,572.54,1019.73,0,1,6,2024,13.5,6,420,50,0.46405,50,0.13502,0.12742,0.6352,0.227806363636364,0.222263576827427,3.57452571875411,0.6566402256,0.442292434128615,30.2347237983344
"68","2024-1-6",2,8.371,21.5679,8.63775,39.1,513.241,929.489,0,1,6,2024,14,6,420,50,0.43733,50,0.13529,0.13746,0.63904,0.214689272727273,0.223812382522927,3.34014126015296,0.6642749949,0.4754035769497,31.4189375427388
"69","2024-1-6",2,8.227,21.247,8.58853,39.1,439.279,807.412,0,1,6,2024,14.5,6,420,50,0.39885,50,0.12827,0.15271,0.64197,0.195799090909091,0.202059534448396,2.8636489990118,0.6617201181,0.524175042432405,29.3625853511569
"70","2024-1-6",2,8.384,22.063,8.59081,39.1,348.352,652.694,0,1,6,2024,15,6,420,50,0.34307,50,0.10938,0.17445,0.64647,0.168416181818182,0.165025327215687,2.15259712039289,0.6645033984,0.593240617034213,25.293138020694
"71","2024-1-6",2,7.801,27.7168,7.65725,39.1,248.539,473.732,0,1,6,2024,15.5,6,420,50,0.26931,50,0.07911,0.20295,0.64923,0.132206727272727,0.105149828531766,1.3439661871931,0.6538948389,0.684555470194075,17.3818829755502
"72","2024-1-7",2,3.153,30.3901,5.33468,39,217.884,355.567,0,1,7,2024,9,7,420,50,0.24171,50,0.06373,0.10638,0.61058,0.118657636363636,0.111148288190742,1.94255775964542,0.5425724501,0.752425267186432,17.3369514265005
"73","2024-1-7",2,3.617,30.6518,5.49231,39,439.599,703.17,0,1,7,2024,9.5,7,420,50,0.40956,50,0.11971,0.09757,0.63689,0.201056727272727,0.206714296774809,4.1497887558801,0.5558210421,0.569762312918447,29.586712540877
"74","2024-1-7",2,3.932,30.9511,5.59167,39,516.4,847.342,0,1,7,2024,10,7,420,50,0.45607,50,0.11497,0.10161,0.63613,0.223888909090909,0.18202518837447,3.82244628591649,0.5645453136,0.507695408904274,25.1594107342529
"75","2024-1-7",2,4.376,29.2301,5.91306,38.9,477.661,803.582,0,1,7,2024,10.5,7,420,50,0.43312,50,0.09017,0.10654,0.62732,0.212622545454545,0.14852726047932,2.81958989111934,0.5764716864,0.525783577780148,20.1784821434436
"76","2024-1-7",2,5.947,36.7242,5.89989,38.9,321.125,570.495,0,1,7,2024,12,7,420,50,0.32614,50,0.09903,0.11434,0.60672,0.160105090909091,0.221340124886863,2.79064335022032,0.6151885101,0.633562896508574,28.2653427764825
"77","2024-1-7",2,7.788,38.9801,6.45835,38.9,453.375,782.089,0,1,7,2024,14,7,420,50,0.41757,50,0.07445,0.12745,0.62166,0.204988909090909,0.137786551857085,1.92852476506396,0.6536497616,0.53490228159136,19.4683563401523
"78","2024-1-8",2,2.993,62.9399,2.80806,38.8,66.4505,124.344,0,1,8,2024,9,8,420,50,0.07948,50,0.03293,0.11058,0.58615,0.0390174545454545,0.0590005586232078,0.926982100559782,0.5378941461,0.905312401337662,9.76843892609985
"79","2024-1-8",2,2.747,61.488,2.86741,38.8,148.287,257.965,0,1,8,2024,9.5,8,420,50,0.1662,50,0.05541,0.10693,0.58717,0.0815890909090909,0.100951553931985,1.61584565754318,0.5305913901,0.8135303866823,14.8587680016809
"80","2024-1-8",2,3.095,63.6461,2.77459,38.8,265.553,449.817,0,1,8,2024,10,8,420,50,0.27352,50,0.07902,0.10612,0.59631,0.134273454545455,0.140819999865534,2.35808421057207,0.5408830725,0.697778473362167,19.3846052819155
"81","2024-1-8",2,4.156,71.8104,2.31916,38.8,245.422,415.942,0,1,8,2024,10.5,8,420,50,0.2561,50,0.06897,0.10857,0.59257,0.125721818181818,0.141721649378442,1.99911364153444,0.5706164304,0.716946828091946,19.0468552330727
"82","2024-1-8",2,3.934,72.5211,2.22559,38.8,236.705,403.65,0,1,8,2024,11,8,420,50,0.24829,50,0.05757,0.10844,0.58872,0.121887818181818,0.117649616466042,1.65982745646833,0.5646000084,0.724031774593043,15.5837880958622
"83","2024-1-8",2,3.658,71.0443,2.29992,38.8,170.9,295.468,0,1,8,2024,11.5,8,420,50,0.1876,50,0.05458,0.11052,0.58488,0.0920945454545454,0.117468686603276,1.53393465708589,0.5569689396,0.78948503539547,15.224658633341
"84","2024-1-8",2,3.781,67.4531,2.60774,38.8,210.217,356.057,0,1,8,2024,12,8,420,50,0.22421,50,0.06454,0.11027,0.58448,0.110066727272727,0.137145769469339,1.81672283577478,0.5603904429,0.75213037428448,17.4182852140306
"85","2024-1-8",2,4.241,70.0455,2.47915,38.8,250.808,428.215,0,1,8,2024,12.5,8,420,50,0.25999,50,0.05226,0.11043,0.58955,0.127631454545455,0.108488827461914,1.48166632612388,0.5728913109,0.709942001721213,14.1093533529862
"86","2024-1-8",2,5.034,70.4595,2.58471,38.8,570.27,991.006,0,1,8,2024,13,8,420,50,0.48763,50,0.11937,0.11295,0.61074,0.239382,0.178125872776956,3.42777855339498,0.5933487284,0.452573634909196,22.6354893920311
"87","2024-1-8",2,5.496,70.724,2.64548,38.8,480.98,849.904,0,1,8,2024,13.5,8,420,50,0.43219,50,0.10943,0.13454,0.62473,0.212166,0.160119654838893,2.69851459503276,0.6046293824,0.506655902044716,20.9084931339555
"88","2024-1-8",2,5.646,72.0695,2.55038,38.7,429.024,762.055,0,1,8,2024,14,8,420,50,0.39718,50,0.11044,0.13582,0.62738,0.194979272727273,0.171743174962517,2.7091981823444,0.6081909524,0.543544336419034,22.8581587819214
"89","2024-1-8",2,5.546,72.8462,2.46227,38.7,371.456,665.386,0,1,8,2024,14.5,8,420,50,0.35577,50,0.12522,0.14502,0.6295,0.174650727272727,0.191429654030738,2.88661568383747,0.6058220724,0.587247566114013,26.0533145486853
"90","2024-1-8",2,4.69,72.7334,2.32899,38.8,301.573,543.944,0,1,8,2024,15,8,420,50,0.30145,50,0.09455,0.15982,0.632,0.147984545454545,0.125000206568512,1.98561442392887,0.58464429,0.647164219396646,18.0875999540544
"91","2024-1-8",2,4.788,70.8493,2.50708,38.7,221.972,408.969,0,1,8,2024,15.5,8,420,50,0.23347,50,0.07059,0.18048,0.63772,0.114612545454545,0.0857320683616502,1.32462080164476,0.5871505616,0.72095742022103,13.5818512382071
"92","2024-1-9",2,6.86,73.0861,2.67292,38.7,326.322,515.943,0,1,9,2024,9,9,420,50,0.32297,50,0.11035,0.0933,0.63903,0.158548909090909,0.289194121820604,4.01383369745058,0.63519444,0.661824807041667,46.2538252808632
"93","2024-1-9",2,6.948,72.4385,2.75386,38.7,433.397,699.255,0,1,9,2024,9.5,9,420,50,0.40563,50,0.10986,0.09739,0.63911,0.199127454545455,0.265621562572535,3.82867299970301,0.6370258256,0.571549605922326,38.4046240894491
"94","2024-1-9",2,6.578,74.5655,2.47737,38.7,502.769,831.15,0,1,9,2024,10,9,420,50,0.45483,50,0.11258,0.1005,0.63522,0.223280181818182,0.238242898776038,3.77891201138059,0.6292109076,0.514314671234568,32.9810885631928
"95","2024-1-9",2,7.138,71.6533,2.86955,38.7,564.305,949.098,0,1,9,2024,10.5,9,420,50,0.49593,50,0.10781,0.10339,0.63156,0.243456545454545,0.215807446235142,3.49737789374824,0.6409218516,0.46800401689142,29.2151582359161
"96","2024-1-9",2,7.036,72.6541,2.7489,38.7,588.433,1001.42,0,1,9,2024,11,9,420,50,0.51189,50,0.10799,0.10592,0.62554,0.251291454545455,0.203520160126701,3.38694456653409,0.6388401744,0.448818816232845,26.8888314964711
"97","2024-1-9",2,6.655,73.5562,2.58939,38.7,576.761,991.972,0,1,9,2024,11.5,9,420,50,0.50533,50,0.1171,0.11036,0.62142,0.248071090909091,0.210069701906627,3.50169135300837,0.6308620725,0.452224021112309,27.0630811551833
"98","2024-1-9",2,6.088,77.5158,2.11704,38.6,550.828,959.24,0,1,9,2024,13,9,420,50,0.49094,50,0.10449,0.11898,0.62222,0.241006909090909,0.169274854988582,2.90196496488875,0.6183978816,0.464222182392814,21.8310824631505
"99","2024-1-9",2,5.895,77.3617,2.10321,38.6,490.724,852.261,0,1,9,2024,13.5,9,420,50,0.45132,50,0.2541,0.12253,0.61715,0.221557090909091,0.366473992227571,6.79673595931128,0.6139938725,0.505701451814292,54.6719340297578
"100","2024-1-10",2,0.608,42.6109,3.66374,38.6,384.625,579.949,0,1,10,2024,9,10,420,50,0.39526,50,0.11557,0.09095,0.6418,0.194036727272727,0.158419441457063,4.3310136897516,0.4614813696,0.62878920854346,23.3371639024049
"101","2024-1-10",2,1.737,40.3091,4.13439,38.6,470.769,735.046,0,1,10,2024,9.5,10,420,50,0.46327,50,0.11459,0.09607,0.63854,0.227423454545455,0.158581324955774,4.04477595466256,0.4992131141,0.555416608990719,22.3947578642346
"102","2024-1-10",2,4.726,25.9724,6.33907,38.5,365.617,668.138,0,1,10,2024,15,10,420,50,0.38589,50,0.10616,0.17097,0.64213,0.189436909090909,0.1196714539012,2.11744136251881,0.5855674164,0.58595610403556,17.5307091528013
"103","2024-1-11",2,7.805,34.3019,6.96157,38.5,375.712,579.211,0,1,11,2024,9,11,420,50,0.41265,50,0.11653,0.09117,0.64788,0.202573636363636,0.312572124646786,4.39772227189393,0.6539701725,0.629160555302961,52.2918119234999
"104","2024-1-11",2,7.386,34.8942,6.70381,38.5,467.626,742.902,0,1,11,2024,9.5,11,420,50,0.48648,50,0.1247,0.09592,0.64254,0.238817454545455,0.290448603748832,4.43613634931335,0.6458877044,0.551936872863092,44.6591348114526
"105","2024-1-11",2,7.192,35.7631,6.5269,38.5,536.093,872.09,0,1,11,2024,10,11,420,50,0.53647,50,0.10777,0.0992,0.63721,0.263358,0.232155877554619,3.67634472130264,0.6420146496,0.497742701066346,32.8171461249374
"106","2024-1-11",2,7.626,36.6855,6.6274,38.5,593.074,982.686,0,1,11,2024,10.5,11,420,50,0.57507,50,0.10971,0.102,0.63204,0.282307090909091,0.222699697175473,3.61025635840629,0.6505645364,0.455596012337042,30.6225507021277
"107","2024-1-11",2,7.324,41.0176,6.04753,38.5,636.486,1069.01,0,1,11,2024,11,11,420,50,0.60272,50,0.09996,0.10487,0.62603,0.295880727272727,0.181455965211533,3.16896584815663,0.6446589264,0.425194741377617,24.4449995717752
"108","2024-1-11",2,8.446,40.2025,6.61917,38.4,565.183,1007.17,0,1,11,2024,13.5,11,420,50,0.55669,50,0.10095,0.12472,0.62992,0.273284181818182,0.177269999440442,2.70771563311667,0.6655875924,0.446758990908577,24.0768234719156
"109","2024-1-11",2,9.036,37.2765,7.22637,38.4,505,910.347,0,1,11,2024,14,11,420,50,0.51576,50,0.09671,0.13357,0.63268,0.253191272727273,0.173716590148207,2.43273048338802,0.6754817744,0.482739745375805,24.444524686059
"110","2024-1-11",2,9.758,34.8539,7.87986,38.4,436.645,798.81,0,1,11,2024,14.5,11,420,50,0.46591,50,0.09636,0.14715,0.63636,0.228719454545455,0.173727326990987,2.21302760809806,0.6865475796,0.527794645450197,25.5829619278225
"111","2024-1-11",2,8.654,39.3856,6.80502,38.4,351.755,653.551,0,1,11,2024,15,11,420,50,0.39797,50,0.09317,0.16734,0.63953,0.195367090909091,0.149322089841012,1.89097020732328,0.6691631124,0.59283403066091,22.6744038822203
"112","2024-1-12",2,9.715,51.6559,5.83067,38.3,388.079,600.557,0,1,12,2024,9,12,420,50,0.4434,50,0.11981,0.08962,0.64873,0.217669090909091,0.36841516191631,4.60574134253756,0.6859206525,0.618507723350245,62.2127173143773
"113","2024-1-12",2,9.685,52.4518,5.72312,38.3,471.515,751.255,0,1,12,2024,9.5,12,420,50,0.50157,50,0.12061,0.09469,0.64312,0.246225272727273,0.33746538452704,4.35029442197757,0.6854808525,0.548260905724296,51.9821415998389
"114","2024-1-12",2,10.177,51.0451,6.09029,38.3,541.449,879.496,0,1,12,2024,10,12,420,50,0.54439,50,0.12428,0.09814,0.63732,0.267246,0.334065204905941,4.28607900644339,0.6924435381,0.494802394077682,47.74759210167
"115","2024-1-12",2,10.374,51.9614,6.05562,38.3,596.843,985.314,0,1,12,2024,10.5,12,420,50,0.57497,50,0.12281,0.10104,0.63236,0.282258,0.304474766488758,4.08180467209253,0.6950821364,0.454639173462172,42.3031133496705
"116","2024-1-12",2,10.808,52.1521,6.20891,38.3,641.59,1072.57,0,1,12,2024,11,12,420,50,0.59768,50,0.11389,0.10409,0.62718,0.293406545454545,0.263106042335953,3.64431760497596,0.7005938496,0.423985509517693,36.1553721479965
"117","2024-1-12",2,10.521,54.8901,5.74259,38.3,674.327,1142.88,0,1,12,2024,11.5,12,420,50,0.61319,50,0.0981,0.1069,0.62243,0.301020545454545,0.204516280317679,3.03339699853059,0.6969954149,0.400795482693419,27.9661570071983
"118","2024-1-12",2,10.654,54.4344,5.85234,38.3,671.955,1149.36,0,1,12,2024,12,12,420,50,0.61182,50,0.10253,0.10983,0.62246,0.300348,0.210850600513641,3.08594979301203,0.6986855124,0.398723135077153,28.5313299268953
"119","2024-1-12",2,10.803,53.5431,6.0264,38.3,659.152,1138.7,0,1,12,2024,12.5,12,420,50,0.60558,50,0.10529,0.11331,0.62239,0.297284727272727,0.213553410566849,3.07134728622232,0.7005327101,0.402137986202386,28.8923622424176
"120","2024-1-12",2,11.367,51.7929,6.49242,38.3,632.831,1108.67,0,1,12,2024,13,12,420,50,0.59275,50,0.12359,0.11798,0.62578,0.290986363636364,0.255431004428123,3.48132086633069,0.7070824421,0.411915931586863,34.6160325912509
"121","2024-1-12",2,11.252,51.5054,6.48148,38.2,583.562,1033.36,0,1,12,2024,13.5,12,420,50,0.56777,50,0.12569,0.12442,0.62981,0.278723454545455,0.258847245582114,3.37883913004193,0.7058037456,0.437495875787644,35.4640473410785
"122","2024-1-12",2,11.958,49.0494,7.13563,38.2,516.255,926.056,0,1,12,2024,14,12,420,50,0.53078,50,0.12996,0.13317,0.63272,0.260564727272727,0.274981676573147,3.27915767135613,0.7131948596,0.476711019892278,38.8721680978057
"123","2024-1-12",2,12.191,47.3502,7.4878,38.2,444.727,808.525,0,1,12,2024,14.5,12,420,50,0.48702,50,0.11671,0.1468,0.63617,0.239082545454545,0.238611304973102,2.68597912117806,0.7153934709,0.52370852469914,35.3583824464089
"124","2024-1-12",2,12.506,46.5735,7.75744,38.2,355.901,660.745,0,1,12,2024,15,12,420,50,0.42451,50,0.10022,0.1674,0.64085,0.208395818181818,0.193353935132981,2.03752416066163,0.7181759604,0.589431951461148,30.6047805271037
"125","2024-1-12",2,11.942,48.1253,7.25738,38.2,263.296,500.914,0,1,12,2024,15.5,12,420,50,0.34676,50,0.08995,0.19756,0.64483,0.170227636363636,0.154134693760787,1.55917484107899,0.7130394996,0.66983008716877,25.9508111498288
"126","2024-1-13",2,11.541,41.2765,8.0005,38.1,555.888,899.841,0,1,13,2024,10,13,420,50,0.45092,50,0.13484,0.09783,0.6392,0.221360727272727,0.370295943162291,4.6787613156457,0.7089618509,0.486814174784883,55.4839092213837
"127","2024-1-13",2,11.352,43.8074,7.56036,38.1,616.8,1015.33,0,1,13,2024,10.5,13,420,50,0.47354,50,0.13479,0.10099,0.63344,0.232465090909091,0.341350234019299,4.48985400427349,0.7069173056,0.443852046804706,48.0672066261925
"128","2024-1-13",2,11.603,42.2243,7.90376,38.1,666.82,1111.79,0,1,13,2024,11,13,420,50,0.48962,50,0.14131,0.10407,0.62757,0.240358909090909,0.328861390117208,4.52539976867472,0.7096154301,0.410889071476154,45.4392396342172
"129","2024-1-13",2,12.075,43.9152,7.91556,38.1,697.971,1180.87,0,1,13,2024,11.5,13,420,50,0.49739,50,0.12232,0.10677,0.62368,0.244173272727273,0.26660515875948,3.79452554576774,0.7143138125,0.388797747453233,36.8876531596257
"130","2024-1-13",2,12.148,45.4211,7.74019,38.1,695.289,1190.05,0,1,13,2024,12,13,420,50,0.49237,50,0.12298,0.10963,0.62422,0.241708909090909,0.262681379451632,3.71869181416657,0.7149967056,0.385952875950438,36.006311128045
"131","2024-1-13",2,12.632,43.8161,8.22562,38.1,681.086,1177.6,0,1,13,2024,12.5,13,420,50,0.48306,50,0.13639,0.11296,0.62362,0.237138545454545,0.291167648143063,3.99875977226312,0.7192278336,0.389816173881542,39.92984293496
"132","2024-1-13",2,12.877,42.492,8.55589,38.1,647.459,1132.32,0,1,13,2024,13,13,420,50,0.46619,50,0.13612,0.11765,0.62687,0.228856909090909,0.29006041657153,3.85172195549558,0.7211731581,0.404195745418291,40.2672194147575
"133","2024-1-13",2,13.121,40.8986,8.93454,38,599.212,1060.02,0,1,13,2024,13.5,13,420,50,0.44282,50,0.13888,0.12417,0.63134,0.217384363636364,0.296246888155304,3.75002157602156,0.7229792949,0.428263764937603,41.9139630951529
"134","2024-1-13",2,13.195,40.2842,9.07121,38.1,537.74,964.361,0,1,13,2024,14,13,420,50,0.4124,50,0.14436,0.13346,0.63402,0.202450909090909,0.304572537173425,3.64205201934405,0.7235011725,0.462324247340689,44.0594185097136
"135","2024-1-13",2,13.354,39.7267,9.25149,38,466.439,848.822,0,1,13,2024,14.5,13,420,50,0.37496,50,0.12931,0.14744,0.63701,0.184071272727273,0.261310888279758,2.96695168006156,0.7245817524,0.507094653257656,39.5816766727952
"136","2024-1-13",2,13.382,36.243,9.80411,38,380.785,708.071,0,1,13,2024,15,13,420,50,0.32599,50,0.12115,0.16938,0.64195,0.160031454545455,0.227326112337988,2.43842794593092,0.7247662836,0.567532762508758,36.4415811186818
"137","2024-1-13",2,13.315,33.0189,10.25494,38,288.082,552.382,0,1,13,2024,15.5,13,420,50,0.26367,50,0.10907,0.20258,0.64776,0.129438,0.181276059889972,1.85212505355803,0.7243218525,0.642810313885095,31.2811268205763
"138","2024-1-15",2,2.248,40.152,4.3,37.7,75.4826,129.511,0,1,15,2024,9,15,420,50,0.06976,50,0.03107,0.11001,0.58272,0.0342458181818182,0.0503098104250853,0.874010090321324,0.5153691456,0.901577925727155,8.37967298004473
"139","2024-1-15",2,2.81,35.766,4.80406,37.7,142.541,239.472,0,1,15,2024,9.5,15,420,50,0.13048,50,0.04605,0.10953,0.58199,0.0640538181818182,0.0813803314339319,1.29944978974998,0.53247429,0.825655551749653,12.2194470371322
"140","2024-1-15",2,3.233,37.4582,4.8203,37.7,305.502,506.188,0,1,15,2024,10,15,420,50,0.26821,50,0.08176,0.10189,0.59752,0.131666727272727,0.148083561724838,2.54629783522639,0.5448904821,0.667009893728741,20.3345600383804
"141","2024-1-15",2,4.34,53.4928,3.87601,37.7,142.467,240.207,0,1,15,2024,14.5,15,420,50,0.14901,50,0.0366,0.11071,0.5812,0.0731503636363636,0.0793456331617343,1.02039253819976,0.57552084,0.825170208989979,11.4160403608345
"142","2024-1-15",2,4.209,53.7184,3.82182,37.7,179.434,302.261,0,1,15,2024,15,15,420,50,0.18757,50,0.04166,0.11152,0.58639,0.0920798181818182,0.0821094402722812,1.16332348098801,0.5720367509,0.785206294643714,12.2096080305155
"143","2024-1-16",2,4.108,96.9918,0.24665,37.6,31.1652,58.3078,0.7,1,16,2024,9.5,16,420,50,0.04418,50,0.02651,0.09285,0.51004,0.0216883636363636,0.0617844420359253,0.773356055678648,0.5693247696,0.95442497525536,9.75734071418723
"144","2024-1-16",2,4.072,97.6282,0.19398,37.6,52.4373,94.7983,0.6,1,16,2024,10,16,420,50,0.07363,50,0.01999,0.08783,0.49978,0.0361456363636364,0.0464117198913453,0.604082448986369,0.5683526976,0.926965769688901,7.37307768164273
"145","2024-1-16",2,4.284,98.4122,0.13181,37.6,73.1999,125.818,0,1,16,2024,11.5,16,420,50,0.10154,50,0.01591,0.08206,0.43284,0.0498469090909091,0.0344592717231787,0.445670090732979,0.5740360784,0.90424548613084,5.43083003126539
"146","2024-1-16",2,4.343,98.7458,0.10455,37.6,74.5994,128.892,0,1,16,2024,12,16,420,50,0.10327,50,0.04549,0.08236,0.43254,0.0506961818181818,0.121531039158987,1.26874197602265,0.5756001861,0.902024497678065,15.5216319796456
"147","2024-1-16",2,4.318,98.8578,0.09505,37.6,80.7788,141.087,0,1,16,2024,12.5,16,420,50,0.1114,50,0.04777,0.0983,0.5178,0.0546872727272727,0.127265294702248,1.336322261828,0.5749383636,0.893267134556063,16.1458880774683
"148","2024-1-16",2,4.466,96.5254,0.29216,37.6,70.0757,121.878,0,1,16,2024,13.5,16,420,50,0.09674,50,0.03828,0.09507,0.56141,0.0474905454545455,0.114434134707871,1.20048299662148,0.5788363284,0.907100164512794,14.9663582211154
"149","2024-1-16",2,4.428,95.3151,0.39287,37.6,73.7147,128.852,0,1,16,2024,14,16,420,50,0.10147,50,0.0322,0.09336,0.56674,0.0498125454545455,0.0940028254638324,1.03806925455648,0.5778400976,0.902053362923832,12.8170846531342
"150","2024-1-16",2,4.263,94.9061,0.42224,37.6,50.4246,88.1223,0,1,16,2024,14.5,16,420,50,0.06993,50,0.01651,0.09958,0.57324,0.0343292727272727,0.039082876485576,0.504729713546676,0.5734775141,0.931929752491892,6.32435896105666
"151","2024-1-16",2,4.518,92.9996,0.59077,37.6,43.124,76.5685,0,1,16,2024,15,16,420,50,0.05989,50,0.01471,0.09883,0.5771,0.0294005454545455,0.0337186568629474,0.456165446657693,0.5801944436,0.940583548552474,5.92986964905502
"152","2024-1-16",2,4.89,92.3081,0.66628,37.6,16.3893,31.2493,0,1,16,2024,16,16,420,50,0.02293,50,0.0125,0.10149,0.57323,0.0112565454545455,0.0238967621305699,0.374941148593707,0.58973669,0.975310458202036,5.25655793021531
"153","2024-1-17",2,6.735,99.1784,0.0809,39.6,1.62212,3.58994,0,1,17,2024,7.5,17,420,50,0.00218,50,0.000359,0.10515,0.64545,0.00107018181818182,0.00280906621575668,0.0117029462541384,0.6325637525,0.99713216810895,0.200895515649528
"154","2024-1-17",2,6.409,99.1113,0.08556,40.3,2.23236,5.43022,0.3,1,17,2024,8,17,420,50,0.003,50,0.000543,0.09815,0.64687,0.00147272727272727,0.00273005685576087,0.0190052667585131,0.6255411909,0.995665246283602,0.316110687200431
"155","2024-1-17",2,6.184,99.0046,0.09435,40.6,4.96815,11.0372,1.7,1,17,2024,8.5,17,420,50,0.00665,50,0.0011,0.08908,0.64419,0.00326454545454545,0.00267682411807722,0.0422448613877758,0.6205579584,0.991209107848777,0.684819431300907
"156","2024-1-17",2,6.127,99.0931,0.08562,41.1,10.7283,21.3221,1.1,1,17,2024,9,17,420,50,0.01431,50,0.00213,0.09117,0.64788,0.00702490909090909,0.00378614261810026,0.0803840078875318,0.6192778581,0.983086978542599,1.28540213513583
"157","2024-1-17",2,6.192,99.1735,0.07838,44.7,12.8973,25.6494,0.2,1,17,2024,9.5,17,420,50,0.01716,50,0.00256,0.09592,0.64254,0.008424,0.00453513823970519,0.0910706419746767,0.6207370496,0.979689572747411,1.46027325831213
"158","2024-1-17",2,6.273,99.2863,0.06807,46,13.3688,26.9662,0.5,1,17,2024,10,17,420,50,0.01776,50,0.0027,0.0992,0.63721,0.00871854545454546,0.00493244384976288,0.0921047670735559,0.6225424181,0.978658071971376,1.48666763199207
"159","2024-1-17",2,6.296,99.3661,0.06055,45.4,14.0496,28.9789,1.2,1,17,2024,10.5,17,420,50,0.01863,50,0.0029,0.102,0.63204,0.00914563636363636,0.00539406573440429,0.0954310768332717,0.6230524224,0.977083543851488,1.54122184304423
"160","2024-1-17",2,4.89,99.7096,0.02515,43.5,12.3902,24.6985,1.2,1,17,2024,16.5,17,420,50,0.01614,50,0.00247,0.13249,0.59699,0.00792327272727273,0.00259104640507194,0.059105560955047,0.58973669,0.980435125741774,0.832995535864047
"161","2024-1-17",2,5.186,99.7362,0.02333,46.8,4.40374,8.59171,0.8,1,17,2024,17,17,420,50,0.00575,50,0.000859,0.13776,0.62209,0.00282272727272727,0.00245293074514934,0.0206001642798658,0.5971119444,0.993150199566732,0.303219400393833
"162","2024-1-18",2,4.802,99.912,0.00758,47.7,5.53207,11.6888,0.7,1,18,2024,7.5,18,420,50,0.00689,50,0.00117,0.10515,0.64545,0.00338236363636364,0.0023718563306103,0.0381405212182228,0.5875068756,0.990692545013673,0.538172817434357
"163","2024-1-18",2,3.865,99.9149,0.00686,47.5,15.6597,30.4031,0.2,1,18,2024,8,18,420,50,0.01939,50,0.00304,0.09815,0.64687,0.00951872727272727,0.00287847120043908,0.106401493454659,0.5627079525,0.975970927900381,1.33627572304229
"164","2024-1-18",2,4.682,99.9559,0.00376,45.7,90.2818,164.299,0,1,18,2024,10.5,18,420,50,0.10695,50,0.01643,0.102,0.63204,0.0525027272727273,0.0420767951102773,0.540666411162295,0.5844387636,0.876832584938327,6.66730087931429
"165","2024-1-18",2,4.912,99.9569,0.00374,45.5,77.4466,142.434,0,1,18,2024,11,18,420,50,0.09213,50,0.01424,0.10487,0.62603,0.0452274545454545,0.0360109924970209,0.451441313302825,0.5902914816,0.892305068346237,5.80371640704336
"166","2024-1-18",2,4.685,99.9226,0.00661,45.2,98.9837,178.282,0,1,18,2024,11.5,18,420,50,0.11637,50,0.01783,0.10744,0.62263,0.0571270909090909,0.0448654536861128,0.548735199607606,0.5845158525,0.867078642375247,6.69365222508956
"167","2024-1-18",2,5.363,99.959,0.00367,44.9,113.665,204.239,0,1,18,2024,12,18,420,50,0.1325,50,0.02042,0.11018,0.62305,0.0650454545454545,0.0545398365575571,0.613229874279855,0.6014300541,0.849258893342836,7.85857832624105
"168","2024-1-18",2,3.884,99.8472,0.01233,44.7,107.303,199.649,0,1,18,2024,12.5,18,420,50,0.12523,50,0.01996,0.11376,0.62334,0.0614765454545455,0.0440261162905815,0.580822436164909,0.5632299984,0.852383104540487,6.38426921641988
"169","2024-1-18",2,1.861,99.9805,0.00136,43.6,11.6259,23.8021,0.8,1,18,2024,16,18,420,50,0.01404,50,0.00238,0.21566,0.63762,0.00689236363636364,0.00183350807240051,0.0373694512902597,0.5031863469,0.981138467539239,0.37134907877331
"170","2024-1-18",2,1.433,99.9827,0.00117,43.6,9.71544,18.4281,0.9,1,18,2024,16.5,18,420,50,0.01173,50,0.00184,0.13249,0.59699,0.00575836363636364,0.00176608227774615,0.0440300535049743,0.4893291621,0.985365658297166,0.415725511475619
"171","2024-1-18",2,1.276,99.9824,0.00118,43.8,2.44842,5.37075,0.7,1,18,2024,17,18,420,50,0.00296,50,0.000537,0.13776,0.62209,0.00145309090909091,0.00174197531432243,0.0128781003705331,0.4841450064,0.995712617180209,0.12034654694527
"172","2024-1-19",2,-0.175,99.9863,0.000826,44.1,4.57331,8.49329,0,1,19,2024,7.5,19,420,50,0.00526,50,0.000849,0.10515,0.64545,0.00258218181818182,0.00153417900409351,0.0276763269352745,0.4336663125,0.993228399319372,0.210494558052585
"173","2024-1-19",2,-0.132,100.02,-0.00121,42.9,9.09072,17.5404,0.1,1,19,2024,16.5,19,420,50,0.0101,50,0.00175,0.13249,0.59699,0.00495818181818182,0.00153996511026743,0.0418764095835353,0.4352288336,0.986065674105256,0.318214835308569
"174","2024-1-19",2,-0.313,100.018,-0.00107,42.8,1.61531,4.99852,0,1,19,2024,17,19,420,50,0.0018,50,5e-04,0.13776,0.62209,0.000883636363636364,0.00151575605563092,0.0119907824679079,0.4286242341,0.996009168618149,0.0895912851007348
"175","2024-1-20",2,-2.844,96.8077,0.15805,42.1,5.24161,10.6722,0,1,20,2024,7.5,20,420,50,0.00552,50,0.00107,0.10515,0.64545,0.00270981818181818,0.00121450729433447,0.0348806476098277,0.3287188304,0.991498583169609,0.169354505788822
"176","2024-1-20",2,-2.929,96.8941,0.1528,42.1,14.9262,27.2208,0,1,20,2024,8,20,420,50,0.01559,50,0.00272,0.09815,0.64687,0.00765327272727273,0.00132150691972463,0.0952013362489053,0.3251190549,0.978458759193979,0.448746244629347
"177","2024-1-21",2,-4.173,96.4098,0.16085,41.3,9.68964,17.2246,0,1,21,2024,17,21,420,50,0.00886,50,0.00172,0.1385,0.62468,0.00434945454545455,0.00108111189109222,0.0411987186524735,0.2706166781,0.986314825208604,0.150764121051641
"178","2024-1-22",2,-10.934,74.213,0.68227,41,19.4221,35.6317,0,1,22,2024,17,22,420,50,0.01574,50,0.00356,0.13245,0.6156,0.00772690909090909,0.000598150812528101,0.0878706988319174,-0.0851315915999999,0.971897084763801,-0.0669996764398073
"179","2024-1-23",2,-7.429,43.0442,1.98783,40.7,22.2274,54.6568,0,1,23,2024,17,23,420,50,0.01581,50,0.00547,0.13245,0.6156,0.00776127272727273,0.000812970016352677,0.135014809722075,0.1118469549,0.957216734824034,0.162752641853542
"180","2024-1-24",2,-3.207,36.1694,3.07548,40.3,18.3541,33.0178,0,1,24,2024,17,24,420,50,0.01133,50,0.0033,0.13245,0.6156,0.005562,0.00120647984785602,0.081453175883519,0.3132346661,0.973931564625095,0.36182445661788
"181","2024-1-25",2,0.337,31.4156,4.29309,40.1,675.948,1159.05,0,1,25,2024,13,25,420,50,0.22876,50,0.11591,0.11295,0.61074,0.112300363636364,0.0875699082616715,3.32842265329657,0.4520070741,0.395644182771907,10.8620934126751
"182","2024-1-26",2,-3.155,38.082,2.99498,40,11.1673,20.3818,0,1,26,2024,7.5,26,420,50,0.01951,50,0.00204,0.11164,0.59148,0.00957763636363636,0.00118188636445207,0.0573981424371304,0.3154705725,0.983826774108361,0.26024548641601
"183","2024-1-28",2,1.616,29.3458,4.85136,39.7,597.205,945.665,0,1,28,2024,10,28,420,50,0.28318,50,0.09457,0.10612,0.59631,0.139015636363636,0.0950934244389942,2.82212128314099,0.4953033984,0.46929110975031,12.9974731341839
"184","2024-1-28",2,2.453,29.2856,5.15576,39.7,658.101,1062.14,0,1,28,2024,10.5,28,420,50,0.29622,50,0.10621,0.10857,0.59257,0.145417090909091,0.108854788151344,3.07852486396075,0.5216890701,0.427538045176582,14.3555179188707
"185","2024-1-28",2,2.971,28.7645,5.3891,39.7,701.063,1147.28,0,1,28,2024,11,28,420,50,0.30485,50,0.11473,0.10844,0.58872,0.149653636363636,0.119557355537014,3.30783401216973,0.5372464749,0.399387162691678,15.3377497906892
"186","2024-1-28",2,3.535,28.5654,5.62482,39.7,737.478,1222.75,0,1,28,2024,11.5,28,420,50,0.31189,50,0.12228,0.11052,0.58488,0.153109636363636,0.126848822398703,3.43659820206051,0.5535141525,0.375987267198279,16.0185399452995
"187","2024-1-28",2,4.001,26.908,5.94796,39.7,747.267,1254.3,0,1,28,2024,12,28,420,50,0.3137,50,0.12543,0.11027,0.58448,0.153998181818182,0.135000323366448,3.53070259205501,0.5664271989,0.366616110069121,16.9104338758576
"188","2024-1-28",2,4.734,25.9033,6.34855,39.7,731.285,1240.71,0,1,28,2024,12.5,28,420,50,0.3105,50,0.12407,0.11043,0.58955,0.152427272727273,0.146900079484408,3.5176108129007,0.5857721684,0.370623706235681,18.4361587987954
"189","2024-1-28",2,4.835,25.5828,6.42128,39.7,700.797,1198.67,0,1,28,2024,13,28,420,50,0.30418,50,0.11987,0.11295,0.61074,0.149324727272727,0.149491502789021,3.44213634242654,0.5883450525,0.383300500818431,18.8567230122679
"190","2024-1-28",2,4.56,25.2643,6.32563,39.7,654.394,1127.18,0,1,28,2024,13.5,28,420,50,0.29398,50,0.11272,0.13454,0.62473,0.144317454545455,0.121220911161613,2.77964511698888,0.58128704,0.405861220192859,15.6617809616722
"191","2024-1-28",2,4.492,26.0334,6.23072,39.7,593.077,1028.79,0,1,28,2024,14,28,420,50,0.27932,50,0.10288,0.13582,0.62738,0.137120727272727,0.115470268708374,2.5237441959398,0.5795161296,0.439098288134429,15.2729617531219
"192","2024-1-28",2,4.514,26.3751,6.21153,39.7,513.179,898.869,0,1,28,2024,14.5,28,420,50,0.25798,50,0.08989,0.14502,0.6295,0.126644727272727,0.101180839375489,2.07217604072952,0.5800901844,0.48719286870431,13.9465587585833
"193","2024-1-29",2,2.838,17.6726,6.16956,39.7,11.5305,21.2763,0,1,29,2024,7.5,29,420,50,0.00929,50,0.00213,0.11164,0.59148,0.00456054545454545,0.00203613142371842,0.0599304134270038,0.5333083316,0.983122999509393,0.673291994480539
"194","2024-1-29",2,2.894,27.5704,5.4495,39.7,172.001,290.075,0,1,29,2024,10,29,420,50,0.12281,50,0.02901,0.10612,0.59631,0.0602885454545455,0.0532842442480649,0.865705175255578,0.5349712404,0.79289854796656,7.89656580904889
"195","2024-1-29",2,3.105,25.1256,5.71861,39.7,251.047,417.744,0,1,29,2024,10.5,29,420,50,0.16926,50,0.04177,0.10857,0.59257,0.0830912727272727,0.0740417519282221,1.21071446725959,0.5411748725,0.715914022169943,10.2233453156525
"196","2024-1-29",2,3.035,25.9142,5.6303,39.6,216.161,364.268,0,1,29,2024,11,29,420,50,0.15042,50,0.03643,0.10844,0.58872,0.0738425454545455,0.0676935856413503,1.05033028033943,0.5391276525,0.747205971696702,9.18072919230234
"197","2024-1-29",2,2.938,26.6938,5.53275,39.7,208.426,353.631,0,1,29,2024,11.5,29,420,50,0.1466,50,0.03536,0.11052,0.58488,0.0719672727272727,0.0654820802828974,0.993769319797676,0.5362729716,0.75359152635822,8.66054236752097
"198","2024-1-29",2,3.105,30.5278,5.30601,39.7,227.637,386.941,0,1,29,2024,12,29,420,50,0.1585,50,0.03869,0.11027,0.58448,0.0778090909090909,0.0721803651129787,1.08907664264218,0.5411748725,0.733775027054283,9.4256606629868
"199","2024-1-29",2,3.143,37.6918,4.77171,39.6,221.108,377.878,0,1,29,2024,12.5,29,420,50,0.15546,50,0.03779,0.11043,0.58955,0.0763167272727273,0.0721090295990394,1.0714154317685,0.5422817061,0.739114522859968,9.38201917803829
"200","2024-1-29",2,3.375,41.5785,4.54832,39.7,230.244,389.033,0,1,29,2024,13,29,420,50,0.16152,50,0.0389,0.11295,0.61074,0.0792916363636364,0.0764944806543927,1.11703598665548,0.5489703125,0.732548008224762,9.95971673546305
"201","2024-1-29",2,4.023,41.3242,4.78223,39.7,384.572,666.912,0,1,29,2024,14,29,420,50,0.2442,50,0.06669,0.13582,0.62738,0.11988,0.0945851833711242,1.63596909435484,0.5670250181,0.58653109171026,12.5662458512998
"202","2024-1-30",2,4.115,92.606,0.60655,39.7,420.466,696.595,0,1,30,2024,10,30,420,50,0.29776,50,0.06966,0.10612,0.59631,0.146173090909091,0.114527665156246,2.07876671865921,0.5695134525,0.57276715850021,15.7517302520653
"203","2024-1-30",2,5.483,82.8867,1.54502,39.7,632.767,1053.76,0,1,30,2024,10.5,30,420,50,0.39836,50,0.10538,0.10857,0.59257,0.195558545454545,0.152210733060087,3.05446709503987,0.6043183821,0.430413889290019,20.0789805173798
"204","2024-1-30",2,6.129,78.2396,2.05472,39.7,601.837,1022.23,0,1,30,2024,11,30,420,50,0.38481,50,0.10222,0.10844,0.58872,0.188906727272727,0.164450157885916,2.94715238145202,0.6193228949,0.441408733255798,21.1642990772978
"205","2024-1-30",2,5.474,81.5855,1.66145,39.7,416.819,703.608,0,1,30,2024,11.5,30,420,50,0.29516,50,0.07036,0.11052,0.58488,0.144896727272727,0.135155186891682,1.97742107864718,0.6041028564,0.56956270317767,17.1857790008579
"206","2024-1-30",2,5.12,84.7922,1.33866,39.7,272.062,455.67,0,1,30,2024,12,30,420,50,0.21032,50,0.04557,0.11027,0.58448,0.103248,0.101983720113231,1.28274031029217,0.59548416,0.694518832864427,13.1146725276371
"207","2024-1-30",2,5.271,84.7021,1.36086,39.7,234.488,396.39,0,1,30,2024,12.5,30,420,50,0.18559,50,0.03964,0.11043,0.58955,0.0911078181818182,0.0943856804649628,1.12386630630599,0.5991942149,0.728249186649048,12.2356850547506
"208","2024-1-30",2,5.957,81.6258,1.71441,39.7,275.809,467.714,0,1,30,2024,13,30,420,50,0.21238,50,0.04677,0.11295,0.61074,0.104259272727273,0.11474821646609,1.34302758601226,0.6154175661,0.687859140263208,14.7830787529458
"209","2024-1-30",2,6.321,81.0005,1.81802,39.7,259.004,437.318,0,1,30,2024,13.5,30,420,50,0.20144,50,0.04373,0.13454,0.62473,0.0988887272727273,0.093647567605055,1.07837012922217,0.6236054549,0.704790699774407,12.5919966280731
"210","2024-1-30",2,6.42,81.4195,1.79014,39.7,137.949,243.687,0,1,30,2024,14,30,420,50,0.11627,50,0.02437,0.13582,0.62738,0.057078,0.0549607875134418,0.597819265698416,0.62578196,0.822876129967868,8.2262649038899
"211","2024-1-30",2,6.487,81.4538,1.79512,39.7,86.3678,157.381,0,1,30,2024,14.5,30,420,50,0.07545,50,0.01574,0.14502,0.6295,0.0370390909090909,0.029552272011946,0.362844041395957,0.6272427141,0.881698780512012,5.38331409701892
"212","2024-1-30",2,6.478,82.7343,1.67014,39.7,9.62537,18.6575,0,1,30,2024,17,30,420,50,0.00887,50,0.00187,0.13245,0.6156,0.00435436363636364,0.00274659241480828,0.0461567996673274,0.6270470676,0.985184840583896,0.764538789264391
"213","2024-1-31",2,5.9,99.7916,0.01937,40.3,20.8833,37.8864,0,1,31,2024,7.5,31,420,50,0.01859,50,0.00379,0.11164,0.59148,0.009126,0.00298529828838515,0.106636745018002,0.614109,0.970145595785947,1.64635925356285
"214","2024-1-31",2,6.523,99.8299,0.01651,40.5,65.2664,117.932,0,1,31,2024,9,31,420,50,0.05608,50,0.01179,0.11058,0.58615,0.0275301818181818,0.0221126173218264,0.331889431084113,0.6280235181,0.90996822287367,5.09894202407466
"215","2024-1-31",2,6.637,99.8307,0.01656,40.6,75.1943,136.706,0.1,1,31,2024,9.5,31,420,50,0.06409,50,0.01367,0.10693,0.58717,0.0314623636363636,0.0315984806488926,0.398639417769632,0.6304772541,0.896403349902689,6.09694050706305
"216","2024-1-31",2,6.658,99.8255,0.01709,40.6,119.913,209.767,0,1,31,2024,10,31,420,50,0.09895,50,0.02098,0.10612,0.59631,0.0485754545454545,0.0572175089400488,0.626077027813238,0.6309261396,0.845511423326249,9.04924781804316
"217","2024-1-31",2,7.161,99.8465,0.01556,40.7,114.767,203.947,0.3,1,31,2024,10.5,31,420,50,0.09496,50,0.02039,0.10857,0.59257,0.0466167272727273,0.0584103077383803,0.591009528068541,0.6413880869,0.849457303393713,8.97908770221211
"218","2024-1-31",2,6.777,99.8455,0.01526,40.8,82.7748,147.027,0.4,1,31,2024,11,31,420,50,0.06999,50,0.0147,0.10844,0.58872,0.0343587272727273,0.040251607276298,0.423822539692278,0.6334514981,0.889032398833618,6.51153765703854
"219","2024-1-31",2,7.127,99.8606,0.0141,40.8,107.742,191.46,0.1,1,31,2024,11.5,31,420,50,0.08943,50,0.01915,0.11052,0.58488,0.043902,0.0555864720997669,0.538198033770517,0.6406984581,0.857985568127378,8.23411043640124
"220","2024-1-31",2,7.407,99.8704,0.01336,40.9,127.486,222.172,0.2,1,31,2024,12,31,420,50,0.10429,50,0.02222,0.11027,0.58448,0.0511969090909091,0.067478868715629,0.625466089416108,0.6463019861,0.837162065996528,9.56789012160222
"221","2024-1-31",2,7.631,99.8961,0.01088,41,75.8522,140.495,0.6,1,31,2024,12.5,31,420,50,0.06429,50,0.01405,0.11043,0.58955,0.0315605454545455,0.0417071770262206,0.398343128244175,0.6506606229,0.893690286065357,6.63057741664409
"222","2024-1-31",2,7.602,99.8981,0.01065,41,104.199,189.877,0.5,1,31,2024,13,31,420,50,0.08648,50,0.01899,0.11295,0.61074,0.0424538181818182,0.0594911050461326,0.545308827418703,0.6501025556,0.859072809346688,8.70389421772127
"223","2024-1-31",2,7.611,99.9042,0.01002,41.1,88.0685,164.973,1.1,1,31,2024,13.5,31,420,50,0.07386,50,0.0165,0.13454,0.62473,0.0362585454545455,0.0407603560649381,0.406885596436448,0.6502759469,0.876359924249301,6.63020585539392
"224","2024-1-31",2,7.46,99.8976,0.0106,41.2,75.6563,140.225,0.7,1,31,2024,14,31,420,50,0.06396,50,0.01402,0.13582,0.62738,0.0313985454545454,0.031569141122693,0.343923927168313,0.64734324,0.893883344016655,5.64320257180892
"225","2024-1-31",2,7.483,99.9249,0.00778,41.4,78.7495,140.473,0.1,1,31,2024,14.5,31,420,50,0.06637,50,0.01405,0.14502,0.6295,0.0325816363636364,0.0275640291924763,0.323885564270216,0.6477931821,0.893706015152807,5.32383867597395
"226","2024-1-31",2,7.665,99.9675,0.00341,42.4,22.2113,38.975,0,1,31,2024,16.5,31,420,50,0.01944,50,0.0039,0.13324,0.60264,0.00954327272727273,0.00437623982638371,0.0936775170842445,0.6513125525,0.969301083177434,1.69608340229749
"227","2024-1-31",2,7.748,99.9688,0.00329,42.5,4.79431,9.69935,2.1,1,31,2024,17,31,420,50,0.00425,50,0.00097,0.13245,0.6156,0.00208636363636364,0.00306944221558027,0.0239422971536404,0.6528933456,0.992270547049977,0.446863846882779
"228","2024-1-31",2,7.695,99.9861,0.00146,42.6,0.8449,2.08197,2.2,1,31,2024,17.5,31,420,50,0.00075,50,0.000208,0.12683,0.6134,0.000368181818181818,0.00305524072961744,0.0053423525944178,0.6518856725,0.998335810301935,0.0998754468535864
"229","2024-2-1",2,0.595,100.107,-0.00682,43.5,8.31896,15.0207,0,2,1,2024,7.5,32,420,50,0.00715,50,0.0015,0.11164,0.59148,0.00351,0.00164116044609052,0.04220451649789,0.4610305725,0.988055350529846,0.356702208702045
"230","2024-2-1",2,0.374,100.117,-0.00734,43.4,17.3411,30.6968,0,2,1,2024,8,32,420,50,0.0148,50,0.00307,0.11045,0.58892,0.00726545454545455,0.00190288506778142,0.0869313436895963,0.4533101364,0.975741640708876,0.703340524032576
"231","2024-2-1",2,0.264,100.119,-0.00741,43.4,20.5688,37.448,0,2,1,2024,8.5,32,420,50,0.0175,50,0.00374,0.11172,0.5894,0.00859090909090909,0.00229953877906213,0.104784788352041,0.4494273344,0.970485904922423,0.830103623360217
"232","2024-2-1",2,0.093,100.112,-0.00689,43.3,10.872,22.3877,0.1,2,1,2024,9,32,420,50,0.00931,50,0.00224,0.11058,0.58615,0.00457036363636364,0.00169801584488462,0.0630561768980841,0.4433384861,0.982249273669188,0.493280093598228
"233","2024-2-1",2,-1.966,99.6217,0.01999,43.4,17.5745,31.3915,0,2,1,2024,16,32,420,50,0.01477,50,0.00314,0.18916,0.63233,0.00725072727272727,0.00131154168952554,0.0557431572726076,0.3649723284,0.975199513194983,0.312429711018451
"234","2024-2-1",2,-2.26,99.4693,0.02744,43.4,12.4334,21.3972,0,2,1,2024,16.5,32,420,50,0.01048,50,0.00214,0.13324,0.60264,0.00514472727272727,0.00127821556589422,0.0514025350154572,0.35302164,0.983027916451171,0.275715995608097
"235","2024-2-1",2,-2.536,99.259,0.03754,43.4,6.82025,11.1183,0,2,1,2024,17,32,420,50,0.00577,50,0.00111,0.13245,0.6156,0.00283254545454545,0.00124770079608013,0.0273978864335473,0.3416295744,0.99114480028802,0.140909188608723
"236","2024-2-1",2,-2.555,99.0747,0.04681,43.3,2.11048,3.26833,0,2,1,2024,17.5,32,420,50,0.00179,50,0.000327,0.12683,0.6134,0.000878727272727273,0.0012456271412594,0.00839879470372413,0.3408391725,0.997388751256685,0.0433151221553175
"237","2024-2-2",2,-3.263,97.0771,0.14024,42.6,2.87135,4.7361,0,2,2,2024,7,33,420,50,0.00237,50,0.000474,0.11559,0.59293,0.00116345454545455,0.00117076436099343,0.0129124584286898,0.3108201141,0.996218288749126,0.058014956154163
"238","2024-2-2",2,-3.053,97.2305,0.13499,42.6,12.2981,19.791,0,2,2,2024,7.5,33,420,50,0.01007,50,0.00198,0.11164,0.59148,0.00494345454545455,0.00119248747149625,0.0557099617772148,0.3198391101,0.984291879900018,0.257855663961299
"239","2024-2-2",2,-3.111,97.21,0.1354,42.6,21.7491,36.9082,0,2,2,2024,8,33,420,50,0.01768,50,0.00369,0.11045,0.58892,0.00867927272727273,0.00135764292506089,0.104487510819091,0.3173578469,0.970905090059545,0.471625522915333
"240","2024-2-2",2,-2.562,97.8586,0.10827,44.3,15.3926,28.1928,0,2,2,2024,17,33,420,50,0.01235,50,0.00282,0.13245,0.6156,0.00606272727272727,0.00124993305209019,0.0696054412095526,0.3405477716,0.977698205404466,0.35143313876219
"241","2024-2-2",2,-2.962,97.5021,0.12258,44.1,2.26075,5.42252,0,2,2,2024,17.5,33,420,50,0.00183,50,0.000542,0.12683,0.6134,0.000898363636363636,0.00120202555085749,0.0139209380104541,0.3237172116,0.99567137960041,0.0663471052809503
"242","2024-2-3",2,-3.939,96.4543,0.16169,42.7,2.14571,3.83699,0,2,3,2024,7,34,420,50,0.00169,50,0.000384,0.11559,0.59293,0.000829636363636364,0.00110348771471948,0.0104607258156474,0.2811287069,0.996935114380735,0.0407833377499516
"243","2024-2-3",2,-4.085,96.2794,0.1678,42.7,9.10512,21.3809,0,2,3,2024,7.5,34,420,50,0.00712,50,0.00214,0.11164,0.59148,0.00349527272727273,0.00108947300071351,0.0602117768703231,0.2745840525,0.98304073521878,0.22404805060644
"244","2024-2-3",2,-4.281,96.1181,0.1725,42.7,17.0036,40.288,0,2,3,2024,8,34,420,50,0.01322,50,0.00403,0.11045,0.58892,0.00648981818181818,0.00119802504231445,0.114115086341718,0.2657243429,0.968283463866892,0.399869048710972
"245","2024-2-3",2,-3.969,96.3781,0.16479,42.4,15.5993,38.8381,0,2,3,2024,16.5,34,420,50,0.01192,50,0.00388,0.13324,0.60264,0.00585163636363636,0.00118455617370236,0.0931971195607356,0.2797877429,0.96940724684548,0.350975602582852
"246","2024-2-3",2,-4.267,96.1188,0.17265,42.4,4.65582,12.1519,0,2,3,2024,17,34,420,50,0.00358,50,0.00122,0.13245,0.6156,0.00175745454545455,0.00107225156942333,0.0301129922963312,0.2663599821,0.990325581220166,0.10827242772294
"247","2024-2-3",2,-4.536,95.8983,0.17878,42.4,1.12538,3.41033,0,2,3,2024,17.5,34,420,50,0.000867,50,0.000341,0.12683,0.6134,0.000425618181818182,0.0010472951546163,0.0087583761283484,0.2540711744,0.99727545432993,0.02975066835972
"248","2024-2-4",2,-4.776,95.6508,0.18615,42,1.98706,5.97603,0,2,4,2024,7,35,420,50,0.00149,50,0.000598,0.11045,0.58892,0.000731454545454545,0.00102551990550979,0.0169332063603839,0.2429728064,0.995230585948832,0.0540890190440283
"249","2024-2-4",2,-4.726,95.6765,0.18575,41.9,11.2482,29.617,0,2,4,2024,7.5,35,420,50,0.00835,50,0.00296,0.11172,0.5894,0.00409909090909091,0.00103001876456204,0.0829312763427914,0.2452954164,0.97658488953138,0.263233279851475
"250","2024-2-4",2,-4.905,95.4894,0.19117,41.9,25.0151,65.9244,0,2,4,2024,8,35,420,50,0.01839,50,0.00659,0.11058,0.58615,0.00902781818181818,0.00134639241254748,0.185509020427846,0.2369550725,0.948627078684455,0.546482740321329
"251","2024-2-4",2,-3.904,96.3579,0.16652,41.7,20.309,70.0193,0,2,4,2024,16,35,420,50,0.01472,50,0.007,0.13245,0.6156,0.00722618181818182,0.0019469762717458,0.172779463995343,0.2826906624,0.945524536878843,0.643828066526368
"252","2024-2-4",2,-4.198,96.1481,0.17225,41.7,20.7288,70.381,0,2,4,2024,16.5,35,420,50,0.015,50,0.00704,0.12683,0.6134,0.00736363636363636,0.00169176995557767,0.180818087811064,0.2694864756,0.945250979479045,0.630518338119206
"253","2024-2-4",2,-4.279,96.0624,0.175,41.7,9.63785,33.8637,0,2,4,2024,17,35,420,50,0.00702,50,0.00339,0.11559,0.59293,0.00344618181818182,0.00110450391808305,0.0923485950912623,0.2658151749,0.973272708612346,0.325416226705936
"254","2024-2-4",2,-4.429,95.9294,0.17887,41.7,1.61549,6.66391,0,2,4,2024,17.5,35,420,50,0.00118,50,0.000666,0.11164,0.59148,0.000579272727272727,0.00105715172135177,0.0187388053250632,0.2589783549,0.994683057243898,0.0651417158616136
"255","2024-2-5",2,-6.904,93.6642,0.23032,41.4,1.90156,6.85585,0,2,5,2024,7,36,420,50,0.00135,50,0.000686,0.11045,0.58892,0.000662727272727273,0.000851207726249537,0.0194250494368284,0.1390242624,0.994530333396918,0.0311946310129633
"256","2024-2-5",2,-6.997,93.5901,0.23135,41.4,10.8176,35.0794,0,2,5,2024,7.5,36,420,50,0.00762,50,0.00351,0.11172,0.5894,0.00374072727272727,0.000844305472491659,0.0983408040416209,0.1342541901,0.972326602653838,0.148280271865126
"257","2024-2-5",2,-6.728,93.8093,0.22814,41.4,27.9207,89.6925,0,2,5,2024,8,36,420,50,0.01943,50,0.00897,0.11058,0.58615,0.00953836363636364,0.00108185435073275,0.25250620838206,0.1479994176,0.930759834569888,0.408253398871933
"258","2024-2-5",2,-1.52,98.0069,0.10888,41.4,197.967,649.056,0,2,5,2024,10.5,36,420,50,0.12382,50,0.06491,0.11052,0.58488,0.0607843636363636,0.0511412599420914,1.82425244762633,0.38273856,0.594969699466279,6.72996579804756
"259","2024-2-5",2,-3.711,96.5919,0.15811,43.1,12.8444,38.5421,0,2,5,2024,17,36,420,50,0.00884,50,0.00385,0.11559,0.59293,0.00433963636363636,0.00124971226322064,0.104879672891257,0.2912553269,0.969636829663066,0.417911667720918
"260","2024-2-5",2,-3.961,96.3818,0.16472,43.1,3.59053,10.8081,0,2,5,2024,17.5,36,420,50,0.00248,50,0.00108,0.11164,0.59148,0.00121745454545455,0.00110136442934338,0.0303872518784808,0.2801455269,0.99139079330321,0.117239860215367
"261","2024-2-6",2,-4.785,94.9755,0.2149,41.7,1.11855,9.29455,0,2,6,2024,7,37,420,50,0.00075,50,0.000929,0.11045,0.58892,0.000368181818181818,0.00102471220012927,0.0263059342956466,0.2425541525,0.99259193598042,0.0836145003062693
"262","2024-2-6",2,-4.856,94.7616,0.22284,41.7,3.36007,18.0178,0,2,6,2024,7.5,37,420,50,0.00225,50,0.0018,0.11172,0.5894,0.00110454545454545,0.00101836256580869,0.0504311815598056,0.2392451904,0.98568914780904,0.156328308094931
"263","2024-2-6",2,-4.896,94.3016,0.24168,41.6,18.4372,71.0908,0,2,6,2024,8,37,420,50,0.0122,50,0.00711,0.11058,0.58615,0.00598909090909091,0.00141047706843424,0.200147061493472,0.2373761024,0.94471438052845,0.58854046630736
"264","2024-2-6",2,-3.58,96.7496,0.15228,41.4,24.9855,82.3488,0,2,6,2024,16,37,420,50,0.01616,50,0.00823,0.13245,0.6156,0.00793309090909091,0.00237794882346781,0.203139284097382,0.29702196,0.936244105529656,0.803581287643587
"265","2024-2-6",2,-3.868,96.5602,0.1577,41.4,21.3919,68.4566,0,2,6,2024,16.5,37,420,50,0.01384,50,0.00685,0.12683,0.6134,0.00679418181818182,0.00178120491322262,0.175938054191163,0.2842944336,0.946707333022031,0.661621313402603
"266","2024-2-6",2,-3.943,96.5082,0.15918,41.3,10.5547,33.8596,0,2,6,2024,17,37,420,50,0.00687,50,0.00339,0.11559,0.59293,0.00337254545454545,0.00115770456309707,0.0923485950912623,0.2809500261,0.973275900952065,0.351185248263863
"267","2024-2-6",2,-3.853,96.5514,0.15828,41.3,2.60266,8.39696,0,2,6,2024,17.5,37,420,50,0.0017,50,0.00084,0.11164,0.59148,0.000834545454545454,0.00111182717863233,0.0236345292388184,0.2849618301,0.993304944422135,0.0935593119096673
"268","2024-2-7",2,-5.089,83.886,0.67344,41.1,0.58632,6.66288,0,2,7,2024,7,38,420,50,0.00037,50,0.000666,0.11045,0.58892,0.000181636363636364,0.000997800151125489,0.0188587214649092,0.2283082869,0.994683876863075,0.0554977228028711
"269","2024-2-7",2,-4.997,83.4371,0.69707,41.1,6.27932,23.884,0,2,7,2024,7.5,38,420,50,0.00395,50,0.00239,0.11172,0.5894,0.00193909090909091,0.00100586914283126,0.0669614021821863,0.2326409901,0.98107418545275,0.199165462219914
"270","2024-2-7",2,-5.156,83.453,0.68801,41.1,13.8588,46.7855,0,2,7,2024,8,38,420,50,0.00867,50,0.00468,0.11058,0.58615,0.00425618181818182,0.00111580737988952,0.13174236959064,0.2251412304,0.963263384910127,0.368725357720631
"271","2024-2-7",2,-4.991,82.5827,0.73336,41.1,25.179,80.7385,0,2,7,2024,8.5,38,420,50,0.01562,50,0.00807,0.10693,0.58717,0.007668,0.00179035786410308,0.235334316122965,0.2329229109,0.937450989847582,0.669895452166878
"272","2024-2-7",2,-4.881,75.7344,1.0303,40.9,26.685,69.535,0,2,7,2024,17,38,420,50,0.01619,50,0.00695,0.11559,0.59293,0.00794781818181818,0.0013581012995119,0.189328240673827,0.2380774229,0.945890941880805,0.559582128591434
"273","2024-2-7",2,-5.122,69.225,1.28293,40.9,5.11277,19.1641,0,2,7,2024,17.5,38,420,50,0.00313,50,0.00192,0.11164,0.59148,0.00153654545454545,0.00099492163862977,0.0540217811172992,0.2267496276,0.984785645770006,0.156004473909421
"274","2024-2-8",2,-2.556,46.9636,2.68286,40.8,3.35838,23.3995,0,2,8,2024,7,39,420,50,0.00199,50,0.00234,0.11045,0.58892,0.000976909090909091,0.00124551809704328,0.0662603727145457,0.3407975504,0.981454523511786,0.336203095217513
"275","2024-2-8",2,-2.227,44.3944,2.88257,40.7,164.456,494.62,0,2,8,2024,8.5,39,420,50,0.08925,50,0.04946,0.10693,0.58717,0.0438136363636364,0.031312503962918,1.4423339870436,0.3543725181,0.673211321074396,5.32960808582722
"276","2024-2-8",2,-1.66,97.8107,0.11837,40.7,30.7745,62.0226,0,2,8,2024,17,39,420,50,0.01747,50,0.0062,0.11559,0.59293,0.00857618181818182,0.0020856531984278,0.168897135565141,0.37720884,0.951592787425887,0.973448204294635
"277","2024-2-8",2,-1.721,96.0941,0.21023,40.7,6.94332,17.9091,0,2,8,2024,17.5,39,420,50,0.00398,50,0.00179,0.11164,0.59148,0.00195381818181818,0.00133997618708217,0.0503640563541487,0.3747859749,0.985774867064353,0.297613797434941
"278","2024-2-9",2,-1.691,63.8498,1.95002,40.5,25.1595,29.6891,0,2,9,2024,7,40,420,50,0.01376,50,0.00297,0.11045,0.58892,0.00675490909090909,0.00134350005706081,0.0840997038300003,0.3759785709,0.976528561739461,0.494815169810873
"279","2024-2-9",2,2.841,62.5799,2.80483,40.5,379.469,723.292,0,2,9,2024,15.5,40,420,50,0.17386,50,0.07233,0.13324,0.60264,0.0853494545454545,0.0765936654426273,1.7373576437701,0.5333975909,0.560663934610453,11.1351461847236
"280","2024-2-9",2,2.28,72.2014,2.00187,40.4,274.348,535.97,0,2,9,2024,16,40,420,50,0.13096,50,0.0536,0.13245,0.6156,0.0642894545454545,0.0585542663799105,1.32299703859291,0.51636176,0.651305805342689,9.19977618093469
"281","2024-2-9",2,2.403,61.7483,2.77897,40.4,176.173,352.716,0,2,9,2024,16.5,40,420,50,0.08754,50,0.03527,0.12683,0.6134,0.0429741818181818,0.0415089800141296,0.905888346178441,0.5201561501,0.754143357300999,7.40563643830536
"282","2024-2-9",2,2.18,52.6553,3.38514,40.4,14.2727,36.2402,0,2,9,2024,17.5,40,420,50,0.00761,50,0.00362,0.11164,0.59148,0.00373581818181818,0.00214285172243995,0.101853566481575,0.51325236,0.971424080401541,1.04330720386833
"283","2024-2-10",2,3.446,45.7192,4.24726,40.3,24.0908,30.8734,0,2,10,2024,7,41,420,50,0.01227,50,0.00309,0.11045,0.58892,0.00602345454545455,0.00210639708937596,0.0874976716615155,0.5509935924,0.975603797667338,1.04752401547744
"284","2024-2-10",2,4.97,48.5847,4.47861,40.3,233.145,320.06,0,2,10,2024,8,41,420,50,0.10852,50,0.03201,0.11058,0.58615,0.0532734545454546,0.0523902008399541,0.901084027905211,0.59174901,0.774104810869544,10.1105632792976
"285","2024-2-10",2,5.265,45.1796,4.87464,40.3,348.381,515.568,0,2,10,2024,8.5,41,420,50,0.15494,50,0.05156,0.10693,0.58717,0.0760614545454545,0.0891390157618053,1.5035734001611,0.5990477525,0.662023384268875,14.8719102178438
"286","2024-2-10",2,5.811,40.9416,5.45492,40.3,458.127,707.837,0,2,10,2024,9,41,420,50,0.19554,50,0.07078,0.10612,0.59631,0.0959923636363636,0.12408663161199,2.11218932452912,0.6120515069,0.567639014586784,18.9155504067916
"287","2024-2-10",2,5.853,34.5955,6.05872,40.3,553.839,884.015,0,2,10,2024,9.5,41,420,50,0.22841,50,0.0884,0.10857,0.59257,0.112128545454545,0.139686616182021,2.56229731639328,0.6130246301,0.493016814021866,20.0117861141886
"288","2024-2-10",2,6.151,35.4204,6.1072,40.3,633.329,1036.61,0,2,10,2024,10,41,420,50,0.25405,50,0.10366,0.10844,0.58872,0.124715454545455,0.156033637830849,2.98866969146269,0.6198177189,0.436359863965918,21.2615456041583
"289","2024-2-10",2,6.127,40.7456,5.5943,40.3,691.984,1156.08,0,2,10,2024,10.5,41,420,50,0.27205,50,0.11561,0.11052,0.58488,0.133551818181818,0.160223999693225,3.24914228115976,0.6192778581,0.396585351015276,20.9595915573489
"290","2024-2-10",2,6.477,38.9683,5.90329,40.3,742.528,1258.13,0,2,10,2024,11,41,420,50,0.28696,50,0.12581,0.11027,0.58448,0.140871272727273,0.170811776477865,3.54139913183801,0.6270253181,0.365494517465207,21.7601291289196
"291","2024-2-10",2,6.775,42.2139,5.70545,40.3,779.142,1338.55,0,2,10,2024,11.5,41,420,50,0.29738,50,0.13386,0.11043,0.58955,0.145986545454545,0.180024013254261,3.79517517058827,0.6334093125,0.342720511243603,22.4737186094727
"292","2024-2-10",2,6.493,53.6338,4.48973,40.3,788.468,1368.86,0,2,10,2024,12,41,420,50,0.29977,50,0.13689,0.11295,0.61074,0.147159818181818,0.180801147019789,3.93087548106089,0.6273730461,0.334510168758495,22.1386024228317
"293","2024-2-10",2,6.74,48.8872,5.03441,40.3,752.882,1316.47,0,2,10,2024,12.5,41,420,50,0.28913,50,0.13165,0.13454,0.62473,0.141936545454545,0.157451046196084,3.24645386490051,0.63266964,0.348828109859851,19.5047720994159
"294","2024-2-10",2,6.903,41.4093,5.8361,40.3,722.042,1277.27,0,2,10,2024,13,41,420,50,0.2797,50,0.12773,0.13582,0.62738,0.137307272727273,0.157648894364673,3.13333831791788,0.6360914501,0.359940693997053,19.7135817545382
"295","2024-2-10",2,6.958,40.925,5.90666,40.3,611.462,1091.13,0,2,10,2024,13.5,41,420,50,0.24517,50,0.10911,0.14502,0.6295,0.120356181818182,0.144691535871882,2.51524227170984,0.6372328596,0.417736678794294,18.4566405313206
"296","2024-2-10",2,6.493,41.8328,5.63244,40.3,638.1,1144.07,0,2,10,2024,14,41,420,50,0.25336,50,0.11441,0.15982,0.632,0.124376727272727,0.123632087572208,2.40268795602012,0.6273730461,0.400414106957549,16.1978857308927
"297","2024-2-10",2,7.068,43.0083,5.74162,40.3,564.802,1027.04,0,2,10,2024,14.5,41,420,50,0.22947,50,0.1027,0.18048,0.63772,0.112648909090909,0.108991685087908,1.92716470220876,0.6394957136,0.439713456255024,15.0319663118808
"298","2024-2-10",2,7.666,42.2716,6.05923,40.3,471.87,875.839,0,2,10,2024,15,41,420,50,0.19761,50,0.08758,0.18916,0.63233,0.0970085454545455,0.098314781191856,1.55477252036146,0.6513316884,0.496252107568666,14.4131514293073
"299","2024-2-10",2,7.302,43.9207,5.74121,40.3,368.402,691.205,0,2,10,2024,15.5,41,420,50,0.1598,50,0.06912,0.13324,0.60264,0.0784472727272727,0.11574008163935,1.66025384124692,0.6442208756,0.575242262977879,17.293369129173
"300","2024-2-10",2,6.829,46.2004,5.33164,40.3,266.964,507.03,0,2,10,2024,16,41,420,50,0.12003,50,0.0507,0.13245,0.6156,0.0589238181818182,0.0896573683935869,1.2514169749377,0.6345452349,0.666560747153875,14.4834069983024
"301","2024-2-10",2,6.724,45.2849,5.38329,40.3,164.493,319.142,0,2,10,2024,16.5,41,420,50,0.07681,50,0.03191,0.12683,0.6134,0.0377067272727273,0.0597857753043377,0.819588804268615,0.6323306064,0.774673522247903,10.9194673497556
"302","2024-2-10",2,6.373,45.0408,5.27787,40.3,56.4445,122.73,0,2,10,2024,17,41,420,50,0.02749,50,0.01227,0.11559,0.59293,0.0134950909090909,0.0176163433759811,0.334252879578109,0.6247513581,0.906482095702442,5.04455042686953
"303","2024-2-10",2,6.009,45.6363,5.09076,40.3,14.1338,35.8218,0,2,10,2024,17.5,41,420,50,0.00699,50,0.00358,0.11164,0.59148,0.00343145454545455,0.00305813159495687,0.100728112708297,0.6166051109,0.971749289893757,1.57422110248589
"304","2024-2-11",2,3.678,38.1478,4.91982,40.3,22.3859,32.1096,0,2,11,2024,7,42,420,50,0.01056,50,0.00321,0.11045,0.58892,0.005184,0.00214961137938744,0.0908956394930306,0.5575275476,0.974639441469048,1.11626453061615
"305","2024-2-11",2,3.843,37.7506,5.00947,40.3,134.043,163.028,0,2,11,2024,7.5,42,420,50,0.06054,50,0.0163,0.11172,0.5894,0.0297196363636364,0.0201572969260755,0.456682366347128,0.5621024861,0.877724601735178,5.14535733039652
"306","2024-2-11",2,4.17,37.1991,5.17173,40.3,258.784,350.618,0,2,11,2024,8,42,420,50,0.11163,50,0.03506,0.11058,0.58615,0.0548001818181818,0.0524675169358741,0.986941768770906,0.57099221,0.755410174327353,9.92291712470674
"307","2024-2-11",2,4.418,36.8037,5.29587,40.3,382.488,555.868,0,2,11,2024,8.5,42,420,50,0.15801,50,0.05559,0.10693,0.58717,0.0775685454545455,0.0861190517239567,1.62109475009611,0.5775774036,0.641020141857848,14.2083330226258
"308","2024-2-11",2,4.9,34.7618,5.65491,40.3,490.901,748.192,0,2,11,2024,9,42,420,50,0.19556,50,0.07482,0.10612,0.59631,0.0960021818181818,0.116808886364186,2.23274943855989,0.589989,0.549606011598347,17.6579331944583
"309","2024-2-11",2,5.188,31.2469,6.08077,40.3,586.427,922.584,0,2,11,2024,9.5,42,420,50,0.2265,50,0.09226,0.10857,0.59257,0.111190909090909,0.133134708708676,2.67418043450729,0.5971611216,0.478036973052395,18.9501364615147
"310","2024-2-11",2,5.475,29.5315,6.35847,40.3,667.923,1075.69,0,2,11,2024,10,42,420,50,0.25143,50,0.10757,0.10844,0.58872,0.123429272727273,0.147580068309918,3.10140072072778,0.6041268125,0.422928561306038,20.0169047054151
"311","2024-2-11",2,6.091,27.3829,6.83882,40.3,736.51,1209.55,0,2,11,2024,10.5,42,420,50,0.27142,50,0.12096,0.11052,0.58488,0.133242545454545,0.159242242694541,3.3995004785839,0.6184656909,0.379978730574718,20.9390227604684
"312","2024-2-11",2,7.202,27.0833,7.41391,40.3,779.865,1307.63,0,2,11,2024,11,42,420,50,0.28353,50,0.13076,0.11027,0.58448,0.139187454545455,0.179750523790979,3.68073563690595,0.6422163156,0.351303765854432,23.2101653279915
"313","2024-2-11",2,8.351,27.4221,7.98216,40.3,802.488,1368.37,0,2,11,2024,11.5,42,420,50,0.28958,50,0.13684,0.11043,0.58955,0.142157454545455,0.200239581093328,3.87966360632974,0.6639228789,0.334641322449093,25.6479303244978
"314","2024-2-11",2,8.093,33.8209,7.1517,40.3,814.789,1402.31,0,2,11,2024,12,42,420,50,0.2927,50,0.14023,0.11295,0.61074,0.143689090909091,0.202633075215255,4.02678551179172,0.6593016861,0.325677386359252,25.3781700773151
"315","2024-2-11",2,7.46,34.6754,6.76054,40.3,800.127,1387.48,0,2,11,2024,12.5,42,420,50,0.28832,50,0.13875,0.13454,0.62473,0.141538909090909,0.165223657218685,3.42153797003377,0.64734324,0.32956423406075,20.6987367757444
"316","2024-2-11",2,8.102,33.1176,7.23213,40.3,768.464,1345.91,0,2,11,2024,13,42,420,50,0.27911,50,0.13459,0.13582,0.62738,0.137017636363636,0.171732354673935,3.30162063891464,0.6594653556,0.340708502041275,21.7841603663154
"317","2024-2-11",2,8.392,32.8246,7.40861,40.3,721.805,1277.7,0,2,11,2024,13.5,42,420,50,0.2654,50,0.12777,0.14502,0.6295,0.130287272727273,0.161999763186906,2.94539918482601,0.6646437696,0.359816895692847,21.0043029409572
"318","2024-2-11",2,9.413,30.7239,8.18705,40.3,669.759,1198.97,0,2,11,2024,14,42,420,50,0.24974,50,0.1199,0.15982,0.632,0.122599636363636,0.152077294659415,2.51798169676438,0.6814029741,0.383208519736406,20.6371648035724
"319","2024-2-11",2,9.946,27.6951,8.85691,40.3,589.991,1076.32,0,2,11,2024,14.5,42,420,50,0.22498,50,0.10763,0.18048,0.63772,0.110444727272727,0.131968653033672,2.01967611391167,0.6892407924,0.422715459017428,18.9355021873807
"320","2024-2-11",2,9.645,28.9795,8.52538,40.3,498.362,925.443,0,2,11,2024,15,42,420,50,0.19515,50,0.09254,0.18916,0.63233,0.0958009090909091,0.11318411937259,1.64282540573475,0.6848913725,0.476944856308436,17.0302483504411
"321","2024-2-11",2,9.348,28.9543,8.35946,40.4,401.447,760.038,0,2,11,2024,15.5,42,420,50,0.16181,50,0.076,0.13324,0.60264,0.079434,0.138211698048701,1.825510589334,0.6804043856,0.544422107555578,21.1585743583698
"322","2024-2-11",2,9.283,28.5822,8.36648,40.4,294.618,570.974,0,2,11,2024,16,42,420,50,0.12274,50,0.0571,0.13245,0.6156,0.0602541818181818,0.114543286049874,1.40938677059059,0.6793965021,0.633320161717588,18.9150962175432
"323","2024-2-11",2,8.74,29.5416,7.95644,40.4,187.907,378.224,0,2,11,2024,16.5,42,420,50,0.081,50,0.03782,0.12683,0.6134,0.0397636363636364,0.0797200365471216,0.971383534235005,0.67061364,0.738909964272255,14.6133246356605
"324","2024-2-11",2,7.979,32.0516,7.28604,40.4,55.2763,126.983,0,2,11,2024,17,42,420,50,0.02491,50,0.0127,0.11559,0.59293,0.0122285454545455,0.021188861575067,0.345966713173756,0.6572131149,0.903403121940454,5.99236041398852
"325","2024-2-11",2,7.578,33.5577,6.93199,40.4,11.9718,36.2326,0,2,11,2024,17.5,42,420,50,0.00547,50,0.00362,0.11164,0.59148,0.00268527272727273,0.00353639777931815,0.101853566481575,0.6496393076,0.971429986677905,1.83461383829006
"326","2024-2-12",2,6.528,44.3858,5.39826,40.6,153.188,182.763,0,2,12,2024,7.5,43,420,50,0.07923,50,0.01828,0.11172,0.5894,0.0388947272727273,0.030788328809031,0.512156666062915,0.6281317376,0.863975903529887,7.47422354384299
"327","2024-2-12",2,6.856,45.4249,5.41856,40.6,269.885,367.534,0,2,12,2024,8,43,420,50,0.12393,50,0.03675,0.11058,0.58615,0.0608383636363636,0.0701620580791395,1.03451540223419,0.6351107904,0.745256220198412,13.4193364336726
"328","2024-2-12",2,6.751,46.4126,5.28215,40.6,388.944,569.388,0,2,12,2024,8.5,43,420,50,0.1632,50,0.05694,0.10693,0.58717,0.0801163636363636,0.10905868337494,1.66046294424307,0.6329023989,0.634124228330766,18.1534314765692
"329","2024-2-12",2,7.167,43.0886,5.77266,40.6,494.131,757.937,0,2,12,2024,9,43,420,50,0.19412,50,0.07579,0.10612,0.59631,0.0952952727272727,0.14442642641612,2.26169580257223,0.6415095221,0.545337941685351,22.0711716932636
"330","2024-2-12",2,7.635,39.9883,6.28555,40.6,585.244,927.273,0,2,12,2024,9.5,43,420,50,0.21849,50,0.09273,0.10857,0.59257,0.107258727272727,0.165302359943717,2.68780350847454,0.6507374525,0.476247119906468,23.8497408409967
"331","2024-2-12",2,8.416,37.2595,6.9308,40.6,663.745,1077.32,0,2,12,2024,10,43,420,50,0.23784,50,0.10773,0.10844,0.58872,0.116757818181818,0.188253347367691,3.10601375517341,0.6650640384,0.422377421883096,26.0498816892223
"332","2024-2-12",2,8.672,36.0017,7.1937,40.6,727.356,1205.49,0,2,12,2024,10.5,43,420,50,0.2524,50,0.12055,0.11052,0.58488,0.123905454545455,0.195567119117605,3.38797770083738,0.6694680576,0.381214907956939,26.1593436850806
"333","2024-2-12",2,8.718,36.8805,7.11708,40.6,777.944,1310.29,0,2,12,2024,11,43,420,50,0.2632,50,0.13103,0.11027,0.58448,0.129207272727273,0.202469922443204,3.68833580990966,0.6702441236,0.350556986295953,26.2802536837819
"334","2024-2-12",2,9.169,36.8203,7.34465,40.6,811.857,1389.02,0,2,12,2024,11.5,43,420,50,0.2699,50,0.1389,0.11043,0.58955,0.132496363636364,0.213127545221406,3.93806836392284,0.6776063829,0.329158460931959,27.2445304605839
"335","2024-2-12",2,9.726,35.1954,7.82171,40.6,814.868,1411.46,0,2,12,2024,12,43,420,50,0.26991,50,0.14115,0.11295,0.61074,0.132501272727273,0.225025328393944,4.05320384360979,0.6860814164,0.323302131928297,28.639514008429
"336","2024-2-12",2,10.195,32.0735,8.46066,40.6,799.826,1401.19,0,2,12,2024,12.5,43,420,50,0.26619,50,0.14012,0.13454,0.62473,0.130675090909091,0.195944866686957,3.45532180440455,0.6926881725,0.325969324065992,25.3877217396833
"337","2024-2-12",2,10.578,31.3109,8.77762,40.6,770.542,1364.46,0,2,12,2024,13,43,420,50,0.25956,50,0.13645,0.13582,0.62738,0.127420363636364,0.197835516381749,3.34724820699831,0.6977245076,0.33568971934363,25.936238977815
"338","2024-2-12",2,10.985,31.0464,9.05376,40.7,724.728,1296.95,0,2,12,2024,13.5,43,420,50,0.24947,50,0.1297,0.14502,0.6295,0.122467090909091,0.186371601903028,2.98989022675068,0.7027227525,0.354318164402939,25.0421149614748
"339","2024-2-12",2,11.405,28.8477,9.60681,40.7,668.207,1207.71,0,2,12,2024,14,43,420,50,0.23698,50,0.12077,0.15982,0.632,0.116335636363636,0.16661414005893,2.53625228955992,0.7074985725,0.380538471134106,23.3447162271084
"340","2024-2-12",2,11.374,28.5551,9.6265,40.7,591.389,1082.35,0,2,12,2024,14.5,43,420,50,0.21967,50,0.10824,0.18048,0.63772,0.107838,0.140810846564205,2.03112275917309,0.7071593364,0.420681190244358,20.633607445763
"341","2024-2-12",2,11.482,28.819,9.65988,40.8,494.856,921.414,0,2,12,2024,15,43,420,50,0.19685,50,0.09214,0.18916,0.63233,0.0966354545454546,0.122656554661942,1.63572436659174,0.7083320436,0.478484625127661,19.0075560921191
"342","2024-2-12",2,11.396,30.2803,9.40777,40.8,392.493,744.455,0,2,12,2024,15.5,43,420,50,0.17077,50,0.07445,0.13324,0.60264,0.0838325454545455,0.151043138185607,1.78827978126205,0.7074003024,0.551251572289113,23.8328881986934
"343","2024-2-12",2,11.276,30.6839,9.27912,40.9,290.947,564.532,0,2,12,2024,16,43,420,50,0.14201,50,0.05645,0.13245,0.6156,0.069714,0.125393187980339,1.39334296321959,0.7060730064,0.636592465332386,21.307360735873
"344","2024-2-12",2,11.168,31.6931,9.07866,40.9,183.492,369.706,0,2,12,2024,16.5,43,420,50,0.10597,50,0.03697,0.12683,0.6134,0.0520216363636364,0.0884133938957079,0.949551804882817,0.7048513536,0.743962387397666,16.8704390555549
"345","2024-2-12",2,10.824,31.6057,8.88455,40.9,56.0913,129.082,0,2,12,2024,17,43,420,50,0.0449,50,0.01291,0.11559,0.59293,0.0220418181818182,0.0247612408199865,0.351687422604188,0.7007891264,0.901887400374077,7.42880808763604
"346","2024-2-12",2,10.612,31.7859,8.73673,41,12.8543,37.7128,0,2,12,2024,17.5,43,420,50,0.01241,50,0.00377,0.11164,0.59148,0.00609218181818182,0.00460576944670858,0.106074018131363,0.6981560016,0.970280338962639,2.38054383137355
"347","2024-2-13",2,9.213,45.5944,6.34348,41.1,3.12652,10.7916,0,2,13,2024,7,44,420,50,0.00445,50,0.00108,0.10694,0.59899,0.00218454545454545,0.00348916343951003,0.0321255507323191,0.6783006941,0.991403879748052,0.671542237416107
"348","2024-2-13",2,9.215,56.4147,5.08256,41.1,2.26446,16.9874,0,2,13,2024,7.5,44,420,50,0.00327,50,0.0017,0.10543,0.60098,0.00160527272727273,0.00350798454827011,0.0514626526315516,0.6783321525,0.986502006068994,1.07059421104345
"349","2024-2-13",2,10.17,47.9435,6.47311,41.1,97.8912,162.286,0,2,13,2024,8,44,420,50,0.09095,50,0.01623,0.10843,0.59781,0.0446481818181818,0.0388280624103738,0.475203544574065,0.69234821,0.878245773727312,9.39206019631525
"350","2024-2-13",2,10.638,41.6288,7.48906,41.1,322.851,482.535,0,2,13,2024,8.5,44,420,50,0.172,50,0.04825,0.1096,0.59603,0.0844363636363636,0.124241630118479,1.39348506051181,0.6984842516,0.67975149237207,21.9431567196107
"351","2024-2-13",2,10.707,42.0493,7.46942,41.1,432.845,684.727,0.1,2,13,2024,9,44,420,50,0.19429,50,0.06847,0.10638,0.61058,0.0953787272727273,0.176308908790747,2.08703796960493,0.6993481661,0.578231136561352,28.0712277137373
"352","2024-2-13",2,11.16,42.4455,7.64549,41.1,518.199,842.812,0,2,13,2024,9.5,44,420,50,0.2081,50,0.08428,0.09757,0.63689,0.102158181818182,0.240162088907214,2.92159549198542,0.70475984,0.509538634974468,35.5355401573712
"353","2024-2-13",2,10.703,43.7167,7.25257,41.1,386.165,658.182,0,2,13,2024,10,44,420,50,0.18673,50,0.06582,0.10161,0.63613,0.0916674545454546,0.21239122317663,2.1883396933028,0.6992983701,0.590641762608962,30.0583836473553
"354","2024-2-13",2,13.662,41.3138,9.19061,41.1,663.288,1201.22,0,2,13,2024,13.5,44,420,50,0.22518,50,0.12012,0.1204,0.61883,0.110542909090909,0.243654377583121,3.27874491433488,0.7265167316,0.382519364826371,33.3177691619712
"355","2024-2-13",2,13.948,40.5957,9.47775,41.1,606.34,1106.23,0,2,13,2024,14,44,420,50,0.21935,50,0.11062,0.12745,0.62166,0.107680909090909,0.223645085411439,2.86545882486736,0.7281266256,0.41272077675865,31.673112199509
"356","2024-2-13",2,14.005,40.4239,9.54042,41.1,533.132,981.33,0,2,13,2024,14.5,44,420,50,0.21137,50,0.09813,0.12797,0.61353,0.103763454545455,0.208117607802123,2.49848568883702,0.7284259725,0.456090511058838,30.5650487262629
"357","2024-2-13",2,13.994,41.1095,9.42389,41.1,448.56,836.818,0,2,13,2024,15,44,420,50,0.2009,50,0.08368,0.12887,0.61246,0.0986236363636364,0.188435603133827,2.11200531536192,0.7283687604,0.511987842162977,28.9952094467533
"358","2024-2-13",2,14.288,41.6823,9.51192,41.1,350.221,659.806,0,2,13,2024,15.5,44,420,50,0.18583,50,0.06598,0.16723,0.63587,0.0912256363636364,0.123253236819195,1.33233639328238,0.7298063616,0.589874899093387,21.2278657425958
"359","2024-2-13",2,14.028,42.4821,9.22459,41.1,248.88,469.419,0,2,13,2024,16,44,420,50,0.16437,50,0.04694,0.14441,0.62334,0.0806907272727273,0.107107699488462,1.07601480721687,0.7285447376,0.686921539984646,19.837335707244
"360","2024-2-13",2,13.734,43.0036,8.96791,41.1,156.553,299.154,0,2,13,2024,16.5,44,420,50,0.13417,50,0.02992,0.1117,0.59545,0.0658652727272727,0.0866966625908162,0.847034597250943,0.7269389684,0.787160431004261,17.7501745477248
"361","2024-2-14",2,12.503,79.3434,2.99871,40.9,327.805,503.458,0,2,14,2024,8.5,45,420,50,0.22294,50,0.05035,0.1096,0.59603,0.109443272727273,0.138682686134653,1.45413415122838,0.7181504901,0.66846823526593,24.7675715588679
"362","2024-2-14",2,12.52,77.7507,3.23354,40.9,431.409,692.221,0,2,14,2024,9,45,420,50,0.24172,50,0.06922,0.10638,0.61058,0.118662545454545,0.192492575293631,2.10989876232004,0.71829456,0.574774896030188,30.9219413812901
"363","2024-2-14",2,12.528,77.4899,3.27316,40.9,494.752,822.324,0,2,14,2024,9.5,45,420,50,0.25112,50,0.08223,0.09757,0.63689,0.123277090909091,0.254584961920914,2.85053152949646,0.7183621376,0.517958995045399,37.6594196735052
"364","2024-2-14",2,12.199,80.0458,2.83936,40.8,335.072,575.4,0,2,14,2024,10,45,420,50,0.22883,50,0.05754,0.10161,0.63613,0.112334727272727,0.212453931013968,1.91305174646981,0.7154668389,0.631081667058639,30.3577026132378
"365","2024-2-14",2,12.396,79.9597,2.88884,40.8,258.906,441.324,0,2,14,2024,10.5,45,420,50,0.21205,50,0.04413,0.10654,0.62732,0.104097272727273,0.173902499370305,1.37993237102247,0.7172291024,0.702535602038509,24.5894793435959
"366","2024-2-14",2,12.245,81.3979,2.655,40.8,160.174,281.317,0,2,14,2024,11,45,420,50,0.17569,50,0.02813,0.10896,0.62738,0.0862478181818182,0.119784261593282,0.860162968150994,0.7158859725,0.798473419437084,17.3058279117973
"367","2024-2-14",2,12.351,82.3535,2.53625,40.8,172.615,304.321,0,2,14,2024,11.5,45,420,50,0.18295,50,0.03043,0.10823,0.61237,0.0898118181818182,0.129326252845203,0.91435666349719,0.7168340789,0.783913340357102,18.1451828206434
"368","2024-2-14",2,12.657,82.1373,2.61949,40.8,306.766,527.705,0,2,14,2024,12,45,420,50,0.22858,50,0.05277,0.11434,0.60672,0.112212,0.188287199319359,1.48704685035975,0.7194323861,0.65562650782881,24.9996311654404
"369","2024-2-14",2,13.138,80.3408,2.97525,40.8,252.146,436.198,0,2,14,2024,12.5,45,420,50,0.21553,50,0.04362,0.11571,0.62404,0.105805636363636,0.17005446736785,1.24932269588022,0.7231002516,0.705422475234545,23.0144114788782
"370","2024-2-14",2,13.249,79.6253,3.10599,40.8,272.469,476.979,0,2,14,2024,13,45,420,50,0.22277,50,0.0477,0.11953,0.62568,0.109359818181818,0.174921940253507,1.32599280108342,0.7238743989,0.682779576434088,23.7343985673622
"371","2024-2-14",2,13.198,79.7715,3.07344,40.8,342.993,603.708,0,2,14,2024,13.5,45,420,50,0.24079,50,0.06037,0.1204,0.61883,0.118206,0.196758617463103,1.64783408656674,0.7235220756,0.616950552563861,26.6045039603169
"372","2024-2-14",2,13.353,79.4864,3.14847,40.8,283.4565,498.418,0,2,14,2024,14,45,420,50,0.22854,50,0.04984,0.12745,0.62166,0.112192363636364,0.160576888685189,1.29103659222012,0.7245751301,0.67116894015279,22.795581362921
"373","2024-2-14",2,13.508,79.2013,3.22468,40.8,223.92,393.128,0,2,14,2024,14.5,45,420,50,0.21158,50,0.03931,0.12797,0.61353,0.103866545454545,0.127239868615636,1.00087101221016,0.7255753296,0.730152107577845,19.3219436321061
"374","2024-2-14",2,13.64,78.7199,3.32782,40.8,150.786,262.026,0,2,14,2024,15,45,420,50,0.17977,50,0.0262,0.12887,0.61246,0.0882507272727273,0.0823535743815552,0.661263614513413,0.72638544,0.81089167780165,14.2352597573158
"375","2024-2-14",2,13.956,77.9897,3.51349,40.8,139.897,259.873,0,2,14,2024,16.5,45,420,50,0.17661,50,0.02599,0.1117,0.59545,0.0866994545454545,0.0760901991727711,0.735776376422193,0.7281690704,0.812289561139039,16.0099534637155
"376","2024-2-15",2,2.915,93.3343,0.50227,40.6,1.45403,4.31671,0.3,2,15,2024,7,46,420,50,0.00439,50,0.000432,0.10694,0.59899,0.00215509090909091,0.0020107284990473,0.0128502202929276,0.5355930525,0.996552588017193,0.147688616090941
"377","2024-2-16",2,3.129,54.6605,3.46876,40.8,590.264,957.166,0,2,16,2024,9.5,47,420,50,0.4198,50,0.09572,0.09757,0.63689,0.206083636363636,0.134243068476093,3.31816706802142,0.5418742949,0.464993059180375,18.2498209695452
"378","2024-2-16",2,3.46,54.8221,3.5385,40.8,670.538,1111.26,0,2,16,2024,10,47,420,50,0.43074,50,0.11113,0.10161,0.63613,0.211454181818182,0.143794110333386,3.6947765134722,0.55139124,0.411063325381677,18.6676228410378
"379","2024-2-16",2,3.959,55.8877,3.57908,40.8,734.207,1239.2,0,2,16,2024,10.5,47,420,50,0.43859,50,0.12392,0.10654,0.62732,0.215307818181818,0.148798818265081,3.87494265617731,0.5652829509,0.371071690200652,18.6974472438599
"380","2024-2-16",2,3.668,55.032,3.57429,40.8,786.489,1347.45,0,2,16,2024,11,47,420,50,0.44473,50,0.13475,0.10896,0.62738,0.218322,0.144550299920463,4.12040383783671,0.5572483536,0.340289007628378,17.6472205130488
"381","2024-2-16",2,4.3,51.2934,4.04791,40.8,828.913,1436.46,0,2,16,2024,11.5,47,420,50,0.44971,50,0.14365,0.10823,0.61237,0.220766727272727,0.153513995045601,4.31637642824093,0.574461,0.316900320793362,18.4655893085242
"382","2024-2-16",2,5.097,47.8805,4.58043,40.8,821.969,1452.51,0,2,16,2024,12.5,47,420,50,0.45268,50,0.14525,0.11571,0.62404,0.222224727272727,0.160009676773266,4.16011282844113,0.5949146501,0.31285733220676,19.1143517567536
"383","2024-2-16",2,5.19,47.2667,4.66458,40.8,792.458,1413.66,0,2,16,2024,13,47,420,50,0.45214,50,0.14137,0.11953,0.62568,0.221959636363636,0.156339155476706,3.92988684044366,0.59721029,0.322733620612812,18.8049927477019
"384","2024-2-16",2,5.675,46.7624,4.87103,40.8,744.945,1344.02,0,2,16,2024,13.5,47,420,50,0.44985,50,0.1344,0.1204,0.61883,0.220835454545455,0.159253310672147,3.66852577827679,0.6088738125,0.341224042947069,19.486848122681
"385","2024-2-16",2,5.987,44.1806,5.21911,40.8,685.161,1250.11,0,2,16,2024,14,47,420,50,0.44583,50,0.12501,0.12745,0.62166,0.218862,0.151878624802808,3.23821196616045,0.6161034141,0.367847069205007,19.1166566107802
"386","2024-2-16",2,6.4,41.8959,5.5903,40.8,607.572,1126.38,0,2,16,2024,14.5,47,420,50,0.43865,50,0.11264,0.12797,0.61353,0.215337272727273,0.149001401340721,2.86792446744729,0.625344,0.406121054511896,19.4405930598653
"387","2024-2-16",2,6.845,40.6058,5.89257,40.8,517.426,980.297,0,2,16,2024,15,47,420,50,0.42729,50,0.09803,0.12887,0.61246,0.209760545454545,0.143638635290842,2.47418595918893,0.6348805725,0.456467580040621,19.6380956862817
"388","2024-2-17",2,6.845,85.6737,1.42133,40.6,384.087,659.438,0,2,17,2024,10,48,420,50,0.45768,50,0.06594,0.10161,0.63613,0.224679272727273,0.168945970386158,2.19232937369168,0.6348805725,0.590048583828819,22.4931702844539
"389","2024-2-17",2,7.544,83.0289,1.7665,40.6,410.152,721.952,0,2,17,2024,10.5,48,420,50,0.46657,50,0.0722,0.10654,0.62732,0.229043454545455,0.181705297974649,2.25767317443514,0.6489808704,0.561265288616513,23.4277384828922
"390","2024-2-17",2,7.626,83.1703,1.76164,40.6,366.478,641.851,0,2,17,2024,11,48,420,50,0.4553,50,0.06419,0.10896,0.62738,0.223510909090909,0.173448124478449,1.96281055547858,0.6505645364,0.598409007377197,21.8675391873338
"391","2024-2-17",2,9.801,95.9644,0.48955,40.6,3.94453,8.24908,0,2,17,2024,17.5,48,420,50,0.01933,50,0.000825,0.10843,0.59781,0.00948927272727273,0.0036732965109262,0.0241554481992362,0.6871704389,0.993422463321621,0.527115466452573
"392","2024-2-18",2,12.067,94.3438,0.79787,40.4,1.3221,3.36317,0,2,18,2024,7,49,420,50,0.00772,50,0.000336,0.10694,0.59899,0.00378981818181818,0.00447792013492082,0.00999461578338817,0.7142382621,0.997313080248041,0.24913609441619
"393","2024-2-19",2,8.562,99.7346,0.02961,40,2.93219,6.84282,0,2,19,2024,17.5,50,420,50,0.01829,50,0.000684,0.11288,0.59519,0.00897872727272728,0.00329601556436938,0.0191532360327588,0.6675933716,0.994540700435146,0.382566609657034
"394","2024-2-20",2,2.035,100.131,-0.00927,45.8,1.53552,4.60435,0.4,2,20,2024,7,51,420,50,0.00911,50,0.00046,0.10694,0.59899,0.00447218181818182,0.00186164978791536,0.0136831049415433,0.5087046525,0.996323295690529,0.141158814025525
"395","2024-2-20",2,7.213,100.165,-0.01679,44.4,3.54564,7.11279,0.1,2,20,2024,17.5,51,420,50,0.01989,50,0.000711,0.11288,0.59519,0.00976418181818182,0.00292906063893774,0.0199092848235255,0.6424378941,0.994325926706649,0.355683801214415
"396","2024-2-21",2,-3.437,97.9056,0.09919,45.6,2.43624,4.79773,0,2,21,2024,7,52,420,50,0.0129,50,0.00048,0.10694,0.59899,0.00633272727272727,0.00115306529037229,0.0142780225476974,0.3032737341,0.996169172413443,0.0619118493110165
"397","2024-2-22",2,-7.179,93.4913,0.23162,42.4,2.71718,5.05673,0,2,22,2024,7,53,420,50,0.0127,50,0.000506,0.10694,0.59899,0.00623454545454545,0.000830959355144495,0.0150514154356977,0.1248641549,0.99596278754313,0.0213886199885688
"398","2024-2-24",2,-7.088,93.5445,0.23135,41.3,1.61146,4.22384,0,2,24,2024,7,55,420,50,0.00558,50,0.000422,0.10694,0.59899,0.00273927272727273,0.000837605833049414,0.0125527614898506,0.1295682816,0.996626630638773,0.0186224044843209
"399","2024-2-26",2,-3.951,59.9604,1.82418,40.6,6.70805,19.3619,0,2,26,2024,17.5,57,420,50,0.01304,50,0.00194,0.11288,0.59519,0.00640145454545455,0.00110232905213561,0.0543235057069473,0.2805925589,0.984629825618235,0.208622910490814
"400","2024-2-28",2,-0.659,88.5544,0.66618,40.3,7.13726,14.1378,0,2,28,2024,7,59,420,50,0.00553,50,0.00141,0.10694,0.59899,0.00271472727272727,0.00147053188653595,0.0419416912338611,0.4157982909,0.988753480307521,0.295157511835906
"401","2024-2-28",2,-0.466,87.2911,0.75024,40.3,20.7986,38.9167,0,2,28,2024,7.5,59,420,50,0.01586,50,0.00389,0.10543,0.60098,0.00778581818181818,0.00190857406855532,0.117758658080433,0.4229851284,0.969346292434225,0.836777306312042
"402","2024-2-28",2,-0.397,86.8408,0.78076,40.3,24.7852,47.8576,0,2,28,2024,8,59,420,50,0.0187,50,0.00479,0.10843,0.59781,0.00918,0.00251025595432189,0.140247996211323,0.4255346301,0.962437567364377,0.999862515247096
"403","2024-2-28",2,-0.378,83.3412,0.98977,40.3,114.698,210.935,0,2,28,2024,10.5,59,420,50,0.07897,50,0.02109,0.10654,0.62732,0.0387670909090909,0.0295567070206108,0.659478216742895,0.4262348276,0.844721746446787,4.13836583166714
"404","2024-2-28",2,-0.214,84.1634,0.95227,40.3,132.088,243.779,0,2,28,2024,11,59,420,50,0.08935,50,0.02438,0.10896,0.62738,0.0438627272727273,0.0353921174037205,0.745494957821587,0.4322456244,0.822815568513391,4.67000479527486
"405","2024-2-28",2,0.266,75.3187,1.53698,40.3,29.0834,54.3618,0,2,28,2024,16.5,59,420,50,0.01888,50,0.00544,0.1117,0.59545,0.00926836363636364,0.00345066361658605,0.154006290409262,0.4494981684,0.957442664632122,1.2039831096328
"406","2024-2-28",2,0.15,77.8247,1.36931,40.3,25.3642,46.2209,0,2,28,2024,17,59,420,50,0.01635,50,0.00462,0.11288,0.59519,0.00802636363636364,0.00255604194147553,0.129368348642318,0.44537525,0.963698569990623,1.00114292419682
"407","2024-2-28",2,-0.071,78.4732,1.30802,40.3,14.4267,26.2213,0,2,28,2024,17.5,59,420,50,0.00926,50,0.00262,0.11288,0.59519,0.00454581818181818,0.00167190810638611,0.0733647345114443,0.4374384549,0.979241447694991,0.558629742433994
"408","2024-2-29",2,-3.788,93.8348,0.28436,40.2,24.0874,43.95,0,2,29,2024,7,60,420,50,0.01142,50,0.0044,0.10694,0.59899,0.00560618181818182,0.00116561578642905,0.130881873353893,0.2878481616,0.965450931750055,0.510740819431526
"409","2024-2-29",2,-3.724,96.2142,0.17546,40.2,15.8278,29.83,0,2,29,2024,7.5,60,420,50,0.00743,50,0.00298,0.10543,0.60098,0.00364745454545455,0.00117452050748303,0.0902110028482493,0.2906810064,0.976418493643536,0.360969554275463
"410","2024-2-29",2,-3.487,96.7208,0.15471,40.2,35.0301,63.6046,0,2,29,2024,8,60,420,50,0.01609,50,0.00636,0.10843,0.59781,0.00789872727272727,0.00194130904958055,0.186216546117748,0.3010929141,0.95038921337643,0.762431546001485
"411","2024-2-29",2,-3.405,96.6391,0.15955,40.2,139.746,266.309,0,2,29,2024,12.5,60,420,50,0.05423,50,0.02663,0.11571,0.62404,0.026622,0.0202733282417965,0.762711219424354,0.3046665725,0.808117993147019,2.70063946700704
"412","2024-2-29",2,-3.368,96.7257,0.15587,40.2,41.9874,88.6484,0,2,29,2024,15.5,60,420,50,0.01544,50,0.00886,0.16723,0.63587,0.00757963636363636,0.00272168576834571,0.178910282577779,0.3062742336,0.93153760442709,0.735797536236943
"413","2024-2-29",2,-3.422,96.6869,0.15708,40.2,37.5382,76.452,0,2,29,2024,16,60,420,50,0.0136,50,0.00765,0.14441,0.62334,0.00667636363636364,0.00242709336254259,0.175362447277568,0.3039269076,0.940671215024393,0.720259106005531
"414","2024-2-29",2,-3.677,96.4717,0.1641,40.2,39.4664,76.5759,0,2,29,2024,16.5,60,420,50,0.01405,50,0.00766,0.1117,0.59545,0.00689727272727273,0.00247016282100117,0.216854445686572,0.2927556381,0.940577980314348,0.844304125003348
"415","2024-2-29",2,-3.655,96.4911,0.16347,40.2,20.5402,39.847,0,2,29,2024,17,60,420,50,0.00724,50,0.00398,0.11288,0.59519,0.00355418181818182,0.00137594016835838,0.111447192120438,0.2937250725,0.968625134540107,0.448943921409774
"416","2024-2-29",2,-3.821,96.3458,0.16812,40.2,7.48117,15.6273,0,2,29,2024,17.5,60,420,50,0.0026,50,0.00156,0.11288,0.59519,0.00127636363636364,0.00111494629736746,0.0436828190220814,0.2863839549,0.9875759833524,0.173127179284005
"417","2024-3-1",2,-3.745,96.4027,0.16646,40.1,6.21805,13.6098,0,3,1,2024,7,61,420,50,0.0019,50,0.00136,0.10694,0.59899,0.000932727272727273,0.00112238931781733,0.0404543972184759,0.2897524725,0.989171217997591,0.163250539669212
"418","2024-3-1",2,-3.866,96.2894,0.17014,40.1,25.0635,50.6913,0,3,1,2024,7.5,61,420,50,0.0078,50,0.00507,0.10543,0.60098,0.00382909090909091,0.00140325620709123,0.153479793436451,0.2843834484,0.960258231064094,0.585683762445046
"419","2024-3-1",2,-3.928,96.2469,0.17129,40,53.6846,108.53,0,3,1,2024,8,61,420,50,0.01694,50,0.01085,0.10843,0.59781,0.008316,0.00262143146432542,0.317680742983894,0.2816198976,0.916838445000312,1.14180712079373
"420","2024-3-1",2,-2.252,97.6012,0.12412,40,240.757,462.831,0,3,1,2024,9.5,61,420,50,0.0762,50,0.04628,0.09757,0.63689,0.0374072727272727,0.0445389047178393,1.60431228487287,0.3533493456,0.690551448401279,6.05368082644517
"421","2024-3-1",2,-2.239,97.716,0.1183,40,250.754,480.556,0,3,1,2024,10,61,420,50,0.08068,50,0.04806,0.10161,0.63613,0.0396065454545454,0.0460102936316017,1.59786699574799,0.3538815669,0.680828527290667,5.95832490641659
"422","2024-3-1",2,-2.405,97.6584,0.11979,40,124.851,248.141,0,3,1,2024,10.5,61,420,50,0.04283,50,0.02481,0.10654,0.62732,0.0210256363636364,0.0243686393480187,0.775801543735952,0.3470575725,0.81994927532251,3.38114862218799
"423","2024-3-1",2,-2.719,97.401,0.12988,40,129.861,258.425,0,3,1,2024,11,61,420,50,0.04537,50,0.02584,0.10896,0.62738,0.0222725454545455,0.0239309995192955,0.790139036509836,0.3339837429,0.813231062579014,3.22224066774708
"424","2024-3-1",2,-2.509,97.4843,0.1277,40,298.719,569.311,0,3,1,2024,11.5,61,420,50,0.10008,50,0.05693,0.10823,0.61237,0.0491301818181818,0.0477860048678474,1.71062520055521,0.3427514109,0.634163291586367,5.65725237908577
"425","2024-3-1",2,-1.455,98.222,0.0976,40,476.809,882.778,0.1,3,1,2024,12.5,61,420,50,0.15575,50,0.08828,0.11571,0.62404,0.0764590909090909,0.0686011334790661,2.52843208602261,0.3852912725,0.493504944948369,7.82100554945217
"426","2024-3-1",2,-1.169,98.5375,0.08199,40,307.959,562.857,0,3,1,2024,13.5,61,420,50,0.11031,50,0.05629,0.1204,0.61883,0.0541521818181818,0.0541284813795918,1.53646812544048,0.3964127829,0.637446071024017,6.43242336230416
"427","2024-3-1",2,-0.859,98.7529,0.07153,40,206.54,403.836,0,3,1,2024,14,61,420,50,0.07824,50,0.04038,0.12745,0.62166,0.0384087272727273,0.0413761844194244,1.04598831448331,0.4082643309,0.723924046680139,5.22436516610909
"428","2024-3-1",2,-1.243,98.6988,0.07255,40,182.031,359.805,0,3,1,2024,14.5,61,420,50,0.07085,50,0.03598,0.12797,0.61353,0.0347809090909091,0.0334012897350757,0.91608595826308,0.3935524461,0.749878564171004,4.45796375209831
"429","2024-3-1",2,-1.838,98.2215,0.0949,40,43.6359,82.556,0,3,1,2024,17,61,420,50,0.01964,50,0.00826,0.11288,0.59519,0.00964145454545455,0.00297218192096639,0.231294926360508,0.3701159316,0.936088926568311,1.27221458407117
"430","2024-3-1",2,-1.966,98.1082,0.09999,40,16.4923,32.5497,0,3,1,2024,17.5,61,420,50,0.00765,50,0.00325,0.11288,0.59519,0.00375545454545455,0.00146523238667052,0.0910058729626695,0.3649723284,0.974296350815719,0.509598080881371
"431","2024-3-2",2,-3.387,96.7808,0.15303,39.9,17.5204,37.994,0,3,2,2024,7,62,420,50,0.0117,50,0.0038,0.10694,0.59899,0.00574363636363636,0.00120304716734909,0.113034345169271,0.3054490541,0.970062089247234,0.482219349119901
"432","2024-3-3",2,6.185,50.8439,4.65958,39.8,843.198,1461.36,0,3,3,2024,13,63,420,50,0.46399,50,0.14614,0.11953,0.62568,0.227776909090909,0.177018760152336,4.062486120552,0.6205803525,0.310650125028087,20.641517803993
"433","2024-3-3",2,6.814,45.1315,5.43196,39.8,714.055,1243.68,0,3,3,2024,13.5,63,420,50,0.41244,50,0.12437,0.1204,0.61883,0.202470545454545,0.183145234999531,3.3947511238414,0.6342303444,0.369744149636691,21.7644950218487
"434","2024-3-3",2,6.868,47.4591,5.2209,39.8,744.747,1316.1,0,3,3,2024,14,63,420,50,0.4252,50,0.13161,0.12745,0.62166,0.208734545454545,0.170363078265679,3.40917588086055,0.6353616336,0.348931378263339,20.7275540983021
"435","2024-3-3",2,6.949,45.9377,5.40211,39.8,632.042,1127.41,0,3,3,2024,14.5,63,420,50,0.37687,50,0.11274,0.12797,0.61353,0.185008909090909,0.162795731902456,2.87047056516341,0.6370465389,0.405786548598341,20.4442396275378
"436","2024-3-3",2,7.29,45.7123,5.55322,39.8,550.227,989.097,0,3,3,2024,15,63,420,50,0.33894,50,0.09891,0.12887,0.61246,0.166388727272727,0.156027160277912,2.49639634013441,0.64398149,0.453265333410966,20.4675965723968
"437","2024-3-3",2,7.629,46.3468,5.61726,40,455.496,840.731,0,3,3,2024,15.5,63,420,50,0.29171,50,0.08407,0.16723,0.63587,0.143203090909091,0.113417506346421,1.6976283810738,0.6506221949,0.510387621394185,16.1352731640024
"438","2024-3-3",2,7.751,46.2407,5.67552,40.1,343.324,642.574,0,3,3,2024,16,63,420,50,0.23068,50,0.06426,0.14441,0.62334,0.113242909090909,0.109769151519186,1.47304455713157,0.6529501989,0.598062987685872,16.5749057846617
"439","2024-3-3",2,7.813,47.5592,5.55982,40.1,229.018,431.709,0,3,3,2024,16.5,63,420,50,0.16197,50,0.04317,0.1117,0.59545,0.0795125454545454,0.100540654424146,1.22214183032497,0.6541207341,0.707960342694906,16.3630375386406
"440","2024-3-3",2,7.474,50.5592,5.12161,40.2,111.045,218.588,0,3,3,2024,17,63,420,50,0.08303,50,0.02186,0.11288,0.59519,0.0407601818181818,0.0476876490953999,0.612119502450448,0.6476172564,0.839565821449231,9.44484307687604
"441","2024-3-4",2,4.153,99.1553,0.06948,40.3,4.84231,9.64252,0.4,3,4,2024,7,64,420,50,0.00367,50,0.000964,0.10694,0.59899,0.00180163636363636,0.00224087291962974,0.0286750286166256,0.5705358501,0.992315660663643,0.378015604507414
"442","2024-3-4",2,4.517,99.3214,0.05726,40.3,9.82001,19.0697,0.2,3,4,2024,7.5,64,420,50,0.00741,50,0.00191,0.10543,0.60098,0.00363763636363636,0.00244631362542113,0.0578198038389786,0.5801683821,0.984860019590294,0.786919008321189
"443","2024-3-4",2,4.706,99.4069,0.05072,40.3,18.3407,35.7835,0.8,3,4,2024,8,64,420,50,0.01377,50,0.00358,0.10843,0.59781,0.00675981818181818,0.00373524130163951,0.10482000551911,0.5850549204,0.971779064748148,1.43620929804068
"444","2024-3-4",2,4.372,99.4666,0.04455,40.3,25.8473,50.7707,0.1,3,4,2024,8.5,64,420,50,0.01932,50,0.00508,0.1096,0.59603,0.00948436363636364,0.00545984606277532,0.146713038495336,0.5763661776,0.960197237398436,1.91662445395504
"445","2024-3-4",2,4.998,99.5979,0.03509,40.3,30.5489,62.7301,0.4,3,4,2024,9.5,64,420,50,0.02272,50,0.00627,0.09757,0.63689,0.0111534545454545,0.0120295629114947,0.217351729173572,0.5924499956,0.95105433830368,3.00496369271907
"446","2024-3-4",2,5.055,99.6254,0.03282,40.3,44.8119,89.3826,0.5,3,4,2024,10,64,420,50,0.03309,50,0.00894,0.10161,0.63613,0.0162441818181818,0.0220615549663977,0.297231188971848,0.5938716725,0.930990617154702,4.04640184651473
"447","2024-3-4",2,5.439,99.6644,0.03021,40.3,49.9909,97.8711,0.6,3,4,2024,10.5,64,420,50,0.03678,50,0.00979,0.10654,0.62732,0.0180556363636364,0.025082761376672,0.306130476145706,0.6032630069,0.924689863862688,4.30434091291696
"448","2024-3-4",2,5.671,99.6991,0.02752,40.4,66.8776,128.95,0.5,3,4,2024,11,64,420,50,0.0488,50,0.0129,0.10896,0.62738,0.0239563636363636,0.0370622324110587,0.394457955533161,0.6087797349,0.901982644712369,5.5365311134486
"449","2024-3-4",2,5.805,99.7202,0.02583,40.4,77.0014,146.236,0.6,3,4,2024,11.5,64,420,50,0.05588,50,0.01462,0.10823,0.61237,0.027432,0.0436399225727051,0.439299849501443,0.6119121725,0.88959515657337,6.16187005659039
"450","2024-3-4",2,5.816,99.7266,0.02526,40.5,68.1765,130.854,0.3,3,4,2024,12,64,420,50,0.04959,50,0.01309,0.11434,0.60672,0.0243441818181818,0.0356222297763754,0.36887328541234,0.6121675584,0.900609790579085,5.2437266462224
"451","2024-3-4",2,6.278,99.7583,0.02306,40.6,54.7317,108.314,0.6,3,4,2024,12.5,64,420,50,0.03997,50,0.01083,0.11571,0.62404,0.0196216363636364,0.0299223942670937,0.310182595056919,0.6226533876,0.916996888372721,4.69343909766726
"452","2024-3-4",2,6.485,99.7661,0.02264,40.9,83.8107,157.657,0.3,3,4,2024,13,64,420,50,0.06043,50,0.01577,0.11953,0.62568,0.0296656363636364,0.0464093212569975,0.43838378350284,0.6271992525,0.881504122912265,6.50141046580639
"453","2024-3-4",2,6.685,99.7689,0.02268,41.8,97.7814,182.023,0.1,3,4,2024,13.5,64,420,50,0.07002,50,0.0182,0.1204,0.61883,0.0343734545454545,0.0533771190058963,0.496779532474982,0.6315018525,0.864487528690882,7.35972770798595
"454","2024-3-4",2,6.487,99.7862,0.02069,43.1,83.886,158.094,0.1,3,4,2024,14,64,420,50,0.06032,50,0.01581,0.12745,0.62166,0.0296116363636364,0.0407458316321828,0.409536286577048,0.6272427141,0.881196002933405,6.07259602612209
"455","2024-3-4",2,6.877,99.8131,0.01858,43.9,75.5543,143.306,0,3,4,2024,14.5,64,420,50,0.05444,50,0.01433,0.12797,0.61353,0.0267250909090909,0.0351415208409924,0.364855802721232,0.6355495581,0.891682813398319,5.67338940951825
"456","2024-3-4",2,6.638,99.8769,0.01204,44.4,16.5278,32.3397,0.1,3,4,2024,17,64,420,50,0.0121,50,0.00323,0.11288,0.59519,0.00594,0.00405532359402645,0.0904458368213608,0.6304986516,0.974460046352696,1.50390621199249
"457","2024-3-4",2,6.696,99.8982,0.01,44.5,10.1485,18.9014,0.1,3,4,2024,17.5,64,420,50,0.00743,50,0.00189,0.11288,0.59519,0.00364745454545455,0.00288767994243024,0.0529234153536755,0.6317359424,0.984992630070469,0.894246186541995
"458","2024-3-5",2,4.591,99.7708,0.01944,43.3,1.21353,2.59183,0,3,5,2024,6.5,65,420,50,0.00208,50,0.000259,0.10694,0.59899,0.00102109090909091,0.00232845320617436,0.00770418299969505,0.5820909909,0.997928684141525,0.107086627217544
"459","2024-3-5",2,3.947,99.7786,0.01795,43.2,7.01134,14.0749,0.2,3,5,2024,7,65,420,50,0.012,50,0.00141,0.10694,0.59899,0.00589090909090909,0.00220082812503235,0.0419416912338611,0.5649553101,0.988803235634483,0.53856241349116
"460","2024-3-5",2,2.175,99.9529,0.00337,42.8,4.94232,9.96858,0,3,5,2024,17.5,65,420,50,0.01266,50,0.000997,0.10694,0.59899,0.00621490909090909,0.00188460571524679,0.0296566426667798,0.5130963125,0.992056850864667,0.310037606048222
"461","2024-3-6",2,0.684,100.06,-0.00385,42.3,0.502,1.73613,0,3,6,2024,6.5,66,420,50,0.00185,50,0.000174,0.10694,0.59899,0.000908181818181818,0.00165399713537664,0.0051757831735403,0.4641093584,0.99861206008077,0.0447627782681723
"462","2024-3-6",2,0.656,100.06,-0.00384,42.3,4.7013,9.31212,0,3,6,2024,7,66,420,50,0.01711,50,0.000931,0.10694,0.59899,0.00839945454545455,0.00164994784032854,0.0276934145664714,0.4631426304,0.992577984206221,0.237135723694214
"463","2024-3-9",2,6.309,47.9496,4.97646,41.7,607.955,989.041,0,3,9,2024,10,69,420,50,0.49306,50,0.0989,0.10082,0.63374,0.242047636363636,0.197264610328582,3.30147605567371,0.6233401709,0.45328564015277,24.7660031379636
"464","2024-3-9",2,6.403,48.819,4.92524,41.7,634.762,1048.74,0,3,9,2024,10.5,69,420,50,0.50154,50,0.10487,0.10387,0.62968,0.246210545454545,0.200885388803098,3.37620236387971,0.6254097501,0.432145907033168,24.3594260958851
"465","2024-3-9",2,7.136,45.4976,5.51655,41.7,521.857,882.258,0,3,9,2024,11,69,420,50,0.46358,50,0.08823,0.10672,0.6241,0.227575636363636,0.202238098531675,2.74013575121203,0.6408812544,0.493710285713385,24.1425838053949
"466","2024-3-9",2,7.679,43.3339,5.95302,41.7,544.128,907.267,0,3,9,2024,11.5,69,420,50,0.47199,50,0.09073,0.10942,0.62102,0.231704181818182,0.209906388204423,2.73468445010278,0.6515802549,0.4839306827407,24.7488792271304
"467","2024-3-9",2,8.197,41.9906,6.3134,41.7,544.919,913.307,0,3,9,2024,12,69,420,50,0.47243,50,0.09133,0.11238,0.62273,0.231920181818182,0.21520442264175,2.6876434410243,0.6611821101,0.481597970054271,25.2587038231388
"468","2024-3-9",2,8.267,38.1624,6.76218,41.7,660.438,1115.54,0,3,9,2024,12.5,69,420,50,0.51009,50,0.11155,0.11608,0.62396,0.250407818181818,0.218350958468984,3.18431746213807,0.6624343821,0.409658251414932,25.5989837567932
"469","2024-3-9",2,8.782,34.076,7.46562,41.7,616.694,1047.11,0,3,9,2024,13,69,420,50,0.49711,50,0.10471,0.12158,0.62901,0.244035818181818,0.213467663810806,2.87694132314366,0.6713161236,0.432709792869601,25.4259041941621
"470","2024-3-9",2,8.775,32.9221,7.59269,41.7,348.308,602.217,0,3,9,2024,13.5,69,420,50,0.38203,50,0.06022,0.129,0.63249,0.187542,0.160607190736414,1.56802195116218,0.6711993125,0.61768689024745,19.7714858476145
"471","2024-3-9",2,8.606,34.4621,7.33384,41.7,194.712,347.025,0,3,9,2024,14,69,420,50,0.26909,50,0.0347,0.13967,0.63663,0.132098727272727,0.0971411820207648,0.839964391705715,0.6683464404,0.757584648990268,12.8235721004297
"472","2024-3-10",2,8.464,39.3345,6.72347,41.3,381.073,534.112,0,3,10,2024,8,70,420,50,0.39991,50,0.05341,0.09155,0.6464,0.196319454545455,0.156339618574166,2.00268668752213,0.6659007744,0.652274626140993,26.036196850819
"473","2024-3-10",2,8.361,38.3526,6.78463,41.3,500.353,736.499,0,3,10,2024,8.5,70,420,50,0.45986,50,0.07365,0.08913,0.64402,0.225749454545455,0.20460988540214,2.82615276194901,0.6640990469,0.554771367811254,30.9978300296377
"474","2024-3-10",2,8.503,38.1599,6.87183,41.3,606.624,926.564,0,3,10,2024,9,70,420,50,0.50227,50,0.09266,0.09282,0.64534,0.246568909090909,0.230272209343313,3.42126528241665,0.6665768901,0.476517323895486,32.5926744980009
"475","2024-3-10",2,8.68,37.5213,7.0267,41.3,698.431,1095.31,0,3,10,2024,9.5,70,420,50,0.53291,50,0.10953,0.0976,0.63798,0.261610363636364,0.238668306354868,3.80222460653495,0.66960336,0.416342100375076,32.0826400740867
"476","2024-3-10",2,8.972,34.3873,7.52658,41.3,777.033,1243.33,0,3,10,2024,10,70,420,50,0.55577,50,0.12433,0.10082,0.63374,0.272832545454545,0.245706807092505,4.15037935290104,0.6744455376,0.369847692493912,31.8004994005541
"477","2024-3-10",2,9.241,36.4632,7.42216,41.3,842.449,1374.41,0,3,10,2024,10.5,70,420,50,0.57291,50,0.13744,0.10387,0.62968,0.281246727272727,0.248696876898063,4.42476640499311,0.6787403109,0.333028235934595,31.1328452758856
"478","2024-3-10",2,9.842,37.4914,7.60364,41.3,886.517,1470.68,0,3,10,2024,11,70,420,50,0.58375,50,0.14707,0.10672,0.6241,0.286568181818182,0.252430689440111,4.56751405339174,0.6877605396,0.308342531096346,31.0214998862466
"479","2024-3-10",2,10.452,33.9458,8.37016,41.3,915.114,1546.77,0,3,10,2024,11.5,70,420,50,0.59062,50,0.15468,0.10942,0.62102,0.289940727272727,0.253286391731449,4.66219542314448,0.6961032656,0.290132953708206,30.9838349809452
"480","2024-3-10",2,10.668,33.7191,8.52092,41.3,924.788,1576.45,0,3,10,2024,12,70,420,50,0.59321,50,0.15765,0.11238,0.62273,0.291212181818182,0.250952426932063,4.63929692847347,0.6988611536,0.283325178597689,30.5043277912383
"481","2024-3-10",2,10.65,32.2274,8.70223,41.3,905.795,1549.88,0,3,10,2024,12.5,70,420,50,0.58946,50,0.15499,0.11608,0.62396,0.289371272727273,0.244182011538981,4.42436004891778,0.69863525,0.289412000157498,29.6841787930149
"482","2024-3-10",2,11.457,30.8936,9.36281,41.2,881.67,1524.37,0,3,10,2024,13,70,420,50,0.58437,50,0.15244,0.12158,0.62901,0.286872545454545,0.241538210441295,4.18833860471798,0.7080628661,0.295379000431037,30.0057080939259
"483","2024-3-10",2,11.686,29.7848,9.65842,41.2,826.547,1441.32,0,3,10,2024,13.5,70,420,50,0.57135,50,0.14413,0.129,0.63249,0.280480909090909,0.22930312849364,3.75288946896389,0.7104771444,0.31567060446375,29.0714821141561
"484","2024-3-10",2,11.522,31.9763,9.25591,41.2,755.105,1330.32,0,3,10,2024,14,70,420,50,0.55247,50,0.13303,0.13967,0.63663,0.271212545454545,0.209558130069353,3.22018625442684,0.7087598676,0.344984427724472,27.0351250205021
"485","2024-3-10",2,11.748,33.5167,9.18266,41.1,307.5,562.542,0,3,10,2024,16,70,420,50,0.35243,50,0.05625,0.14207,0.63408,0.173011090909091,0.132035924902132,1.33325013138922,0.7111109456,0.637606727675803,20.9252570721177
"486","2024-3-10",2,11.516,35.4341,8.78191,41.1,173.594,316.07,0,3,10,2024,16.5,70,420,50,0.23923,50,0.03161,0.11692,0.59313,0.117440181818182,0.09069596522251,0.851594825358734,0.7086959184,0.776579701249526,16.0891244159383
"487","2024-3-11",2,7.79,54.4671,4.81986,40.8,260.063,410.452,0,3,11,2024,8.5,71,420,50,0.35133,50,0.04105,0.08913,0.64402,0.172471090909091,0.139357746276586,1.57520123391727,0.65368749,0.720102583527075,21.4107759079295
"488","2024-3-11",2,8.648,52.3433,5.34812,40.8,481.405,737.473,0,3,11,2024,9,71,420,50,0.48549,50,0.07375,0.09282,0.64534,0.238331454545455,0.216453211651253,2.72305541310412,0.6690613056,0.554339258333172,30.5176072876541
"489","2024-3-11",2,9.356,49.8522,5.90373,40.8,627.91,983.082,0,3,11,2024,9.5,71,420,50,0.54404,50,0.09831,0.0976,0.63798,0.267074181818182,0.246880122760266,3.41273350742674,0.6805277904,0.455451702380237,33.1098707728394
"490","2024-3-11",2,9.449,51.6577,5.72697,40.8,694.386,1107.5,0,3,11,2024,10,71,420,50,0.56628,50,0.11075,0.10082,0.63374,0.277992,0.254937790533278,3.69705230703603,0.6819520389,0.412301665394089,32.683751554648
"491","2024-3-11",2,10.194,52.0141,5.97654,40.8,777.359,1254.07,0,3,11,2024,10.5,71,420,50,0.5903,50,0.12541,0.10387,0.62968,0.289783636363636,0.267353185093168,4.03747056788552,0.6926746004,0.366683573639832,33.3681118481391
"492","2024-3-11",2,10.786,49.1861,6.58413,40.8,856.128,1408.53,0,3,11,2024,11,71,420,50,0.61024,50,0.14085,0.10672,0.6241,0.299572363636364,0.269710335450946,4.37434116012937,0.7003244244,0.324060840985168,33.1273831463822
"493","2024-3-11",2,10.902,48.9002,6.67254,40.8,906.931,1520.41,0,3,11,2024,11.5,71,420,50,0.62215,50,0.15204,0.10942,0.62102,0.305419090909091,0.263928716916065,4.58262342988677,0.7017330356,0.2963162449158,31.9474648349633
"494","2024-3-11",2,10.181,52.3258,5.93255,40.8,914.316,1540.38,0,3,11,2024,12,71,420,50,0.62457,50,0.15404,0.11238,0.62273,0.306607090909091,0.251172927782133,4.53306247295942,0.6924979629,0.291619910791705,29.7700373941141
"495","2024-3-11",2,11.505,49.2335,6.89996,40.8,878.121,1479.62,0,3,11,2024,12.5,71,420,50,0.61796,50,0.14796,0.11608,0.62396,0.303362181818182,0.260876771823365,4.22368096546794,0.7085784725,0.306145132577653,31.4401630001836
"496","2024-3-11",2,11.755,47.0798,7.31272,40.8,861.695,1469.17,0,3,11,2024,13,71,420,50,0.61539,50,0.14692,0.12158,0.62901,0.302100545454545,0.25165035867622,4.03667480848312,0.7111819725,0.308715233941106,30.6858577107073
"497","2024-3-11",2,12.493,43.1124,8.25293,40.8,818.754,1408.7,0,3,11,2024,13.5,71,420,50,0.60677,50,0.14087,0.129,0.63249,0.297868909090909,0.240516609343893,3.66800485320851,0.7180654461,0.324016771707572,30.2700483500477
"498","2024-3-11",2,12.595,42.4075,8.41138,40.8,745.291,1288.47,0,3,11,2024,14,71,420,50,0.58986,50,0.12885,0.13967,0.63663,0.289567636363636,0.219875121881549,3.11900322395624,0.7189225725,0.356730030630459,28.4584763403752
"499","2024-3-12",2,10.849,30.573,9.03374,40.5,388.634,583.266,0,3,12,2024,8.5,72,420,50,0.52042,50,0.05833,0.08913,0.64402,0.255478909090909,0.207881800443486,2.23828228926661,0.7010931189,0.627122865381586,32.923597652793
"500","2024-3-12",2,10.864,33.2939,8.68838,40.4,510.141,782.761,0,3,12,2024,9,72,420,50,0.57147,50,0.07828,0.09282,0.64534,0.280539818181818,0.247499274944796,2.89031563034292,0.7012748544,0.534614795407987,36.2746081994375
"501","2024-3-12",2,11.301,32.8859,8.99927,40.4,550.513,867.146,0,3,12,2024,9.5,72,420,50,0.58605,50,0.08671,0.0976,0.63798,0.287697272727273,0.258671750461285,3.01005108767137,0.7063521389,0.49971527138115,36.1818618579172
"502","2024-3-12",2,10.924,35.9381,8.37738,40.4,453.564,730.638,0,3,12,2024,10,72,420,50,0.55386,50,0.07306,0.10082,0.63374,0.271894909090909,0.240641283673121,2.43888615396887,0.7019968464,0.557378687624426,32.0225703145703
"503","2024-3-12",2,11.492,31.376,9.31904,40.4,550.042,888.233,0,3,12,2024,10.5,72,420,50,0.58882,50,0.08882,0.10387,0.62968,0.289057090909091,0.262367736312652,2.85948597272619,0.7084393296,0.49135598181666,34.1395617103191
"504","2024-3-12",2,12.008,31.1845,9.66947,40.4,775.615,1266.37,0,3,12,2024,11,72,420,50,0.64364,50,0.12664,0.10672,0.6241,0.315968727272727,0.278846414245332,3.93302495221004,0.7136767296,0.363093101369542,35.595048543043
"505","2024-3-12",2,12.208,31.3063,9.7805,40.4,779.373,1291.3,0,3,12,2024,11.5,72,420,50,0.64542,50,0.12913,0.10942,0.62102,0.316842545454545,0.276741417434145,3.89209526112391,0.7155492096,0.355923307396397,34.8475501036298
"506","2024-3-12",2,12.751,29.9669,10.33361,40.4,805.967,1346.89,0,3,12,2024,12,72,420,50,0.27721,50,0.13469,0.11238,0.62273,0.136084909090909,0.274746283643289,3.96363402027333,0.7201891989,0.340441491257578,34.7310697665513
"507","2024-3-12",2,12.997,31.9091,10.21032,40.4,831.622,1395.02,0,3,12,2024,12.5,72,420,50,0.38758,50,0.1395,0.11608,0.62396,0.190266545454545,0.268383735152441,3.98218095892658,0.7220777901,0.32758228616518,33.8923851874047
"508","2024-3-12",2,13.029,34.3287,9.86815,40.4,832.568,1405.8,0,3,12,2024,13,72,420,50,0.65771,50,0.14058,0.12158,0.62901,0.322875818181818,0.25806107380713,3.86248124541626,0.7223136749,0.324769363286603,32.629677509148
"509","2024-3-12",2,13.138,34.1944,9.9591,40.4,773.222,1318.62,0,3,12,2024,13.5,72,420,50,0.6487,50,0.13186,0.129,0.63249,0.318452727272727,0.242582130617354,3.4334004397251,0.7231002516,0.348228641201727,31.2223004185614
"510","2024-3-12",2,13.269,34.0457,10.06744,40.3,697.923,1192.33,0,3,12,2024,14,72,420,50,0.5442,50,0.11923,0.13967,0.63663,0.267152727272727,0.220108370103997,2.88613701507413,0.7240110029,0.385249539542507,29.1683908642109
"511","2024-3-13",2,11.373,45.4613,7.34807,40.1,287.294,454.199,0,3,13,2024,8.5,73,420,50,0.50388,50,0.04542,0.08913,0.64402,0.247359272727273,0.184054196451074,1.74289013506754,0.7071483581,0.695336623720704,29.2636160667662
"512","2024-3-13",2,11.247,43.6945,7.52293,40.1,434.47,690.148,0,3,13,2024,9,73,420,50,0.58497,50,0.06901,0.09282,0.64534,0.287167090909091,0.241305471197759,2.54804141096021,0.7057474901,0.575728893553863,35.1846855296889
"513","2024-3-13",2,11.503,44.1704,7.58711,40.1,479.835,777.337,0,3,13,2024,9.5,73,420,50,0.60324,50,0.07773,0.0976,0.63798,0.296136,0.254516798178415,2.69831935237799,0.7085570901,0.536939636255122,35.2241211412419
"514","2024-3-13",2,11.804,44.6478,7.6736,40,444.657,726.172,0,3,13,2024,10,73,420,50,0.58923,50,0.07262,0.10082,0.63374,0.289258363636364,0.250962604274241,2.42419809062715,0.7116761424,0.559373651881593,33.4712504973594
"515","2024-3-13",2,11.703,45.9045,7.44945,40,433.642,726.125,0,3,13,2024,10.5,73,420,50,0.58447,50,0.07261,0.10387,0.62968,0.286921636363636,0.249901808706508,2.33761851474498,0.7106517701,0.559394684726319,32.116483399732
"516","2024-3-13",2,12.922,44.0636,8.34664,40,790.734,1303.9,0,3,13,2024,11,73,420,50,0.68695,50,0.13039,0.10672,0.6241,0.33723,0.291471347809477,4.04948770940198,0.7215161076,0.352353621897943,36.9678995746381
"517","2024-3-13",2,13.035,44.2117,8.38637,40,784.808,1304.73,0,3,13,2024,11.5,73,420,50,0.68647,50,0.13047,0.10942,0.62102,0.336994363636364,0.288654679532837,3.9324840758835,0.7223576525,0.352119736751465,36.0266525721362
"518","2024-3-13",2,12.451,46.3704,7.75882,40,253.415,440.704,0,3,13,2024,12,73,420,50,0.47437,50,0.04407,0.11238,0.62273,0.232872545454545,0.182596560068027,1.29688433642769,0.7177058589,0.702884146128909,23.1755270538346
"519","2024-3-14",2,9.268,83.5025,1.9307,39.8,304.77,500.9,0,3,14,2024,9.5,74,420,50,0.49707,50,0.05009,0.0976,0.63798,0.244016181818182,0.182707350409194,1.73882434530572,0.6791625936,0.669837589307758,24.6555098991008
"520","2024-3-14",2,9.432,79.0454,2.47959,39.8,398.038,655.094,0,3,14,2024,10,74,420,50,0.56167,50,0.06551,0.10082,0.63374,0.275728909090909,0.216969218342613,2.18685233980976,0.6816931136,0.592102687811134,27.7306062696036
"521","2024-3-14",2,9.527,77.3946,2.69211,39.8,478.053,804.176,0,3,14,2024,10.5,74,420,50,0.60548,50,0.08042,0.10387,0.62968,0.297235636363636,0.238772117512718,2.58905496427201,0.6831318981,0.525533784779504,29.3337747867141
"522","2024-3-14",2,10.718,73.062,3.47466,39.8,561.07,950.123,0,3,14,2024,11,74,420,50,0.64303,50,0.09501,0.10672,0.6241,0.315669272727273,0.265449757786396,2.95070041621506,0.6994849236,0.467620410897521,32.116681928382
"523","2024-3-14",2,10.42,74.4049,3.23639,39.8,380.655,642.856,0,3,14,2024,11.5,74,420,50,0.55033,50,0.06429,0.10942,0.62102,0.270162,0.220972174613849,1.93775888126428,0.69568596,0.597928079894021,26.4874368525894
"524","2024-3-14",2,10.416,75.5882,3.08594,39.8,352.647,609.692,0,3,14,2024,12.5,74,420,50,0.53103,50,0.06097,0.11608,0.62396,0.260687454545455,0.205540302023651,1.74045572090146,0.6956336384,0.614004145026678,24.4240794402606
"525","2024-3-14",2,10.997,72.1031,3.66585,39.8,620.685,1074.69,0,3,14,2024,13,74,420,50,0.66739,50,0.10747,0.12158,0.62901,0.327627818181818,0.249457986997328,2.9527732212611,0.7028645901,0.42326703952832,29.5639050225306
"526","2024-3-15",2,9.887,78.5985,2.61119,39.6,488.162,722.481,0,3,15,2024,8.5,75,420,50,0.62063,50,0.07225,0.08913,0.64402,0.304672909090909,0.229750170474905,2.77243091718691,0.6884039541,0.561027811400094,34.3634328256517
"527","2024-3-15",2,9.927,79.2768,2.53523,39.6,594.107,909.932,0,3,15,2024,9,75,420,50,0.67527,50,0.09099,0.09282,0.64534,0.331496181818182,0.257642817261332,3.35960423102839,0.6889721381,0.482900041578967,35.9374888178683
"528","2024-3-15",2,11.094,74.8672,3.32401,39.6,688.43,1085.96,0,3,15,2024,9.5,75,420,50,0.71521,50,0.1086,0.0976,0.63798,0.351103090909091,0.280686435004358,3.76994058495111,0.7039994804,0.419468015634281,37.6108563988254
"529","2024-3-15",2,11.576,71.7974,3.85125,39.6,762.405,1232.47,0,3,15,2024,10,75,420,50,0.74231,50,0.12325,0.10082,0.63374,0.364406727272727,0.290206425352852,4.11432683378953,0.7093318464,0.373074928057942,37.4581960846546
"530","2024-3-15",2,11.811,70.44,4.09987,39.6,821.917,1352.25,0,3,15,2024,10.5,75,420,50,0.76199,50,0.13523,0.10387,0.62968,0.374067818181818,0.290912602398045,4.35361729443552,0.7117463069,0.338984803513591,36.4402058232216
"531","2024-3-16",2,11.219,85.8128,1.89202,39.3,326.735,548.316,0,3,16,2024,9.5,76,420,50,0.54967,50,0.05483,0.0976,0.63798,0.269838,0.215285091844499,1.90336871337817,0.7054314429,0.644904651658424,29.3959067996763
"532","2024-3-16",2,12.119,83.8825,2.28136,39.3,217.297,374.878,0,3,16,2024,10,76,420,50,0.43484,50,0.03749,0.10082,0.63374,0.213466909090909,0.170426759551153,1.2514897606391,0.7147268229,0.740890528068599,23.2306031256623
"533","2024-3-16",2,12.961,80.6292,2.89784,39.3,337.881,573.441,0,3,16,2024,11,76,420,50,0.56192,50,0.05734,0.10672,0.6241,0.275851636363636,0.231407829408003,1.78079319930293,0.7218097269,0.632071473657114,29.2052190664235
"534","2024-3-16",2,13.306,76.8641,3.54007,39.2,404.672,678.427,0,3,16,2024,11.5,76,420,50,0.61545,50,0.06784,0.10942,0.62102,0.30213,0.252081868343313,2.04475909947066,0.7242614004,0.581152777841119,31.2126212183446
"535","2024-3-16",2,13.963,73.8058,4.18327,39.3,445.929,754.443,0,3,16,2024,12,76,420,50,0.64455,50,0.07544,0.11238,0.62273,0.316415454545454,0.263198196169497,2.22003526980043,0.7282060941,0.546864402687976,32.5277574522027
"536","2024-3-16",2,14.243,74.2605,4.18602,39.3,431.7,730.312,0,3,16,2024,12.5,76,420,50,0.63604,50,0.07303,0.11608,0.62396,0.312237818181818,0.252339957077741,2.08472168767318,0.7295986461,0.557524070943319,31.360780642396
"537","2024-3-17",2,5.466,69.5455,2.74623,41.6,7.36566,14.2765,0,3,17,2024,17.5,77,420,50,0.01705,50,0.00143,0.12517,0.58634,0.00837,0.00251378766769879,0.0355740033605395,0.6039111284,0.988643774307947,0.536232298980967
"538","2024-3-18",2,6.549,41.4279,5.69362,41,6.44479,19.8344,0,3,18,2024,7,78,420,50,0.01198,50,0.00198,0.12622,0.64623,0.00588109090909091,0.00282038611005155,0.0538358486743828,0.6285856589,0.984257705879212,0.896780563592765
"539","2024-3-18",2,6.309,45.0185,5.25669,41,6.61574,24.7744,0.4,3,18,2024,7.5,78,420,50,0.01218,50,0.00248,0.10884,0.64831,0.00597927272727273,0.0033977546793308,0.0784500639750976,0.6233401709,0.980375595528295,1.27280421434322
"540","2024-3-18",2,6.323,55.0015,4.3064,40.9,64.8136,130.242,0.1,3,18,2024,9,78,420,50,0.10366,50,0.01302,0.09282,0.64534,0.0508876363636364,0.0432938197437232,0.480734664116822,0.6236496381,0.901050837091929,7.17799365125354
"541","2024-3-19",2,6.066,54.2788,4.2984,40.7,348.163,491.519,0,3,19,2024,8,79,420,50,0.27258,50,0.04915,0.09155,0.6464,0.133812,0.12670206189603,1.84295170739024,0.6179000084,0.674883497029173,20.1133280275783
"542","2024-3-19",2,5.944,53.8568,4.30154,40.7,468.887,683.231,0,3,19,2024,8.5,79,420,50,0.34113,50,0.06832,0.08913,0.64402,0.167463818181818,0.168244473066019,2.62162602439045,0.6151197504,0.578923577859812,24.2563819826886
"543","2024-3-19",2,6.184,49.4927,4.78733,40.7,591.042,883.252,0,3,19,2024,9,79,420,50,0.4026,50,0.08833,0.09282,0.64534,0.19764,0.195139034937291,3.26138962223033,0.6205579584,0.49331784334995,26.312760356183
"544","2024-3-19",2,6.693,42.9178,5.60419,40.7,701.615,1071.11,0,3,19,2024,9.5,79,420,50,0.45248,50,0.10711,0.0976,0.63798,0.222126545454545,0.210380978848664,3.71821672241357,0.6316721261,0.424481013911043,27.0676216138508
"545","2024-3-19",2,7.354,34.825,6.69623,40.7,786.7,1227.8,0,3,19,2024,10,79,420,50,0.48731,50,0.12278,0.10082,0.63374,0.239224909090909,0.224073346136125,4.0986373115836,0.6452545524,0.374471342867804,27.9172299457888
"546","2024-3-19",2,7.661,35.1279,6.80672,40.7,864.087,1372.59,0,3,19,2024,10.5,79,420,50,0.51682,50,0.13726,0.10387,0.62968,0.253711636363636,0.227775152446087,4.41897145481195,0.6512359869,0.333513478216774,27.5195489164306
"547","2024-3-19",2,8.128,36.0074,6.93192,40.7,906.498,1467.88,0,3,19,2024,11,79,420,50,0.53125,50,0.14679,0.10672,0.6241,0.260795454545455,0.230902489464203,4.55881816752141,0.6599371776,0.309033992513666,27.3402173695253
"548","2024-3-19",2,8.629,34.6974,7.31893,40.6,935.459,1545.07,0,3,19,2024,11.5,79,420,50,0.54013,50,0.15451,0.10942,0.62102,0.265154727272727,0.232979074004928,4.65707146903318,0.6687383949,0.290527802961883,27.3140285674723
"549","2024-3-19",2,8.874,33.3774,7.5919,40.6,951.155,1583.67,0,3,19,2024,12,79,420,50,0.54384,50,0.15837,0.11238,0.62273,0.266976,0.231562390654949,4.66048496392225,0.6728413364,0.281693409452013,26.9998926035548
"550","2024-3-19",2,9.302,33.9333,7.74953,40.6,933.011,1568.32,0,3,19,2024,12.5,79,420,50,0.53464,50,0.15683,0.11608,0.62396,0.262459636363636,0.231751621164284,4.47688487303553,0.6796920756,0.285173931185545,27.0913266126869
"551","2024-3-19",2,9.722,33.4616,8.02882,40.6,895.808,1525.22,0,3,19,2024,13,79,420,50,0.52014,50,0.15252,0.12158,0.62901,0.255341454545455,0.228531636192179,4.19053663075038,0.6860229876,0.295178210986892,27.0268078124685
"552","2024-3-19",2,10.223,32.3,8.44828,40.6,850.75,1461.64,0,3,19,2024,13.5,79,420,50,0.50204,50,0.14616,0.129,0.63249,0.246456,0.220552151745721,3.80574706711831,0.6930672981,0.310580547193089,26.689867460869
"553","2024-3-19",2,10.682,31.2677,8.84432,40.6,784.234,1356.6,0,3,19,2024,14,79,420,50,0.47417,50,0.13566,0.13967,0.63663,0.232774363636364,0.206179140854857,3.28384926163681,0.6990363636,0.337807186639176,25.7654564557251
"554","2024-3-19",2,10.928,27.5192,9.48085,40.6,707.301,1231.04,0,3,19,2024,14.5,79,420,50,0.44015,50,0.1231,0.15603,0.63973,0.216073636363636,0.180389416079352,2.68036597083284,0.7020446976,0.373501969997056,23.58851697964
"555","2024-3-19",2,11.105,23.3754,10.14161,40.6,610.642,1069.69,0,3,19,2024,15,79,420,50,0.39444,50,0.10697,0.16078,0.64444,0.193634181818182,0.167472892092836,2.2769835563928,0.7041268725,0.424963498342116,23.0280370529509
"556","2024-3-19",2,11.061,22.7819,10.1903,40.6,503.678,894.82,0,3,19,2024,15.5,79,420,50,0.33959,50,0.08948,0.16295,0.64701,0.166707818181818,0.151428191312365,1.88681811647333,0.7036157069,0.488773542521842,21.8936448131047
"557","2024-3-19",2,11.207,23.5394,10.18873,40.5,393.453,713.178,0,3,19,2024,16,79,420,50,0.27778,50,0.07132,0.14207,0.63408,0.136364727272727,0.149807757657323,1.69044265547874,0.7052954661,0.565218780874707,22.8665845601387
"558","2024-3-19",2,10.983,24.3156,9.9362,40.5,280.077,521.035,0,3,19,2024,16.5,79,420,50,0.20778,50,0.0521,0.11692,0.59313,0.102001090909091,0.134239958036824,1.40360931354603,0.7026990821,0.659134281291147,21.8672050390284
"559","2024-3-19",2,10.614,25.6886,9.51893,40.5,165.18,319.829,0,3,19,2024,17,79,420,50,0.12917,50,0.03198,0.13317,0.61634,0.0634107272727273,0.0744758282740512,0.786031313422857,0.6981813044,0.774247878657649,14.078032034241
"560","2024-3-20",2,9.54,24.4976,8.99955,40.3,303.195,394.288,0,3,20,2024,7.5,80,420,50,0.22019,50,0.03943,0.10884,0.64831,0.108093272727273,0.103473749491803,1.24729275102343,0.68332724,0.729474840722438,19.6334555101297
"561","2024-3-20",2,10.097,26.9513,9.03911,40.3,417.592,580.763,0,3,20,2024,8,80,420,50,0.28922,50,0.05808,0.09155,0.6464,0.141980727272727,0.183965710808074,2.17779522207986,0.6913476501,0.62837987430455,30.6525218679441
"562","2024-3-20",2,10.555,32.1782,8.65349,40.3,528.026,773.722,0,3,20,2024,8.5,80,420,50,0.35011,50,0.07737,0.08913,0.64402,0.171872181818182,0.241648788909809,2.96889937803116,0.6974311725,0.538494713240648,36.8514087875284
"563","2024-3-20",2,11.634,35.4371,8.85041,40.3,639.964,966.651,0,3,20,2024,9,80,420,50,0.4068,50,0.09667,0.09282,0.64534,0.199701818181818,0.27932417572865,3.56932565131899,0.7099390484,0.461478044677871,40.315218097368
"564","2024-3-20",2,11.238,33.0036,8.94599,40.3,733.69,1139.13,0,3,20,2024,9.5,80,420,50,0.45083,50,0.11391,0.0976,0.63798,0.221316545454545,0.278852826794837,3.9542719339943,0.7056460916,0.401999674526104,38.1074042852478
"565","2024-3-20",2,12.303,32.5589,9.66243,40.3,809.642,1281.04,0,3,20,2024,10,80,420,50,0.48445,50,0.1281,0.10082,0.63374,0.237820909090909,0.290405596755157,4.27622935016989,0.7164078101,0.358856748275759,38.7657466413243
"566","2024-3-20",2,12.847,27.3758,10.78361,40.3,869.517,1398.62,0,3,20,2024,10.5,80,420,50,0.50977,50,0.13986,0.10387,0.62968,0.250250727272727,0.286668392035039,4.50267629076205,0.7209420501,0.326640206427013,37.9967389140883
"567","2024-3-20",2,12.956,23.08,11.50333,40.2,904.039,1480.95,0,3,20,2024,11,80,420,50,0.52393,50,0.1481,0.10672,0.6241,0.257202,0.276472468454677,4.59950249070046,0.7217722704,0.305819567387986,36.4901718902239
"568","2024-3-20",2,12.749,20.6232,11.71077,40.2,936.914,1558.92,0,3,20,2024,11.5,80,420,50,0.53713,50,0.15589,0.10942,0.62102,0.263682,0.265974637020367,4.69866592005426,0.7201732989,0.287326522748186,34.7454665209837
"569","2024-3-20",2,12.621,19.8276,11.72919,40.2,939.587,1577.12,0,3,20,2024,12,80,420,50,0.53821,50,0.15771,0.11238,0.62273,0.264212181818182,0.260083443354486,4.6410625980942,0.7191373949,0.283173356993785,33.6502091797088
"570","2024-3-20",2,12.948,22.421,11.59581,40.2,915.35,1552.5,0,3,20,2024,12.5,80,420,50,0.52854,50,0.15525,0.11608,0.62396,0.259465090909091,0.258502243207268,4.43178203493442,0.7217122256,0.288806027885956,33.1936171635513
"571","2024-3-20",2,13.805,24.5607,11.92471,40.2,871.619,1496.67,0,3,20,2024,13,80,420,50,0.51066,50,0.14967,0.12158,0.62901,0.250687636363636,0.253354145168553,4.1122319533465,0.7273441725,0.301997663014437,33.1288503313775
"572","2024-3-20",2,13.311,26.9602,11.17962,40.2,820.615,1418.64,0,3,20,2024,13.5,80,420,50,0.4891,50,0.14186,0.129,0.63249,0.240103636363636,0.24071084285641,3.69378269664343,0.7242950069,0.321450407725652,31.1929309180397
"573","2024-3-20",2,13.596,26.7615,11.42038,40.1,760.251,1322.9,0,3,20,2024,14,80,420,50,0.46257,50,0.13229,0.13967,0.63663,0.227079818181818,0.220396155655809,3.20227346912821,0.7261196624,0.347038345283761,29.4634245465747
"574","2024-3-20",2,13.66,26.8071,11.46095,40.1,688.198,1203.96,0,3,20,2024,14.5,80,420,50,0.42939,50,0.1204,0.15603,0.63973,0.210791454545455,0.191573963140803,2.62157646537997,0.72650484,0.381681800684337,26.5798697785633
"575","2024-3-20",2,13.978,25.8376,11.85544,40.1,604.043,1062.87,0,3,20,2024,15,80,420,50,0.38841,50,0.10629,0.16078,0.64444,0.190674,0.177602132726063,2.26250894838731,0.7282850676,0.427288435851216,25.91190507554
"576","2024-3-20",2,13.759,24.2288,11.94138,40.1,503.565,894.756,0,3,20,2024,15.5,80,420,50,0.33604,50,0.08948,0.16295,0.64701,0.164965090909091,0.16040955789408,1.88681811647333,0.7270829109,0.488798568367875,24.5704533377124
"577","2024-3-20",2,13.708,23.5725,12.0049,40.1,390.919,705.193,0,3,20,2024,16,80,420,50,0.27238,50,0.07052,0.14207,0.63408,0.133713818181818,0.156471661809919,1.67148087583231,0.7267878096,0.568840955354864,25.2929700800298
"578","2024-3-20",2,13.545,25.1527,11.63252,40.1,274.892,506.825,0,3,20,2024,16.5,80,420,50,0.20063,50,0.05068,0.11692,0.59313,0.0984910909090909,0.139708711721787,1.36535355106551,0.7258062725,0.666670072080807,24.0945758226251
"579","2024-3-20",2,13.311,27.6183,11.07889,40,162.198,308.725,0,3,20,2024,17,80,420,50,0.12409,50,0.03087,0.13317,0.61634,0.0609169090909091,0.0766146182163106,0.75874880066803,0.7242950069,0.781156316501476,15.5706530018071
"580","2024-3-21",2,11.331,28.0077,9.67262,39.8,685.682,1071.19,0,3,21,2024,9.5,81,420,50,0.41904,50,0.15942,0.06967,0.52751,0.205710545454545,0.424954301212903,6.4102523278579,0.7066852829,0.424453847995472,65.5537880919782
"581","2024-3-21",2,11.859,29.4973,9.80954,39.8,625.909,995.832,0,3,21,2024,10,81,420,50,0.38956,50,0.09432,0.07751,0.51896,0.191238545454545,0.280976901933308,3.35372442603252,0.7122245309,0.450829707263682,37.4199374557525
"582","2024-3-21",2,11.973,31.582,9.59143,39.8,767.923,1240.3,0,3,21,2024,10.5,81,420,50,0.45636,50,0.07125,0.07729,0.5173,0.224031272727273,0.175521205820724,2.53251177691903,0.7133399981,0.370745290750097,23.3645054989552
"583","2024-3-21",2,12.324,29.9186,10.0546,39.8,599.405,980.009,0,3,21,2024,11,81,420,50,0.37483,50,0.05239,0.08381,0.51075,0.184007454545455,0.146469587681148,1.6955412771574,0.7165949264,0.456572762287592,19.5742204130793
"584","2024-3-21",2,12.688,30.1851,10.25892,39.8,782.622,1297.13,0,3,21,2024,11.5,81,420,50,0.45711,50,0.08259,0.08137,0.51107,0.224399454545455,0.194881992880014,2.75480569680264,0.7196841216,0.354267146260659,25.0562499881596
"585","2024-3-21",2,13.807,30.3298,11.01422,39.7,742.371,1261.19,0,3,21,2024,13,81,420,50,0.41879,50,0.14514,0.08454,0.51169,0.205587818181818,0.361285944952019,4.6652963756294,0.7273554261,0.364600881143584,45.3781489933665
"586","2024-3-21",2,14.074,29.3787,11.35995,39.7,818.975,1416.53,0,3,21,2024,13.5,81,420,50,0.43631,50,0.13026,0.08354,0.50373,0.214188545454545,0.278054046238797,4.17120806083339,0.7287787764,0.321993474233076,36.0895086070353
"587","2024-3-21",2,14.372,28.4983,11.72592,39.6,769.66,1344.43,0,3,21,2024,14,81,420,50,0.40327,50,0.13647,0.09001,0.51828,0.197968909090909,0.288890516542145,4.17309540645416,0.7301821776,0.3411121398141,38.5226438015766
"588","2024-3-21",2,14.729,23.7974,12.78866,39.6,711.061,1248.11,0,3,21,2024,14.5,81,420,50,0.34389,50,0.14683,0.09493,0.52674,0.168818727272727,0.306996229869984,4.32668274045119,0.7316062149,0.368436095611201,43.4532389225085
"589","2024-3-21",2,14.648,21.1446,13.16481,39.6,621.245,1096.99,0,3,21,2024,15,81,420,50,0.29951,50,0.15863,0.10281,0.53618,0.147032181818182,0.332554230734268,4.3934734805057,0.7313077056,0.415782912450631,49.7186793256155
"590","2024-3-21",2,14.64,23.5333,12.75942,39.6,395.32,717.552,0,3,21,2024,16,81,420,50,0.21986,50,0.13601,0.13079,0.55207,0.107931272727273,0.291513808980259,3.04886280776064,0.73127744,0.563244423666609,46.7318345710207
"591","2024-3-21",2,14.034,32.2176,10.87502,39.6,275.629,508.633,0,3,21,2024,16.5,81,420,50,0.18487,50,0.11254,0.15441,0.56241,0.0907543636363636,0.23840901447914,2.17686730087567,0.7285755284,0.665706497513666,38.8991696193771
"592","2024-3-22",2,14.991,63.0164,6.31252,39.4,845.195,1396.54,0,3,22,2024,10.5,82,420,50,0.47001,50,0.17827,0.07371,0.5131,0.230732181818182,0.466588493909996,6.5902410771538,0.7324729109,0.327184188197822,59.0360664401844
"593","2024-3-22",2,15.406,60.4001,6.94193,39.4,887.625,1486.41,0,3,22,2024,11,82,420,50,0.48804,50,0.16303,0.07572,0.51035,0.239583272727273,0.388240693962931,5.83542479252359,0.7335366804,0.304486660705088,48.9130955821127
"594","2024-3-22",2,16.2,57.2854,7.87835,39.3,913.7,1554.19,0,3,22,2024,11.5,82,420,50,0.49878,50,0.16762,0.07768,0.50863,0.244855636363636,0.367544996858969,5.82862380105973,0.734516,0.288415825972185,46.5101800516608
"595","2024-3-22",2,17.023,55.4546,8.65752,39.3,923.614,1581.89,0,3,22,2024,12,82,420,50,0.50257,50,0.13333,0.07929,0.508,0.246716181818182,0.268344315437863,4.53649678452073,0.7340672181,0.282094826608256,35.3247975967973
"596","2024-3-22",2,17.078,57.981,8.19502,39.3,891.454,1538.84,0,3,22,2024,12.5,82,420,50,0.48843,50,0.11894,0.08126,0.50913,0.239774727272727,0.240295830948112,3.95755754263097,0.7339841076,0.291979407926565,31.8829527231282
"597","2024-3-22",2,17.468,57.4387,8.50813,39.3,860.389,1495.6,0,3,22,2024,13,82,420,50,0.47453,50,0.12245,0.08361,0.50982,0.232951090909091,0.24559726335931,3.96519790917868,0.7332038736,0.302256283687834,32.9371060196166
"598","2024-3-22",2,17.759,56.6888,8.81847,39.3,823.843,1443.02,0,3,22,2024,13.5,82,420,50,0.45799,50,0.13648,0.08653,0.51252,0.224831454545455,0.274829079089482,4.29299676706161,0.7324037109,0.315241584241557,37.0403014372596
"599","2024-3-22",2,18.189,55.7533,9.25598,39.3,758.595,1335.46,0,3,22,2024,14,82,420,50,0.42806,50,0.12837,0.09126,0.5189,0.210138545454545,0.258687084422549,3.87627143937603,0.7308803069,0.343568764356287,36.1683449166463
"600","2024-3-22",2,18.129,55.8171,9.20787,39.2,663.542,1170.59,0,3,22,2024,14.5,82,420,50,0.38291,50,0.15759,0.09355,0.52674,0.187974,0.3639884952883,4.71225297114524,0.7311172949,0.392008404253226,50.2282634656657
"601","2024-3-22",2,18.336,55.7455,9.34343,39.2,584.431,1036.91,0,3,22,2024,15,82,420,50,0.34429,50,0.12965,0.10397,0.53556,0.169015090909091,0.285052605649611,3.54666397681383,0.7302662144,0.436255150164724,41.8896249372747
"602","2024-3-23",2,14.387,99.7815,0.03587,39,49.7752,92.534,0,3,23,2024,10,83,420,50,0.03596,50,0.02719,0.04682,0.15068,0.0176530909090909,0.0689937955164008,0.464708743273635,0.7302476541,0.928646434314746,11.6825104831898
"603","2024-3-30",2,20.685,35.5486,15.74665,40.4,690.835,1062.16,0,3,30,2024,9,90,420,50,0.43746,50,0.20289,0.06838,0.5523,0.214753090909091,0.445231466694799,8.70270020028211,0.7140038525,0.427531204622583,92.888556359743
"604","2024-3-30",2,20.769,40.9014,14.51372,40.4,841.84,1355.97,0,3,30,2024,10,90,420,50,0.50511,50,0.22031,0.07586,0.53566,0.247963090909091,0.429188283292288,8.2614831787772,0.7131975029,0.337977484372666,69.4340787509136
"605","2024-3-30",2,21.132,42.9094,14.33686,40.4,895.569,1467.24,0,3,30,2024,10.5,90,420,50,0.52766,50,0.24517,0.07822,0.53154,0.259033090909091,0.427855258933102,8.84775119262988,0.7095344336,0.309192258430451,66.8252102130247
"606","2024-3-30",2,21.493,44.631,14.21554,40.3,939.459,1558.28,0,3,30,2024,11,90,420,50,0.54556,50,0.23113,0.08014,0.52959,0.267820363636364,0.362131038508998,8.11136960370156,0.7056040461,0.287473671594723,55.8883762903762
"607","2024-3-30",2,21.619,43.911,14.5118,40.3,963.968,1623.56,0,3,30,2024,11.5,90,420,50,0.5552,50,0.21341,0.08233,0.52674,0.272552727272727,0.301839086870572,7.25104138154779,0.7041647229,0.272845930568066,47.0914613744735
"608","2024-3-30",2,22.249,42.8848,15.35608,40.3,961.521,1632.08,0,3,30,2024,12,90,420,50,0.55372,50,0.2047,0.08405,0.52609,0.271826181818182,0.258875585575771,6.80436505423062,0.6964441989,0.270992536248544,42.3050997518979
"609","2024-3-30",2,23.102,41.4645,16.57329,40.3,915.447,1565.96,0,3,30,2024,12.5,90,420,50,0.5339,50,0.19657,0.08437,0.52728,0.262096363636364,0.228493383156882,6.52405961777074,0.6845993556,0.28571284814515,40.4596015261666
"610","2024-3-30",2,23.358,40.5039,17.10762,40.3,891.074,1535.44,0,3,30,2024,13,90,420,50,0.52288,50,0.20291,0.09131,0.52902,0.256686545454545,0.210931899418526,6.24316241377408,0.6807322196,0.292774672986299,38.9725974157668
"611","2024-3-30",2,23.383,40.9741,16.99803,40.2,644.298,1126.4,0,3,30,2024,14,90,420,50,0.40629,50,0.13082,0.09686,0.53881,0.199451454545455,0.174722101698384,3.86467307366687,0.6803468421,0.406114556627007,33.4050935121729
"612","2024-3-30",2,23.285,41.2025,16.83246,40.2,511.01,890.884,0,3,30,2024,14.5,90,420,50,0.33552,50,0.11078,0.10495,0.54677,0.164709818181818,0.164757021785597,3.06500388651942,0.6818496525,0.490315018278329,32.2079028043568
"613","2024-3-30",2,22.9,43.01,15.93979,40.2,384.724,667.054,0,3,30,2024,15,90,420,50,0.26268,50,0.07971,0.10683,0.54826,0.128952,0.139404690987424,2.1724689415414,0.687549,0.586464465562679,28.0360622140243
"614","2024-3-30",2,23.365,42.7438,16.47051,40.1,386.596,677.97,0,3,30,2024,15.5,90,420,50,0.26288,50,0.11212,0.11754,0.5586,0.129050181818182,0.168331354166922,2.82973500942986,0.6806244525,0.581365286140848,35.0590989192708
"615","2024-3-31",2,17.208,73.0351,5.30247,42.2,939.884,1574.32,0,3,31,2024,11,91,420,50,0.56835,50,0.22911,0.08209,0.53077,0.279008181818182,0.491458699297891,7.86697176273825,0.7337612096,0.283808376269517,61.5341516960525
"616","2024-3-31",2,17.668,73.5178,5.36112,42.2,947.436,1603.65,0,3,31,2024,11.5,91,420,50,0.57273,50,0.21166,0.08658,0.52298,0.281158363636364,0.41006022314095,6.78974907951457,0.7326739536,0.277226615711612,51.5891206689695
"617","2024-3-31",2,18.716,68.8328,6.73882,42,860.139,1483.99,0,3,31,2024,13,91,420,50,0.53744,50,0.1839,0.09049,0.53229,0.263834181818182,0.364340541125201,5.74482603802512,0.7284584784,0.30507671787125,47.0169553832642
"618","2024-3-31",2,18.722,67.9364,6.93524,41.9,877.658,1493.91,0,3,31,2024,13.5,91,420,50,0.54647,50,0.22114,0.09357,0.53245,0.268267090909091,0.421733281653927,6.68277656540161,0.7284273876,0.302665210555652,54.2524982417783
"619","2024-3-31",2,18.56,66.7606,7.11704,41.9,802.694,1403,0,3,31,2024,14,91,420,50,0.51322,50,0.22303,0.09813,0.53838,0.251944363636364,0.437885273610113,6.498271277906,0.72923904,0.325497662050455,56.9678168415381
"620","2024-3-31",2,19.097,64.6739,7.82195,41.8,700.678,1227.25,0,3,31,2024,14.5,91,420,50,0.46499,50,0.20219,0.10473,0.54783,0.228267818181818,0.411220288897227,5.61670757698638,0.7263270501,0.374636146512809,55.8459697289508
"621","2024-3-31",2,19.249,64.8588,7.85507,41.6,169.004,304.879,0,3,31,2024,17,91,420,50,0.14346,50,0.10923,0.18977,0.59691,0.0704258181818182,0.196636625310982,1.82461257887876,0.7253875989,0.783563479536711,37.765464604475
"622","2024-4-1",2,17.67,57.4481,8.6154,40.9,651.557,1032.7,0,4,1,2024,9.5,92,420,50,0.48343,50,0.12824,0.07918,0.54359,0.237320181818182,0.390831714509587,4.6754875461789,0.73266821,0.437726934604219,56.0901907831001
"623","2024-4-1",2,19.238,53.381,10.41355,40.7,363.422,618.008,0,4,1,2024,13.5,92,420,50,0.31883,50,0.07525,0.09794,0.5369,0.156516545454545,0.251715892193781,2.19072186269921,0.7254572916,0.609932856002628,35.3078446829657
"624","2024-4-2",2,15.606,100.08,-0.01421,48,80.5628,159.372,0.2,4,2,2024,12.5,93,420,50,0.1021,50,0.03959,0.05052,0.20589,0.0501218181818182,0.157906454444117,0.856850091257662,0.7339140404,0.880295528540954,20.8044663545044
"625","2024-4-2",2,15.914,100.112,-0.02028,47.2,90.9871,167.807,0,4,2,2024,15.5,93,420,50,0.11648,50,0.03826,0.06205,0.30873,0.0571810909090909,0.163326966915095,1.01094946465198,0.7343230644,0.874375291658665,24.4320911068167
"626","2024-4-3",2,10.61,98.3783,0.20768,42.9,104.41,175.735,0,4,3,2024,8,94,420,50,0.14615,50,0.03345,0.08982,0.54729,0.0717463636363636,0.132860149753772,1.08240058440136,0.69813069,0.868847203014636,21.7494957988975
"627","2024-4-3",2,13.648,87.7584,1.91536,42.7,856.303,1431.84,0,4,3,2024,10,94,420,50,0.69184,50,0.20056,0.07448,0.54216,0.339630545454546,0.517125526726076,7.7531745132815,0.7264333056,0.318073751543244,65.4847110439868
"628","2024-4-3",2,14.918,79.7763,3.43567,42.6,931.63,1575.32,0,4,3,2024,10.5,94,420,50,0.72381,50,0.15313,0.08072,0.54128,0.355324909090909,0.336422232488894,5.45316380662257,0.7322466036,0.283581420362968,42.2910720610096
"629","2024-4-3",2,14.958,79.217,3.5398,42.7,778.319,1324.2,0,4,3,2024,11,94,420,50,0.65952,50,0.09762,0.08299,0.5389,0.323764363636364,0.253501219228539,3.36642277401162,0.7323720596,0.346677613017958,31.9370478745872
"630","2024-4-4",2,8.893,99.4745,0.05996,41.7,147.921,242.61,0,4,4,2024,8,95,420,50,0.22526,50,0.02667,0.08688,0.53188,0.110582181818182,0.0876883507097854,0.867090239110065,0.6731540061,0.823585425562111,14.7076815656317
"631","2024-4-4",2,9.172,98.2124,0.20785,41.7,204.203,338.936,0,4,4,2024,9,95,420,50,0.29464,50,0.08196,0.09236,0.53921,0.144641454545455,0.31217814582822,2.54110960171722,0.6776538576,0.762503027512695,40.7333761084351
"632","2024-4-4",2,9.58,95.5915,0.52689,41.6,381.675,624.31,0,4,4,2024,9.5,95,420,50,0.46759,50,0.11422,0.09124,0.53747,0.229544181818182,0.379583598318931,3.57321000450817,0.68392596,0.606865557059959,46.9214356864095
"633","2024-4-4",2,9.065,84.58,1.78002,41.5,71.3951,127.932,0,4,4,2024,16,95,420,50,0.12132,50,0.03723,0.09716,0.53441,0.0595570909090909,0.148891209915597,1.08749567914938,0.6759483525,0.902717518578244,20.4775828092831
"634","2024-4-4",2,8.862,81.7333,2.07987,41.5,93.0317,163.764,0,4,4,2024,16.5,95,420,50,0.1542,50,0.03285,0.09723,0.53491,0.0756981818181818,0.115614462812701,0.959761310777893,0.6726434516,0.877207949606989,17.2993459364387
"635","2024-4-4",2,8.856,78.1173,2.49058,41.5,79.5681,135.067,0,4,4,2024,17,95,420,50,0.13406,50,0.02285,0.09949,0.53526,0.0658112727272727,0.0691142823739368,0.652858401205157,0.6725443904,0.897579484880667,12.0353973986575
"636","2024-4-5",2,10.974,48.109,6.80842,41.1,667.712,1051.37,0,4,5,2024,9,96,420,50,0.67216,50,0.1663,0.07206,0.55109,0.329969454545455,0.45434398968994,6.75410729838787,0.7025924564,0.431237627889495,68.8075519538926
"637","2024-4-5",2,11.389,48.7074,6.91806,41.1,712.072,1146.12,0,4,5,2024,9.5,96,420,50,0.6954,50,0.12329,0.07645,0.542,0.341378181818182,0.348209213008313,4.641913926498,0.7073237469,0.399757966004782,44.8461290484251
"638","2024-4-5",2,14.422,53.1875,7.70191,41,480.575,808.01,0,4,5,2024,12.5,96,420,50,0.55874,50,0.08795,0.09589,0.53145,0.274290545454545,0.305857335399151,2.58864424828958,0.7303985076,0.523924337065611,36.7433312563077
"639","2024-4-5",2,14.544,53.7303,7.67292,41,386.505,653.81,0,4,5,2024,13,96,420,50,0.48673,50,0.11288,0.09733,0.53089,0.238940181818182,0.447671149313049,3.26980803071783,0.7309032704,0.592711208174606,52.6401213018683
"640","2024-4-5",2,14.509,51.149,8.08266,40.9,413.025,702.52,0,4,5,2024,14,96,420,50,0.50873,50,0.12151,0.09852,0.53491,0.249740181818182,0.448259273572938,3.50361009112182,0.7307618109,0.570058666366384,54.2093878998813
"641","2024-4-5",2,14.079,48.2907,8.32052,40.9,252.103,435.059,0,4,5,2024,14.5,96,420,50,0.36053,50,0.08857,0.09751,0.53301,0.176987454545455,0.3925633269246,2.57110776009433,0.7288039349,0.706065549133952,48.7857095276753
"642","2024-4-5",2,12.859,51.8907,7.14913,40.9,147.201,263.694,0,4,5,2024,16,96,420,50,0.2355,50,0.06678,0.0977,0.52661,0.115609090909091,0.287143434807374,1.91156199160749,0.7210347309,0.809810345572109,40.0108478467086
"643","2024-4-5",2,12.544,52.5411,6.90818,40.8,78.543,140.435,0,4,5,2024,16.5,96,420,50,0.13616,50,0.04499,0.09747,0.52773,0.0668421818181818,0.194312451539827,1.29361262159531,0.7184968704,0.893733184228636,29.5089516726902
"644","2024-4-6",2,6.875,94.5601,0.54081,40.6,133.283,226.669,0,4,6,2024,8,97,420,50,0.21367,50,0.08537,0.08998,0.53378,0.104892545454545,0.269436736093978,2.68948436419162,0.6355078125,0.834155702836495,39.115493759492
"645","2024-4-6",2,7.96,92.1778,0.83768,40.6,291.204,478.243,0,4,6,2024,8.5,97,420,50,0.40154,50,0.09963,0.08674,0.53914,0.197119636363636,0.312842713385824,3.28866548719368,0.65686224,0.682089498688508,42.9404754766565
"646","2024-4-6",2,9.438,87.4993,1.47982,40.6,357.407,592.886,0,4,6,2024,9,97,420,50,0.46583,50,0.14038,0.08863,0.53748,0.228680181818182,0.418320824929319,4.52099712758666,0.6817845716,0.622315052005388,60.2796155057579
"647","2024-4-6",2,9.892,85.5849,1.75937,40.6,471.488,776.557,0,4,6,2024,9.5,97,420,50,0.56201,50,0.13212,0.08768,0.53879,0.275895818181818,0.401845631360291,4.31156546164857,0.6884751696,0.537274791145596,51.1949427597123
"648","2024-4-6",2,10.566,81.3152,2.38578,40.6,472.747,784.35,0,4,6,2024,10.5,97,420,50,0.56345,50,0.12143,0.09067,0.53465,0.276602727272727,0.404227964772116,3.80258897141527,0.6975716084,0.533935624852328,46.8311172903662
"649","2024-4-6",2,10.737,81.202,2.42778,40.6,190.348,325.994,0,4,6,2024,11,97,420,50,0.28748,50,0.06495,0.09675,0.53631,0.141126545454545,0.297724619042731,1.91201594820495,0.6997205141,0.770438689302481,34.3264219822398
"650","2024-4-6",2,10.293,84.6059,1.93005,40.6,92.0612,167.623,0,4,6,2024,14,97,420,50,0.15274,50,0.04536,0.09566,0.53109,0.0749814545454545,0.227675268146245,1.3373904795365,0.6940075661,0.874504009174974,26.5261089604788
"651","2024-4-6",2,10.14,84.6528,1.90456,40.5,103.189,182.762,0,4,6,2024,15.5,97,420,50,0.16889,50,0.0547,0.09434,0.53028,0.0829096363636364,0.249853566519527,1.63284189882717,0.69193844,0.863976594710886,31.6866306190995
"652","2024-4-6",2,10.138,84.1372,1.96828,40.6,76.4556,136.268,0,4,6,2024,16,97,420,50,0.1285,50,0.03638,0.09373,0.53061,0.0630818181818182,0.158897925635242,1.09372198522203,0.6919110516,0.896717504673196,22.0260559135137
"653","2024-4-6",2,10.037,82.0018,2.21817,40.5,51.363,93.4486,0,4,6,2024,16.5,97,420,50,0.08855,50,0.02784,0.09447,0.53165,0.04347,0.112504870510992,0.832048357534113,0.6905164941,0.927967210809116,17.2273210537873
"654","2024-4-6",2,9.867,83.4202,2.02018,40.5,51.4255,91.1489,0,4,6,2024,17,97,420,50,0.08857,50,0.02539,0.09744,0.53021,0.0434798181818182,0.0888731286875436,0.733703809310931,0.6881185421,0.929676019181534,15.049639859511
"655","2024-4-7",2,8.492,86.2537,1.52638,40.4,90.3923,152.296,0,4,7,2024,7.5,98,420,50,0.1461,50,0.03966,0.09757,0.5341,0.0717218181818182,0.11943002480636,1.1529392297786,0.6663865296,0.885292836504635,20.3880644798907
"656","2024-4-7",2,8.844,85.2934,1.67247,40.4,116.433,198.073,0,4,7,2024,8,98,420,50,0.18382,50,0.04633,0.0973,0.53239,0.0902389090909091,0.152322779842923,1.34625330723768,0.6723460304,0.853458466924688,23.5768937142396
"657","2024-4-7",2,8.525,87.3953,1.40276,40.4,78.4016,140.026,0,4,7,2024,8.5,98,420,50,0.12786,50,0.02761,0.09766,0.53355,0.0627676363636364,0.0937647960460807,0.801073277781415,0.6669568125,0.8940256615732,14.3423193352011
"658","2024-4-7",2,8.642,88.2137,1.32214,40.4,126.841,224.43,0,4,7,2024,9,98,420,50,0.19822,50,0.06715,0.09689,0.53315,0.097308,0.253735317936457,1.96229324339546,0.6689594196,0.83565118148225,33.136564394245
"659","2024-4-7",2,8.671,97.859,0.24064,40.3,66.6236,130.051,0,4,7,2024,12.5,98,420,50,0.109,50,0.04149,0.0723,0.35076,0.0535090909090909,0.17289579793223,1.06896290041327,0.6694511349,0.901188528179168,19.510190017855
"660","2024-4-7",2,8.629,98.7228,0.14314,40.4,91.5461,171.911,0.2,4,7,2024,13,98,420,50,0.14651,50,0.04588,0.06916,0.33284,0.0719230909090909,0.183367655051904,1.17260400131003,0.6687383949,0.871509250169317,20.630441847372
"661","2024-4-7",2,8.575,98.8146,0.13237,40.3,47.269,93.635,0,4,7,2024,15,98,420,50,0.07825,50,0.03209,0.07191,0.35238,0.0384136363636364,0.12267337977493,0.835101210893184,0.6678163125,0.927828842655626,15.5770675691217
"662","2024-4-7",2,8.517,99.2257,0.08612,40.3,45.8415,90.3715,0,4,7,2024,15.5,98,420,50,0.0759,50,0.0253,0.06646,0.30781,0.03726,0.0830072339445459,0.622286447775323,0.6668187821,0.930254383120792,11.5856226869292
"663","2024-4-7",2,8.536,99.3936,0.06754,40.3,35.7655,70.3828,0,4,7,2024,16,98,420,50,0.05966,50,0.02163,0.06897,0.33636,0.0292876363636364,0.0702696478755338,0.56020640650992,0.6671463744,0.945249618318614,10.6135927657293
"664","2024-4-7",2,8.599,99.5071,0.05513,40.3,34.9881,66.202,0,4,7,2024,16.5,98,420,50,0.05834,50,0.02472,0.07008,0.3493,0.0286396363636364,0.0799597098280744,0.654335364093945,0.6682269189,0.948416430974008,12.4992018892355
"665","2024-4-8",2,9.491,97.9802,0.23996,40.3,283.873,464.276,0,4,8,2024,8.5,99,420,50,0.39679,50,0.13186,0.09127,0.53372,0.194787818181818,0.403484704844041,4.09492481292568,0.6825890109,0.689753632153564,60.7403460690318
"666","2024-4-8",2,10.776,91.3229,1.12357,40.3,593.659,979.377,0,4,8,2024,10,99,420,50,0.69408,50,0.26098,0.09026,0.53299,0.340730181818182,0.574855133715778,8.18424067577637,0.7002016064,0.456803663843199,87.3175963684185
"667","2024-4-8",2,12.76,81.1684,2.7803,40.3,715.132,1219.36,0,4,8,2024,13.5,99,420,50,0.78873,50,0.17964,0.09173,0.52937,0.387194727272727,0.472317623506057,5.50552085923276,0.72026064,0.377008328600361,53.4423396075478
"668","2024-4-9",2,14.584,38.4625,10.23121,40,730.75,1118.21,0,4,9,2024,9,100,420,50,0.79852,50,0.22257,0.06849,0.54613,0.392000727272727,0.601495779835686,9.42503403724688,0.7310616384,0.408784155256945,104.731716586433
"669","2024-4-9",2,15.029,43.5535,9.65815,40,813.7,1274.27,0,4,9,2024,9.5,100,420,50,0.87423,50,0.22609,0.07282,0.53644,0.429167454545455,0.567599890215277,8.84502911757479,0.7325860749,0.360805589121645,87.4273196597331
"670","2024-4-9",2,15.066,42.9253,9.78893,40,847.414,1350.63,0,4,9,2024,10,100,420,50,0.8944,50,0.22279,0.07539,0.52989,0.439069090909091,0.547612837451216,8.31601200633755,0.7326932084,0.339424412624117,77.3696006989605
"671","2024-4-9",2,15.116,40.6144,10.21811,40,935.613,1514.83,0,4,9,2024,10.5,100,420,50,0.914,50,0.24938,0.07778,0.52582,0.448690909090909,0.543137777027778,8.95319856579053,0.7328331984,0.29764195742193,73.0962357192099
"672","2024-4-9",2,15.661,39.8302,10.72183,39.9,972.952,1596.04,0,4,9,2024,11,100,420,50,0.86271,50,0.2663,0.07949,0.52234,0.423512181818182,0.55112715787934,9.29307384165324,0.7340023869,0.278919519317866,71.5250267237801
"673","2024-4-9",2,16.075,38.1262,11.3214,39.9,992.142,1644.75,0,4,9,2024,11.5,100,420,50,0.78767,50,0.25963,0.08152,0.52073,0.386674363636364,0.522880848555758,8.80746112441164,0.7344538125,0.268259629669523,65.3477252832973
"674","2024-4-9",2,16.09,38.0732,11.34196,39.9,993.802,1662.32,0,4,9,2024,12,100,420,50,0.78566,50,0.2622,0.083,0.51938,0.385687636363636,0.514606977423691,8.71339196492201,0.73446309,0.264515348767683,63.750442946448
"675","2024-4-9",2,16.662,36.4691,12.06765,39.9,974.354,1640.1,0,4,9,2024,12.5,100,420,50,0.68435,50,0.23393,0.08491,0.52043,0.335953636363636,0.445899597884867,7.61442015727407,0.7344475316,0.269259413937682,56.7045836736844
"676","2024-4-9",2,17.126,34.2511,12.86214,39.9,931.765,1578.29,0,4,9,2024,13,100,420,50,0.57863,50,0.19559,0.08713,0.52195,0.284054727272727,0.366947635574976,6.22236192615417,0.7339061364,0.282908430736469,48.5519657069588
"677","2024-4-9",2,17.668,30.5764,14.05428,39.8,810.644,1369.05,0,4,9,2024,13.5,100,420,50,0.43537,50,0.12224,0.09054,0.5268,0.213727090909091,0.243033020880809,3.77716582131707,0.7326739536,0.33445932707691,34.6241276415027
"678","2024-4-9",2,17.438,28.2661,14.31268,39.8,770.505,1312.38,0,4,9,2024,14,100,420,50,0.407,50,0.1553,0.09442,0.53365,0.1998,0.309655271189308,4.66134671396801,0.7332757716,0.349971344747635,44.8485866825331
"679","2024-4-9",2,17.403,27.928,14.34837,39.8,743.033,1274.49,0,4,9,2024,14.5,100,420,50,0.40043,50,0.20145,0.10003,0.54175,0.196574727272727,0.385557808047227,5.79406491699758,0.7333571501,0.360742092925789,57.4864864475432
"680","2024-4-9",2,17.396,28.4909,14.23001,39.8,654.689,1126.99,0,4,9,2024,15,100,420,50,0.3961,50,0.17208,0.10701,0.55176,0.194449090909091,0.345674788510294,4.71198262263918,0.7333731024,0.405922915787075,52.6099958740081
"681","2024-4-9",2,17.297,28.475,14.14436,39.7,464.079,796.3,0,4,9,2024,15.5,100,420,50,0.35816,50,0.14142,0.11121,0.55507,0.175824,0.346436061828886,3.74854027675307,0.7335871701,0.528855521861718,54.5878282296156
"682","2024-4-9",2,17.311,29.6139,13.93146,39.7,328.371,585.53,0,4,9,2024,16.5,100,420,50,0.31992,50,0.16026,0.15518,0.58025,0.157051636363636,0.316679060383252,3.18237954145067,0.7335582069,0.625988048448247,54.8466678974879
"683","2024-4-9",2,17.048,30.5606,13.51713,39.7,213.466,387.894,0,4,9,2024,17,100,420,50,0.2665,50,0.08908,0.1939,0.59024,0.130827272727273,0.151198529792229,1.44005298261387,0.7340302656,0.733215810174219,29.14016721497
"684","2024-4-10",2,12.312,66.058,4.86583,39.5,127.474,207.939,0,4,10,2024,7.5,101,420,50,0.2197,50,0.06896,0.09403,0.5323,0.107852727272727,0.264637794682372,2.07316905008278,0.7164881216,0.846748803783789,44.3636268673313
"685","2024-4-10",2,12.37,66.3072,4.84858,39.4,223.319,357.484,0,4,10,2024,8,101,420,50,0.35064,50,0.10262,0.08715,0.53528,0.172132363636364,0.404593973784739,3.34728791528861,0.71700141,0.751272232169914,63.7127197817718
"686","2024-4-10",2,12.269,67.5677,4.63625,39.5,147.693,241.944,0,4,10,2024,8.5,101,420,50,0.24845,50,0.06603,0.09695,0.52888,0.121966363636364,0.274591170473775,1.91292552355625,0.7161028029,0.824024348795617,39.7605492758098
"687","2024-4-10",2,12.843,66.1178,5.02968,39.4,510.525,827.694,0,4,10,2024,9.5,101,420,50,0.63108,50,0.17517,0.08429,0.53177,0.309802909090909,0.538327658251587,5.86887612323625,0.7209110861,0.515738615991763,78.1850488386891
"688","2024-4-10",2,13.827,63.5412,5.7713,39.4,780.751,1279.69,0,4,10,2024,10,101,420,50,0.80553,50,0.21977,0.07664,0.52925,0.395442,0.561481465338631,8.0597433509242,0.7274674781,0.359244522924516,77.287029537234
"689","2024-4-10",2,14.534,62.9949,6.1326,39.4,927.339,1531.87,0,4,10,2024,10.5,101,420,50,0.87649,50,0.17321,0.07739,0.5257,0.430276909090909,0.405457496743017,6.2484676527583,0.7308631284,0.293612032632746,49.8207462145877
"690","2024-4-10",2,14.843,63.3278,6.19994,39.4,577.742,968.821,0,4,10,2024,11,101,420,50,0.67574,50,0.08765,0.09106,0.52917,0.331726909090909,0.273520998680286,2.70499784373076,0.7320018861,0.460677613767361,34.0364686095337
"691","2024-4-10",2,14.982,63.1296,6.28955,39.4,565.752,953.977,0,4,10,2024,11.5,101,420,50,0.66545,50,0.10039,0.09229,0.52743,0.326675454545455,0.321579994886939,3.04682893083248,0.7324456436,0.466180863992526,38.8835480635199
"692","2024-4-10",2,15.1,64.1306,6.16547,39.4,402.35,680.727,0,4,10,2024,12,101,420,50,0.53269,50,0.11545,0.09362,0.52899,0.261502363636364,0.472118415362977,3.46433751299278,0.732789,0.580084439902209,55.1107119910704
"693","2024-4-10",2,12.507,91.6058,1.2189,39.3,30.1349,57.4983,0,4,10,2024,16.5,101,420,50,0.05546,50,0.01709,0.09137,0.52792,0.0272258181818182,0.0724657334909733,0.52438949988068,0.7181844461,0.955043261048666,12.7628618362418
"694","2024-4-10",2,12.621,89.776,1.49577,39.3,21.5928,41.636,0,4,10,2024,17,101,420,50,0.04005,50,0.01709,0.09359,0.52623,0.0196609090909091,0.0655693616336976,0.510311849200649,0.7191373949,0.967239829808083,12.6382743071346
"695","2024-4-11",2,12.931,95.2751,0.70545,39.2,140.845,240.235,0,4,11,2024,9,102,420,50,0.2131,50,0.05978,0.08944,0.5282,0.104612727272727,0.293934717584897,1.87486478042662,0.7215841629,0.825151725384315,40.0956095601217
"696","2024-4-11",2,13.24,90.5505,1.43967,39.2,114.959,203.079,0.1,4,11,2024,15,102,420,50,0.17378,50,0.04662,0.09087,0.53091,0.0853101818181818,0.253976351333391,1.44650547099372,0.72381264,0.850047371393088,32.2244544418243
"697","2024-4-12",2,13.329,97.1157,0.442,39.1,250.393,414.649,0,4,12,2024,10,103,420,50,0.29725,50,0.06946,0.08198,0.44028,0.145922727272727,0.297849585765068,1.98108567036081,0.7244155349,0.717688821583798,37.3742478382473
"698","2024-4-12",2,16.21,80.6488,3.57144,39.1,236.757,383.621,0,4,12,2024,13,103,420,50,0.2803,50,0.05749,0.09585,0.53472,0.137601818181818,0.28226380909354,1.70323296295732,0.73451949,0.735726523966829,34.6705832322043
"699","2024-4-12",2,16.74,77.5576,4.2841,39.1,302.581,488.252,0,4,12,2024,13.5,103,420,50,0.33712,50,0.0724,0.09434,0.53123,0.165495272727273,0.327755152099507,2.1650738817908,0.73438964,0.676649679578979,40.5058856802488
"700","2024-4-12",2,16.832,75.9205,4.62355,39.1,295.046,491.062,0,4,12,2024,14,103,420,50,0.33008,50,0.07893,0.09908,0.53754,0.162039272727273,0.33791513906982,2.27412496430951,0.7343041536,0.675130279544782,42.4319637962428
"701","2024-4-13",2,13.937,90.4012,1.53036,38.9,257.447,411.349,0,4,13,2024,8.5,104,420,50,0.26984,50,0.07282,0.09226,0.53417,0.132466909090909,0.294822151478097,2.2390518553072,0.7280680341,0.71958602327712,43.137857592844
"702","2024-4-13",2,14.276,89.1382,1.77024,39,284.19,456.885,0,4,13,2024,9,104,420,50,0.29167,50,0.07359,0.09286,0.53239,0.143183454545455,0.302419328029724,2.24061607206686,0.7297514064,0.693844088537749,41.9798456548966
"703","2024-4-13",2,14.268,88.5158,1.87071,38.9,305.507,494.273,0,4,13,2024,9.5,104,420,50,0.30832,50,0.06534,0.09346,0.53129,0.151357090909091,0.268156833834489,1.97257002319502,0.7297145936,0.673398230478952,35.8620270876516
"704","2024-4-13",2,14.655,84.6543,2.5631,38.9,337.333,542.385,0,4,13,2024,10,104,420,50,0.3327,50,0.07777,0.09401,0.53111,0.163325454545455,0.322785438593632,2.3332966564917,0.7313340725,0.647971866154904,41.1556366098162
"705","2024-4-13",2,15.605,74.9804,4.44234,38.9,307.354,500.001,0,4,13,2024,10.5,104,420,50,0.30825,50,0.06886,0.09514,0.53093,0.151322727272727,0.296750061285323,2.04074419972925,0.7339123725,0.670319509779817,37.7302739542406
"706","2024-4-13",2,16.107,68.9141,5.6996,38.9,277.078,457.244,0,4,13,2024,11,104,420,50,0.28268,50,0.06732,0.09538,0.53097,0.138770181818182,0.304352299382754,1.99023430164804,0.7344730061,0.693644845128244,38.1863835466785
"707","2024-4-13",2,15.763,82.5223,3.13482,38.8,488.427,814.703,0,4,13,2024,14,104,420,50,0.43404,50,0.1028,0.09614,0.53265,0.213074181818182,0.356936937836496,3.02467252981558,0.7341486141,0.521126533559097,43.5277885173671
"708","2024-4-13",2,17.939,57.6712,8.7167,38.7,330.997,597.267,0,4,13,2024,16.5,104,420,50,0.31753,50,0.1431,0.14988,0.5795,0.155878363636364,0.311757767746195,2.93830465721745,0.7318155069,0.620137779891504,49.7225002755819
"709","2024-4-14",2,15.699,99.9185,0.01456,38.8,119.71,201.545,0.2,4,14,2024,8,105,420,50,0.12731,50,0.04584,0.05815,0.27393,0.0624976363636364,0.153674376606308,1.14678478219693,0.7340595389,0.851091189883287,26.9404524575856
"710","2024-4-14",2,15.685,99.9162,0.01496,38.9,125.321,214.463,0.1,4,14,2024,9,105,420,50,0.13355,50,0.02809,0.05844,0.26789,0.0655609090909091,0.0919003642594751,0.683825777631206,0.7340388525,0.842340965128642,15.8976978878523
"711","2024-4-14",2,15.687,99.9208,0.01414,38.9,135.269,235.902,0.1,4,14,2024,9.5,105,420,50,0.14341,50,0.05456,0.05759,0.26127,0.0704012727272727,0.213364677284963,1.31451111362599,0.7340418341,0.828016994540617,30.0407654952761
"712","2024-4-14",2,16.67,90.6949,1.7684,39.4,76.9838,131.439,0,4,14,2024,17,105,420,50,0.0917,50,0.02393,0.10159,0.53007,0.0450163636363636,0.0784553497549441,0.663089876612322,0.73444221,0.900188403809289,16.50837762459
"713","2024-4-15",2,19.085,70.0725,6.62163,39.1,907.925,1460.09,0,4,15,2024,10.5,106,420,50,0.57303,50,0.21555,0.08179,0.53512,0.281305636363636,0.471913201289314,7.4893898155393,0.7263990525,0.310965905944657,61.8325110393346
"714","2024-4-15",2,19.688,65.0181,8.03582,39.1,950.536,1542.44,0,4,15,2024,11,106,420,50,0.58555,50,0.22777,0.0834,0.53181,0.287451818181818,0.445880035265128,7.71319665819153,0.7223889216,0.291139716967112,58.4346091899815
"715","2024-4-15",2,20.147,66.5204,7.91256,39.1,961.585,1579.67,0,4,15,2024,11.5,106,420,50,0.58767,50,0.23726,0.08573,0.53083,0.288492545454545,0.432011363388116,7.80179609103951,0.7188002301,0.282596272172169,56.3578310047243
"716","2024-4-15",2,20.258,70.6325,6.9885,39.1,966.79,1601.41,0,4,15,2024,12,106,420,50,0.5879,50,0.21104,0.08746,0.53061,0.288605454545455,0.366177663012767,6.79951865401962,0.7178627796,0.277723851196899,48.0476776722792
"717","2024-4-15",2,20.584,67.4541,7.90223,39,950.619,1584.89,0,4,15,2024,12.5,106,420,50,0.58151,50,0.22197,0.08912,0.53006,0.285468545454545,0.375295995921866,7.0111873174336,0.7149528384,0.28141861080794,49.4885875710406
"718","2024-4-15",2,21.093,62.9835,9.27353,39,914.264,1537.56,0,4,15,2024,13,106,420,50,0.56875,50,0.2033,0.09117,0.53199,0.279204545454545,0.328958622713132,6.29993874046163,0.7099418861,0.292278547973846,45.0682867580023
"719","2024-4-15",2,21.405,61.4469,9.84502,39,804.479,1378.27,0,4,15,2024,13.5,106,420,50,0.53103,50,0.1849,0.09549,0.53639,0.260687454545455,0.313086831778294,5.51578239441736,0.7065885725,0.332001430944879,44.0998045756584
"720","2024-4-15",2,21.723,61.2667,10.08528,39,712.757,1214.57,0,4,15,2024,14,106,420,50,0.47536,50,0.18032,0.10173,0.54378,0.233358545454545,0.31768959636048,5.11876885016577,0.7029503981,0.378455796092027,45.843354189809
"721","2024-4-15",2,21.85,61.3596,10.13941,39,648.086,1101.89,0,4,15,2024,14.5,106,420,50,0.43965,50,0.16368,0.1062,0.55284,0.215828181818182,0.293877531979548,4.52499383416404,0.70143525,0.414156233806982,44.0282323895867
"722","2024-4-15",2,22.036,60.9543,10.36263,38.9,539.467,922.418,0,4,15,2024,15,106,420,50,0.35498,50,0.12134,0.10692,0.55511,0.174262909090909,0.229720314728541,3.34558081725827,0.6991521744,0.478100460577895,37.1719653065836
"723","2024-4-15",2,22.074,62.0005,10.10834,38.9,446.999,756.831,0,4,15,2024,15.5,106,420,50,0.36631,50,0.12018,0.11551,0.56382,0.179824909090909,0.235589935821929,3.11530467558257,0.6986763764,0.545820670223767,39.4269682371446
"724","2024-4-15",2,22.139,61.8976,10.17592,38.9,402.699,686.345,0,4,15,2024,16,106,420,50,0.33729,50,0.16343,0.12772,0.57365,0.165578727272727,0.308927471672541,3.89822859252519,0.6978551469,0.577483158374105,51.994416758512
"725","2024-4-15",2,22.226,61.1178,10.43931,38.9,311.632,539.584,0,4,15,2024,16.5,106,420,50,0.26541,50,0.14944,0.15024,0.58545,0.130292181818182,0.24993818784907,3.09256280447229,0.6967414164,0.649425469521562,46.1430577062975
"726","2024-4-15",2,22.505,60.1564,10.88037,38.9,202.904,341.298,0,4,15,2024,17,106,420,50,0.17684,50,0.10322,0.17753,0.59411,0.0868123636363636,0.138930725601881,1.8344521917108,0.6930574725,0.761063562227021,31.5238689153422
"727","2024-4-16",2,17.975,69.3055,6.3352,38.6,110.432,186.521,0,4,16,2024,7.5,107,420,50,0.15895,50,0.02607,0.09773,0.54133,0.07803,0.0733690029249334,0.766871613422055,0.7316893125,0.861382346961224,18.013884289935
"728","2024-4-16",2,17.136,78.451,4.2182,38.6,156.701,264.938,0,4,16,2024,8,107,420,50,0.20374,50,0.04102,0.09657,0.54189,0.100017818181818,0.148754885635048,1.2223962111182,0.7338892544,0.809004823210607,27.2728939015687
"729","2024-4-16",2,16.37,85.3313,2.73501,38.6,184.932,310.602,0,4,16,2024,8.5,107,420,50,0.2276,50,0.05993,0.09743,0.54004,0.111730909090909,0.244635535699166,1.76410705818817,0.73454541,0.779984212412606,38.0749340670922
"730","2024-4-16",2,17.308,78.4698,4.26065,38.6,269.263,443.973,0,4,16,2024,9,107,420,50,0.28642,50,0.0612,0.09518,0.54102,0.140606181818182,0.235491290858365,1.8474235504225,0.7335644496,0.70104836502361,35.6582939198356
"731","2024-4-16",2,16.978,88.1069,2.30487,38.4,148.166,253.665,0,4,16,2024,16,107,420,50,0.20318,50,0.05848,0.09768,0.54026,0.0997429090909091,0.263390293330904,1.71771837355703,0.7341302676,0.816333750233305,38.7189833016107
"732","2024-4-16",2,16.471,90.4357,1.79479,38.4,113.018,191.266,0,4,16,2024,17,107,420,50,0.16983,50,0.04754,0.09734,0.54229,0.0833710909090909,0.196077057207345,1.40652308743981,0.7345327749,0.858118737821252,33.3960051381576
"733","2024-4-17",2,13.511,99.5796,0.06519,48.5,45.6993,84.9768,0.2,4,17,2024,8.5,108,420,50,0.09255,50,0.02717,0.06782,0.2975,0.0454336363636364,0.0918320908809723,0.632945413046784,0.7255941669,0.934277813612518,15.6366147520777
"734","2024-4-17",2,13.241,99.6724,0.04991,47.8,101.269,184.998,0.1,4,17,2024,9,108,420,50,0.17042,50,0.05415,0.07495,0.37071,0.0836607272727273,0.231920170434325,1.4223568184535,0.7238195109,0.862432494832933,32.1492585769703
"735","2024-4-17",2,13.675,91.3472,1.35623,42.3,125.843,220.348,0,4,17,2024,17,108,420,50,0.21029,50,0.07038,0.12626,0.57695,0.103233272727273,0.243852054374566,1.70792615388028,0.7265938125,0.838384544586695,38.0535965051816
"736","2024-4-18",2,17.108,70.1682,5.8292,41,971.881,1573.85,0,4,18,2024,11,109,420,50,0.57607,50,0.19747,0.08526,0.53564,0.282798,0.41687561304755,6.58834348387402,0.7339359696,0.283915108283356,51.5984604646341
"737","2024-4-18",2,17.614,67.9471,6.4668,41,996.948,1621.72,0,4,18,2024,11.5,109,420,50,0.58158,50,0.1974,0.08778,0.53497,0.285502909090909,0.386180773686013,6.3889344752661,0.7328257044,0.273247855522055,47.8840876796171
"738","2024-4-18",2,18.495,60.876,8.34298,41,970.413,1580.8,0,4,18,2024,12,109,420,50,0.58242,50,0.12464,0.09056,0.53666,0.285915272727273,0.222296573442192,3.92254276065874,0.7295484725,0.282340920578435,29.87488394609
"739","2024-4-18",2,18.99,54.2572,10.06105,40.9,942.795,1539.37,0,4,18,2024,12.5,109,420,50,0.58004,50,0.13269,0.09259,0.53742,0.284746909090909,0.233681684647462,4.09011358150208,0.72695789,0.29185563489934,31.7821354526901
"740","2024-4-18",2,19.54,46.9637,12.0717,40.8,836.673,1385.96,0,4,18,2024,13.5,109,420,50,0.48879,50,0.11196,0.09767,0.54273,0.239951454545455,0.195393327631186,3.30394618037437,0.72344724,0.329965227924226,28.5187185499263
"741","2024-4-18",2,19.635,46.3456,12.28467,40.7,619.608,1027.97,0,4,18,2024,14.5,109,420,50,0.45812,50,0.08752,0.10612,0.55638,0.224895272727273,0.180929085141905,2.43685120425983,0.7227734525,0.439386431112008,27.9153468878334
"742","2024-4-18",2,19.657,47.9652,11.93013,40.7,488.46,804.753,0,4,18,2024,15,109,420,50,0.44824,50,0.09864,0.11072,0.56139,0.220045090909091,0.239380471994144,2.65606740730492,0.7226145861,0.525291254364776,36.3464807134004
"743","2024-4-18",2,19.514,52.0141,10.90454,40.7,441.057,732.094,0,4,18,2024,15.5,109,420,50,0.47568,50,0.11391,0.11626,0.56492,0.233515636363636,0.28147787875253,2.93944891893949,0.7236281844,0.556729830896601,42.8481555665918
"744","2024-4-19",2,14.147,98.0588,0.31374,40.2,32.9464,64.5381,0.5,4,19,2024,8,110,420,50,0.14411,50,0.026,0.0752,0.40175,0.0707449090909091,0.10536443866554,0.737664403277534,0.7291406301,0.949679727666819,18.8583386124238
"745","2024-4-19",2,14.252,99.2254,0.12605,40.1,76.4756,142.28,0.6,4,19,2024,8.5,110,420,50,0.27299,50,0.04101,0.06521,0.32767,0.134013272727273,0.170335865322344,1.09435867282615,0.7296405456,0.892415007102746,26.3568768290753
"746","2024-4-19",2,14.905,99.5283,0.08007,40.2,128.631,228.084,0.3,4,19,2024,9.5,110,420,50,0.37878,50,0.07541,0.05972,0.33002,0.185946545454545,0.388151037505339,2.21307858405879,0.7322050725,0.833211972832843,50.4176645279474
"747","2024-4-19",2,14.739,99.6026,0.06674,40.1,78.614,147.252,0.1,4,19,2024,10,110,420,50,0.2828,50,0.0482,0.05353,0.23981,0.138829090909091,0.210370548057386,1.14673882807405,0.7316420669,0.888872387403289,27.7899754188139
"748","2024-4-19",2,14.676,99.6719,0.05488,40.1,84.1663,161.553,0.2,4,19,2024,10.5,110,420,50,0.29735,50,0.05217,0.05347,0.23571,0.145971818181818,0.230945938862091,1.22133863172051,0.7314125264,0.878760928077519,29.2269484089763
"749","2024-4-19",2,14.62,99.724,0.04599,40.1,77.5386,153.606,0.3,4,19,2024,11,110,420,50,0.28336,50,0.05066,0.05834,0.31261,0.139104,0.2870231465939,1.44161423140847,0.73120116,0.884365535602522,34.6808994120448
"750","2024-4-19",2,14.615,99.7657,0.03903,40.2,78.9017,158.666,0.5,4,19,2024,11.5,110,420,50,0.28824,50,0.05206,0.05892,0.31049,0.141499636363636,0.294311971749384,1.45692258858485,0.7311819525,0.880792859888626,34.9041690299429
"751","2024-4-19",2,15.201,99.9181,0.01417,41.3,52.3449,104.208,1.1,4,19,2024,14.5,110,420,50,0.22331,50,0.04044,0.06792,0.33301,0.109624909090909,0.2054478139888,1.05297528739182,0.7330585589,0.920013992330331,26.6032857484874
"752","2024-4-19",2,15.334,99.9173,0.01443,41.4,55.1713,107.867,1.3,4,19,2024,15,110,420,50,0.23341,50,0.0357,0.07797,0.42903,0.114583090909091,0.195508450737014,1.04321969395622,0.7333792884,0.917324865098746,26.3228979658343
"753","2024-4-19",2,15.465,99.9118,0.01552,41.4,51.9456,102.688,3,4,19,2024,15.5,110,420,50,0.22447,50,0.04222,0.07975,0.43452,0.110194363636364,0.225124720778119,1.22164421270595,0.7336571525,0.921133409812898,30.9969807718442
"754","2024-4-19",2,15.015,99.8868,0.01935,49.3,52.3353,103.295,2.8,4,19,2024,16.5,110,420,50,0.22816,50,0.03359,0.0852,0.52524,0.112005818181818,0.178262695186442,1.0997035716653,0.7325447525,0.920686216016534,27.731305499887
"755","2024-4-19",2,14.97,99.8305,0.02889,48.3,31.658,58.7954,0.8,4,19,2024,17,110,420,50,0.15458,50,0.05142,0.07905,0.42353,0.0758847272727273,0.239507955436571,1.46305889920153,0.73240901,0.954052745765372,38.2046642953248
"756","2024-4-20",2,13.949,74.5211,4.06533,42.3,593.979,917.432,0,4,20,2024,8.5,111,420,50,0.7924,50,0.16987,0.07195,0.57523,0.388996363636364,0.573412805717441,7.21231771852821,0.7281319389,0.480011316171885,92.7210236237876
"757","2024-4-20",2,14.839,74.4828,4.31292,42.3,681.271,1072.13,0,4,20,2024,9,111,420,50,0.81996,50,0.16232,0.07605,0.56501,0.402525818181818,0.528944308143724,6.40436954827326,0.7319884869,0.424134778686875,74.1875568712461
"758","2024-4-20",2,15.336,77.6393,3.90229,42.2,745.376,1190.52,0,4,20,2024,9.5,111,420,50,0.83862,50,0.19862,0.08087,0.55769,0.411686181818182,0.571752491484792,7.2740423541103,0.7333838144,0.385807784947898,77.1954356254988
"759","2024-4-20",2,16.008,80.4055,3.57,42.2,659.347,1066.08,0,4,20,2024,10,111,420,50,0.81851,50,0.23039,0.08879,0.55418,0.401814,0.650859888205097,7.63656145235589,0.7344063296,0.42619256684599,89.995835333842
"760","2024-4-20",2,15.487,78.5451,3.78069,41.8,248.16,416.513,0,4,20,2024,16,111,420,50,0.59262,50,0.12782,0.10597,0.55288,0.290922545454545,0.519300958243057,3.54155664678436,0.7337001141,0.716619401570785,69.9246596063452
"761","2024-4-20",2,15.205,81.5499,3.19283,41.7,138.77,234.264,0,4,20,2024,16.5,111,420,50,0.43666,50,0.0722,0.10301,0.55083,0.214360363636364,0.31899278373279,2.05032557786219,0.7330687725,0.829102739234821,46.6849088973949
"762","2024-4-20",2,14.931,83.1195,2.87012,41.7,105.708,176.738,0,4,20,2024,17,111,420,50,0.36818,50,0.06719,0.10181,0.54686,0.180742909090909,0.290959589058914,1.91662785501975,0.7322877629,0.868150319645935,45.5141334650801
"763","2024-4-20",2,14.737,82.6579,2.91193,41.7,70.4916,119.647,0,4,20,2024,17.5,111,420,50,0.27771,50,0.06569,0.10437,0.54961,0.136330363636364,0.269550829167616,1.83706971737782,0.7316349141,0.908720602535148,45.5118428397529
"764","2024-4-21",2,13.222,65.6274,5.23064,41.2,68.0265,115.374,0,4,21,2024,7,112,420,50,0.23795,50,0.04635,0.10159,0.54555,0.116811818181818,0.166523638513295,1.32184572893689,0.7236885876,0.911832288506393,31.5681142732605
"765","2024-4-21",2,13.041,72.1435,4.18917,41.2,163.671,266.553,0,4,21,2024,7.5,112,420,50,0.44784,50,0.07535,0.09618,0.54534,0.219848727272727,0.291002080172156,2.2688891148371,0.7224015509,0.807960263909631,47.7051107208794
"766","2024-4-21",2,13.944,66.5042,5.34275,41.1,191.963,312.57,0,4,21,2024,8,112,420,50,0.49473,50,0.08491,0.09944,0.5457,0.242867454545455,0.336421806498564,2.4745664065611,0.7281053504,0.77875717144869,51.6053505835696
"767","2024-4-21",2,14.498,71.3377,4.73896,41.1,257.765,427.276,0,4,21,2024,8.5,112,420,50,0.58934,50,0.11173,0.0974,0.54503,0.289312363636364,0.450599195087756,3.32031038273623,0.7307167956,0.71047551051372,64.0129171996476
"768","2024-4-21",2,15.123,71.6778,4.87542,41.1,456.403,738.308,0,4,21,2024,9,112,420,50,0.79095,50,0.13874,0.09251,0.54908,0.388284545454545,0.491921373536464,4.37316705848414,0.7328523581,0.553969083360811,66.4579193507563
"769","2024-4-21",2,15.313,72.2997,4.82699,41.1,357.871,595.924,0,4,21,2024,9.5,112,420,50,0.70375,50,0.13035,0.09801,0.54614,0.345477272727273,0.510183184304037,3.8573768180317,0.7333312341,0.620804413973922,65.8528983481768
"770","2024-4-21",2,15.263,80.5822,3.37284,41.1,365.217,596.703,0,4,21,2024,10,112,420,50,0.71146,50,0.11914,0.09791,0.54314,0.349262181818182,0.482305271479675,3.50985978304178,0.7332129141,0.620417649191557,59.8465628994903
"771","2024-4-21",2,16.228,67.2094,6.05877,41,563.97,928.211,0,4,21,2024,11.5,112,420,50,0.8758,50,0.19162,0.09761,0.54431,0.429938181818182,0.633279929770858,5.67466554558697,0.7345252176,0.475889878121571,74.7188492774781
"772","2024-4-21",2,15.853,82.1081,3.22765,40.9,123.514,206.266,0,4,21,2024,15.5,112,420,50,0.35045,50,0.03913,0.10746,0.54884,0.172039090909091,0.172374405191533,1.06134407839492,0.7342586301,0.847882851117963,24.8646266710672
"773","2024-4-21",2,15.933,80.0873,3.61062,40.9,116.537,198.239,0,4,21,2024,16,112,420,50,0.33401,50,0.05392,0.10512,0.55289,0.163968545454545,0.246451624245892,1.50608922052414,0.7343414621,0.853345135165675,35.5262762809898
"774","2024-4-21",2,16.077,80.3736,3.59161,40.8,109.225,186.571,0,4,21,2024,16.5,112,420,50,0.31638,50,0.0481,0.10494,0.55657,0.155313818181818,0.206724617463297,1.35478769612041,0.7344550781,0.861347892356442,32.2758045180088
"775","2024-4-21",2,15.931,81.054,3.4349,40.8,76.1587,133.472,0,4,21,2024,17,112,420,50,0.23511,50,0.03453,0.10993,0.56057,0.115417636363636,0.129721949022069,0.935099093853522,0.7343395629,0.898725527322957,23.2302967416401
"776","2024-4-21",2,15.78,81.111,3.39164,40.8,82.4456,131.057,0,4,21,2024,17.5,112,420,50,0.24986,50,0.03453,0.10722,0.54748,0.122658545454545,0.119467376123602,0.936346233563267,0.73417076,0.900463543424685,23.2861095605301
"777","2024-4-22",2,15.021,65.1611,5.95796,40.6,551.927,810.182,0,4,22,2024,8,113,420,50,0.93731,50,0.17057,0.06179,0.58803,0.460134,0.681030186651413,8.62047846908155,0.7325625149,0.52301475660988,123.500218629163
"778","2024-4-22",2,15.832,57.0419,7.73912,40.6,686.683,1042.83,0,4,22,2024,8.5,113,420,50,1.03418,50,0.16782,0.07371,0.57327,0.507688363636364,0.534882112194517,6.93144776143089,0.7342345536,0.434193930594197,83.1465064819591
"779","2024-4-22",2,16.125,49.7802,9.21839,40.5,588.765,938.784,0,4,22,2024,9,113,420,50,0.96911,50,0.16466,0.08232,0.56112,0.475744909090909,0.533790982846718,5.96054445932317,0.7344828125,0.471881586939117,77.8050813683205
"780","2024-4-22",2,16.316,57.088,7.97353,40.5,524.638,848.089,0,4,22,2024,9.5,113,420,50,0.92032,50,0.20191,0.09426,0.5514,0.451793454545455,0.608893446490885,6.27255660205298,0.7345429584,0.507392100765412,88.0666021508166
"781","2024-4-22",2,15.919,67.4414,5.89833,40.5,550.421,897.576,0,4,22,2024,10,113,420,50,0.94312,50,0.20449,0.09637,0.5484,0.462986181818182,0.618628813304603,6.1798096174713,0.7343279829,0.487697081741723,83.3047025020089
"782","2024-4-22",2,16.689,60.2057,7.57189,40.5,578.91,949.467,0,4,22,2024,10.5,113,420,50,0.96688,50,0.22516,0.09538,0.54882,0.474650181818182,0.658401575530513,6.88036194623627,0.7344290069,0.467865882495274,89.0229221703464
"783","2024-4-22",2,16.787,68.648,6.00278,40.5,741.638,1231.21,0,4,22,2024,11,113,420,50,1.07466,50,0.27126,0.09603,0.54651,0.527560363636364,0.667844113746271,8.19831074220368,0.7343482941,0.373451177183126,84.6345500019129
"784","2024-4-22",2,16.415,71.5877,5.31273,40.4,671.184,1110.09,0,4,22,2024,11.5,113,420,50,1.034,50,0.19935,0.09725,0.54623,0.5076,0.577867895896705,5.94633828721956,0.7345425525,0.411448260775895,67.6997225939354
"785","2024-4-22",2,17.165,64.7972,6.90358,40.5,760.514,1274.81,0,4,22,2024,12,113,420,50,1.08817,50,0.25414,0.09527,0.544,0.534192545454545,0.653053916781721,7.70660666804604,0.7338390525,0.360649754769788,76.6311461086028
"786","2024-4-22",2,17.849,54.6071,9.29487,40.4,650.734,1084.12,0,4,22,2024,12.5,113,420,50,1.02404,50,0.19396,0.10049,0.54704,0.502710545454546,0.529783918719168,5.6073265237869,0.7321185189,0.420085927224652,64.3772884693979
"787","2024-4-22",2,18.296,54.7052,9.5391,40.4,865.08,1459.15,0,4,22,2024,13,113,420,50,1.14362,50,0.25282,0.09937,0.54693,0.561413454545455,0.504808534195015,7.38984478762348,0.7304380224,0.311199840254204,62.3159787181693
"788","2024-4-22",2,17.797,70.361,6.04918,40.3,207.168,350.436,0,4,22,2024,14.5,113,420,50,0.55135,50,0.07374,0.10701,0.5561,0.270662727272727,0.321798248157101,2.0350688095398,0.7322854701,0.75552017005623,42.0565492296065
"789","2024-4-22",2,17.459,69.5684,6.07991,40.3,232.997,379.099,0,4,22,2024,15.5,113,420,50,0.59988,50,0.10122,0.10449,0.5497,0.294486545454545,0.424020680698247,2.82790473187333,0.7332256509,0.738392908287972,57.3912749033342
"790","2024-4-22",2,17.445,72.2559,5.53808,40.2,186.643,311.84,0,4,22,2024,16,113,420,50,0.51842,50,0.07146,0.10675,0.55746,0.254497090909091,0.289556329257798,1.98178379316176,0.7332591725,0.779212098462574,42.4502223835054
"791","2024-4-22",2,17.634,73.6539,5.32214,40.2,155.893,256.899,0,4,22,2024,16.5,113,420,50,0.45762,50,0.06108,0.10639,0.55321,0.224649818181818,0.236465544421264,1.68669157363301,0.7327702484,0.814224461307418,37.6584846913531
"792","2024-4-22",2,17.757,73.686,5.35704,40.2,156.617,254.719,0,4,22,2024,17,113,420,50,0.46082,50,0.06721,0.12013,0.56399,0.226220727272727,0.217278501730873,1.67571923894353,0.7324098461,0.815645707734591,37.409926563102
"793","2024-4-23",2,14.647,79.8699,3.36048,40.3,433.646,613.968,0,4,23,2024,7.5,114,420,50,0.91896,50,0.15073,0.05985,0.56574,0.451125818181818,0.675392268452265,7.56658411560708,0.7313039301,0.611907348053617,126.014965807414
"794","2024-4-23",2,15.197,78.1446,3.78017,40.3,520.083,759.104,0,4,23,2024,8,114,420,50,0.99686,50,0.15902,0.06443,0.58609,0.489367636363636,0.651537023825247,7.6820187533601,0.7330483101,0.544829051769769,114.930565284466
"795","2024-4-23",2,15.553,82.8462,3.03559,40.3,656.438,981.174,0,4,23,2024,8.5,114,420,50,1.09275,50,0.20446,0.07007,0.53817,0.536440909090909,0.638149934626084,8.33956037981993,0.7338226101,0.45614743470658,104.874117888503
"796","2024-4-23",2,16.526,78.0221,4.13873,40.3,615.936,945.069,0,4,23,2024,9,114,420,50,1.06915,50,0.18675,0.08162,0.56209,0.524855454545455,0.60499906697168,6.82994667346399,0.7345164564,0.469514921103826,88.7218595897706
"797","2024-4-23",2,14.731,86.3622,2.28905,40.3,767.359,1216.48,0,4,23,2024,10,114,420,50,1.15737,50,0.27709,0.08902,0.55138,0.568163454545455,0.654224523141434,9.11447599800573,0.7316134029,0.377877957216927,93.8867041523191
"798","2024-4-23",2,15.911,82.0933,3.24233,40.3,680.209,1085.89,0,4,23,2024,11,114,420,50,1.11467,50,0.27538,0.09557,0.54417,0.547201636363636,0.706793070416254,8.32708195412458,0.7343200869,0.419491506500894,96.5478703784281
"799","2024-4-23",2,15.948,81.2363,3.40555,40.3,945.812,1562.88,0,4,23,2024,12,114,420,50,1.23766,50,0.37473,0.09645,0.54156,0.607578545454545,0.694008633939076,11.1740405872611,0.7343554256,0.286417712639417,88.4739616405214
"800","2024-4-23",2,17.558,66.7936,6.67589,40.2,629.011,1049.72,0,4,23,2024,14.5,114,420,50,1.09576,50,0.2893,0.10535,0.55223,0.537918545454546,0.701603289339727,8.05343807485983,0.7329762996,0.43180723741789,95.4577872294556
"801","2024-4-23",2,17.571,53.5348,9.34914,40.2,334.325,567.582,0,4,23,2024,16,114,420,50,0.84149,50,0.15093,0.12587,0.57008,0.413095090909091,0.439897898106794,3.63025037282929,0.7329419549,0.635041073185092,63.2706521374246
"802","2024-4-23",2,17.342,45.2817,10.8516,40.2,290.262,480.209,0,4,23,2024,16.5,114,420,50,0.72923,50,0.13067,0.12989,0.56876,0.357985636363636,0.365759155879144,3.03862183085904,0.7334925396,0.681017551525193,56.9536141602357
"803","2024-4-24",2,14.458,60.2136,6.56119,39.9,596.146,839.661,0,4,24,2024,8,115,420,50,1.10022,50,0.18726,0.06101,0.58832,0.540108,0.718192446787476,9.58970042658735,0.7305508596,0.510824700241156,132.816057001752
"804","2024-4-24",2,15.144,57.8469,7.26611,39.8,691.578,1010.65,0,4,24,2024,8.5,115,420,50,1.15593,50,0.2381,0.07012,0.57186,0.567456545454545,0.709004377431936,10.3122786998427,0.7329091904,0.44551694360995,126.06951740015
"805","2024-4-24",2,14.854,61.0803,6.58458,39.9,783.357,1179.15,0,4,24,2024,9,115,420,50,1.20055,50,0.27798,0.07648,0.55927,0.589360909090909,0.685954364756917,10.7952978409973,0.7320385524,0.38933310139277,114.820014277582
"806","2024-4-24",2,15.716,59.4902,7.24404,39.8,802.76,1231.9,0,4,24,2024,9.5,115,420,50,1.20866,50,0.24645,0.08548,0.55157,0.593342181818182,0.604083496044369,8.44524745941775,0.7340840784,0.373245089018887,87.0177691565621
"807","2024-4-24",2,16.206,55.7953,8.15631,39.8,666.574,1046.67,0,4,24,2024,10,115,420,50,1.14023,50,0.28068,0.09288,0.54807,0.559749272727273,0.6914253462269,8.79574693148367,0.7345181204,0.432862133527074,105.339184439048
"808","2024-4-24",2,17.09,50.0071,9.75759,39.7,859.822,1368.98,0,4,24,2024,11,115,420,50,1.23107,50,0.23325,0.09744,0.54402,0.604343454545455,0.514662530517223,6.9158677067253,0.73396509,0.334478057323668,63.8191599175606
"809","2024-4-24",2,17.016,45.6537,10.55766,39.7,758.185,1219.16,0,4,24,2024,11.5,115,420,50,1.17522,50,0.2735,0.09841,0.54629,0.576926181818182,0.637801291182181,8.06285377015911,0.7340773184,0.377068654758901,83.9258287962725
"810","2024-4-24",2,17.774,43.8136,11.45077,39.7,575.001,912.303,0,4,24,2024,12,115,420,50,1.0566,50,0.18886,0.10154,0.54578,0.518694545454545,0.571657526154558,5.39098194230336,0.7323574164,0.481984944932125,71.0999377505238
"811","2024-4-24",2,18.62,39.3713,13.03034,39.7,520.461,830.37,0,4,24,2024,12.5,115,420,50,0.99349,50,0.15348,0.10309,0.55062,0.487713272727273,0.457565406078769,4.35346108618289,0.72894516,0.514635703741143,60.2521113275719
"812","2024-4-24",2,18.741,30.5958,15.02972,39.6,508.124,822.019,0,4,24,2024,14,115,420,50,0.95051,50,0.14769,0.1058,0.55431,0.466614,0.380381189935783,4.10927844575972,0.7283284109,0.518085392460048,57.0755290640325
"813","2024-4-24",2,18.375,30.2393,14.76462,39.6,482.162,785.941,0,4,24,2024,14.5,115,420,50,0.93427,50,0.17441,0.10786,0.55679,0.458641636363636,0.45456976196954,4.78134219424984,0.7300953125,0.533256463898735,68.9691840681047
"814","2024-4-24",2,18.962,31.2269,15.10012,39.6,492.808,815.78,0,4,24,2024,15,115,420,50,0.93547,50,0.19263,0.11224,0.56112,0.459230727272727,0.442902929034388,5.11422050308035,0.7271188116,0.52067772431257,70.9545467033335
"815","2024-4-24",2,19.007,30.7427,15.2492,39.6,534.795,895.108,0,4,24,2024,15.5,115,420,50,0.95988,50,0.30716,0.12148,0.56895,0.471213818181818,0.489638761767051,7.63978982888494,0.7268593461,0.488660942069715,99.3466148436532
"816","2024-4-24",2,18.802,28.3568,15.57386,39.5,274.753,459.606,0,4,24,2024,16,115,420,50,0.71361,50,0.13889,0.12269,0.56822,0.350317636363636,0.352724963956759,3.41606213171908,0.7280052756,0.692335371409292,63.3018390437129
"817","2024-4-24",2,18.825,29.5723,15.33166,39.5,324.783,556.651,0,4,24,2024,16.5,115,420,50,0.77632,50,0.20973,0.14587,0.58191,0.381102545454545,0.392972118407894,4.44322011230481,0.7278813125,0.640618732575501,76.1376843540371
"818","2024-4-24",2,18.152,36.4577,13.26158,39.4,87.0735,140.406,0,4,24,2024,17.5,115,420,50,0.33993,50,0.044,0.11417,0.55955,0.166874727272727,0.131422368721674,1.1452149514351,0.7310273856,0.893753919079033,27.8182977304538
"819","2024-4-25",2,16.549,68.8348,5.87742,39.3,439.719,628.852,0,4,25,2024,7.5,116,420,50,0.93552,50,0.15263,0.06477,0.58431,0.459255272727273,0.653582433122523,7.31234645730641,0.7345076589,0.604664451761706,122.325085701555
"820","2024-4-25",2,16.616,69.618,5.75419,39.3,257.822,410.855,0,4,25,2024,8,116,420,50,0.70339,50,0.1238,0.09925,0.54921,0.345300545454545,0.465172408740057,3.63811145191819,0.7344753984,0.719870459874489,72.4440696498869
"821","2024-4-25",2,16.333,70.0071,5.57906,39.3,205.178,335.758,0,4,25,2024,8.5,116,420,50,0.60897,50,0.10601,0.10362,0.54736,0.298948909090909,0.43027479411117,2.97388203414984,0.7345444221,0.764444081632292,62.9065213176794
"822","2024-4-25",2,16.726,72.1216,5.31707,39.3,304.237,488.193,0,4,25,2024,9,116,420,50,0.77192,50,0.13925,0.10008,0.54922,0.378942545454545,0.554378135335718,4.0582769820978,0.7344010164,0.676681618197601,75.9334136741098
"823","2024-4-25",2,16.45,74.1004,4.8537,39.3,216.368,357.622,0,4,25,2024,9.5,116,420,50,0.62815,50,0.10924,0.10424,0.54626,0.308364545454545,0.481390766147558,3.0401437761054,0.73453725,0.751189296293627,63.190784878975
"824","2024-4-25",2,16.319,74.6614,4.7091,39.3,206.757,345.27,0,4,25,2024,10,116,420,50,0.60898,50,0.10666,0.10333,0.54805,0.298953818181818,0.501570298028218,3.00429632049233,0.7345432629,0.758649044868511,63.0677459019857
"825","2024-4-25",2,16.223,72.2189,5.13152,39.3,260.032,432.526,0,4,25,2024,10.5,116,420,50,0.70187,50,0.12431,0.10316,0.54421,0.344554363636364,0.562501576485127,3.48264080833187,0.7345236981,0.707497770999818,68.1732209469165
"826","2024-4-25",2,16.46,71.9132,5.26694,39.3,230.233,388.433,0,4,25,2024,12.5,116,420,50,0.64724,50,0.11105,0.10513,0.5475,0.317736,0.537472773613925,3.07130859999085,0.73453524,0.732899715671744,62.2836087559359
"827","2024-4-25",2,17.244,67.6168,6.38247,39.2,576.585,958.646,0,4,25,2024,13,116,420,50,1.04375,50,0.19699,0.10276,0.54567,0.512386363636364,0.605603950962819,5.55517309937897,0.7336929104,0.464442833196366,71.0822974219615
"828","2024-4-25",2,17.924,66.1791,6.95811,39.2,312.417,519.599,0,4,25,2024,13.5,116,420,50,0.77438,50,0.12588,0.1059,0.54934,0.380150181818182,0.5150104142392,3.46776318087884,0.7318672464,0.65989192986351,62.4603899889224
"829","2024-4-25",2,18.724,60.0404,8.6442,39.2,543.904,924.496,0,4,25,2024,15,116,420,50,1.01551,50,0.22349,0.11336,0.56227,0.498523090909091,0.571510074911422,5.8869534862349,0.7284170064,0.477306326639247,75.3642360083274
"830","2024-4-25",2,18.651,63.4682,7.86668,39.1,356.848,598.816,0,4,25,2024,15.5,116,420,50,0.8287,50,0.18151,0.11439,0.55925,0.406816363636364,0.577094191410854,4.71265799424573,0.7287902189,0.61936978110499,78.435581922127
"831","2024-4-25",2,18.25,66.9102,6.94863,39.1,222.999,375.22,0,4,25,2024,16,116,420,50,0.62711,50,0.10911,0.10973,0.55647,0.307854,0.409674302939401,2.93851807448817,0.73063125,0.740687848147997,59.0356866038847
"832","2024-4-25",2,17.618,68.5149,6.35385,39.1,150.891,252.979,0,4,25,2024,16.5,116,420,50,0.47836,50,0.07993,0.11244,0.55659,0.234831272727273,0.305463693617357,2.10122137060029,0.7328146836,0.816781877150212,47.0716560719827
"833","2024-4-25",2,17.482,65.01,7.0008,39.1,163.076,254.228,0,4,25,2024,17,116,420,50,0.50497,50,0.08807,0.13057,0.5705,0.247894363636364,0.276408932954596,2.04356132447784,0.7331696436,0.815966156300568,45.8172542904874
"834","2024-4-25",2,17.196,70.4178,5.81273,39.1,80.8556,140.518,0,4,25,2024,17.5,116,420,50,0.2918,50,0.07609,0.13145,0.57231,0.143247272727273,0.241868288821074,1.75932373552592,0.7337833424,0.893673842315376,43.3368589436461
"835","2024-4-26",2,17.353,72.3323,5.49081,39,555.237,817.764,0,4,26,2024,8,117,420,50,1.01826,50,0.17915,0.06329,0.58585,0.499873090909091,0.701254939845925,8.80674831414339,0.7334687301,0.519851960128354,125.987861862208
"836","2024-4-26",2,17.858,70.1907,6.10736,39,655.661,995.626,0,4,26,2024,8.5,117,420,50,1.09391,50,0.23954,0.0723,0.57274,0.537010363636364,0.72255147737643,10.0773118176057,0.7320890196,0.450904010121826,124.165852328999
"837","2024-4-26",2,18.018,69.7946,6.25114,39,751.231,1171.23,0,4,26,2024,9,117,420,50,1.15454,50,0.26522,0.07964,0.56143,0.566774181818182,0.680156737939658,9.92928710853335,0.7315348436,0.391807747322806,106.007886786261
"838","2024-4-26",2,18.929,65.6598,7.52436,38.9,812.054,1288.58,0,4,26,2024,9.5,117,420,50,1.18884,50,0.30042,0.08422,0.55569,0.583612363636364,0.688291145839236,10.5267332994507,0.7273062549,0.356698639768981,100.146832861623
"839","2024-4-26",2,19.225,62.2374,8.42842,38.9,917.261,1480.44,0,4,26,2024,10,117,420,50,1.24073,50,0.26085,0.09033,0.54819,0.609085636363636,0.506474088637249,8.40692888331944,0.7255393125,0.305944367228916,67.9924417155285
"840","2024-4-26",2,19.272,71.7728,6.31863,38.9,344.863,571.746,0,4,26,2024,12.5,117,420,50,0.80225,50,0.15159,0.10753,0.54794,0.393831818181818,0.563073111297197,4.10224265781142,0.7252410176,0.632929143944429,68.5341292767254
"841","2024-4-26",2,21.177,59.7147,10.14461,38.8,736.721,1223.89,0,4,26,2024,13,117,420,50,1.14425,50,0.29413,0.10461,0.55023,0.561722727272727,0.581228355403295,8.21595061813629,0.7090601381,0.375644523125647,75.2167776730249
"842","2024-4-26",2,19.944,67.4227,7.60318,38.8,278.373,470.489,0,4,26,2024,13.5,117,420,50,0.70643,50,0.0808,0.1076,0.55689,0.346792909090909,0.293310027231171,2.22083320734264,0.7204445504,0.686333786740696,39.2811251807041
"843","2024-4-26",2,20.481,64.7056,8.51533,38.7,233.556,400.533,0,4,26,2024,15,117,420,50,0.63136,50,0.09719,0.11137,0.56299,0.309940363636364,0.332828957239245,2.60916459748517,0.7158975029,0.725839473128006,47.7219142917454
"844","2024-4-26",2,21.026,64.2297,8.92454,38.7,394.921,675.804,0,4,26,2024,15.5,117,420,50,0.86676,50,0.28423,0.13849,0.56968,0.425500363636364,0.624674709264295,6.20911790008018,0.7106340564,0.582373549215517,88.8035134004971
"845","2024-4-26",2,20.732,62.0708,9.29365,38.8,242.491,425.54,0,4,26,2024,16,117,420,50,0.64741,50,0.177,0.12597,0.57033,0.317819454545455,0.49998747152538,4.25578605730399,0.7135545936,0.711462904390326,75.4253601560754
"846","2024-4-26",2,20.486,64.251,8.62767,38.7,117.916,205.285,0,4,26,2024,16.5,117,420,50,0.38234,50,0.06244,0.11377,0.56258,0.187694181818182,0.196861094895229,1.6397092961646,0.7158521844,0.848548530758044,35.0527889082077
"847","2024-4-26",2,20.333,67.3781,7.79898,38.7,138.687,217.049,0,4,26,2024,17,117,420,50,0.43415,50,0.12866,0.13087,0.57847,0.213128181818182,0.376431371955376,3.02017229581685,0.7172140221,0.840600131479198,64.3890583555405
"848","2024-4-27",2,18.208,79.7248,4.24644,38.6,442.916,620.067,0,4,27,2024,7.5,118,420,50,0.93362,50,0.13929,0.0572,0.59442,0.458322545454546,0.679307956322741,7.6871394016587,0.7308036096,0.608929001603681,127.075804294023
"849","2024-4-27",2,19.496,73.7229,5.96465,38.6,558.907,810.271,0,4,27,2024,8,118,420,50,1.04864,50,0.1681,0.06437,0.58781,0.514786909090909,0.646935124873956,8.15208329155362,0.7237525824,0.522977519284874,111.69751943104
"850","2024-4-27",2,19.625,73.4258,6.08063,38.6,663.094,991.217,0,4,27,2024,8.5,118,420,50,1.13271,50,0.23277,0.07319,0.57549,0.556057636363636,0.69492525954504,9.71987041099354,0.7228453125,0.452497246926951,114.70954493726
"851","2024-4-27",2,20.065,70.8658,6.85073,38.6,753.135,1153.61,0,4,27,2024,9,118,420,50,1.19446,50,0.28107,0.07984,0.56433,0.586371272727273,0.700698201773589,10.5505363321973,0.7194753525,0.397369778427928,107.526192293723
"852","2024-4-27",2,21.851,54.3508,11.97928,38.5,887.02,1453.49,0,4,27,2024,12,118,420,50,1.07209,50,0.28537,0.09934,0.5465,0.526298727272727,0.446428677874178,8.33722956081637,0.7014231789,0.312612148183006,61.2282199887192
"853","2024-4-27",2,22.216,51.8451,12.92103,38.4,828.863,1371,0,4,27,2024,12.5,118,420,50,0.96206,50,0.25837,0.10096,0.5477,0.472284,0.403821539332609,7.44359812952056,0.6968702784,0.333937977285237,57.144199312444
"854","2024-4-27",2,22.817,54.0597,12.78484,38.3,646.28,1075.81,0,4,27,2024,14,118,420,50,0.89582,50,0.22588,0.11043,0.55857,0.439766181818182,0.384031208265647,6.06758330071517,0.6887349621,0.422887962112945,56.7757470500955
"855","2024-4-27",2,22.647,54.1915,12.6175,38.4,565.762,941.871,0,4,27,2024,14.5,118,420,50,0.86462,50,0.20288,0.11324,0.56264,0.424449818181818,0.374406810983289,5.35324862049287,0.6911167301,0.470717665973177,56.3812800231409
"856","2024-4-27",2,22.42,54.7769,12.28581,38.3,325.42,547.523,0,4,27,2024,15,118,420,50,0.68788,50,0.12363,0.11444,0.56489,0.337686545454546,0.301476270794111,3.2408381355635,0.69419796,0.64531390897213,47.4756939353909
"857","2024-4-27",2,22.412,54.1432,12.45191,38.3,271.559,458.863,0,4,27,2024,15.5,118,420,50,0.61573,50,0.12709,0.11361,0.56639,0.302267454545455,0.326658213966413,3.36478896214926,0.6943044816,0.69274701788327,52.9411526056902
"858","2024-4-27",2,22.092,58.5863,11.02865,38.3,195.886,323.259,0,4,27,2024,16,118,420,50,0.5388,50,0.08428,0.10938,0.56012,0.264501818181818,0.236057495137644,2.29200268406288,0.6984498896,0.772126254677949,40.9901212687093
"859","2024-4-27",2,21.011,67.1644,8.1848,38.3,65.5759,110.804,0,4,27,2024,17.5,118,420,50,0.23085,50,0.04897,0.11118,0.55567,0.113326363636364,0.128433366565649,1.29977391974826,0.7107876669,0.915172048714805,29.2343633561013
"860","2024-4-28",2,16.034,99.5564,0.08096,40.1,97.9808,174.89,0,4,28,2024,9,119,420,50,0.36794,50,0.07882,0.09087,0.47102,0.180625090909091,0.380064791530197,2.16971496507199,0.7344259284,0.869434742289775,52.1677377373204
"861","2024-4-28",2,16.063,99.5938,0.07427,39.9,91.6644,162.579,0,4,28,2024,9.5,119,420,50,0.34961,50,0.06445,0.08575,0.41563,0.171626727272727,0.300658822862398,1.65898750105442,0.7344460341,0.878039937042952,40.2869586011815
"862","2024-4-28",2,16.056,99.6274,0.06809,39.8,101.776,182.793,0,4,28,2024,10,119,420,50,0.38313,50,0.04948,0.07559,0.33406,0.188082,0.205490695510801,1.16128082815947,0.7344413504,0.863955168357025,27.7475812762448
"863","2024-4-28",2,15.989,99.6696,0.06012,39.7,109.05,194.36,0.1,4,28,2024,10.5,119,420,50,0.40723,50,0.05676,0.07142,0.31232,0.199912909090909,0.243678264338398,1.31816498395551,0.7343910669,0.855997348835484,31.1980103976838
"864","2024-4-28",2,17.043,96.8127,0.62025,39.2,212.974,373.257,0,4,28,2024,13.5,119,420,50,0.69238,50,0.11343,0.10649,0.55941,0.339895636363636,0.553781124160173,3.16443926312719,0.7340377661,0.741851938148962,64.7906643111349
"865","2024-4-28",2,15.934,98.1974,0.32687,39.1,28.1116,54.8523,0.2,4,28,2024,16,119,420,50,0.1282,50,0.03335,0.08597,0.39947,0.0629345454545455,0.140500385507884,0.822963388345558,0.7343424084,0.957067037833318,21.7720464588225
"866","2024-4-29",2,14.912,98.0364,0.33345,38.7,130.819,210.023,0,4,29,2024,7,120,420,50,0.55531,50,0.07242,0.09654,0.57634,0.272606727272727,0.296113606275043,2.29602927965133,0.7322274816,0.845338280317201,53.0747527248246
"867","2024-4-29",2,15.546,94.8012,0.91958,38.7,258.469,390.223,0,4,29,2024,7.5,120,420,50,0.89983,50,0.08604,0.08653,0.57737,0.441734727272727,0.37463195341578,3.04884500195405,0.7338100724,0.731850954371211,61.5106108860674
"868","2024-4-29",2,15.22,97.4233,0.44633,38.8,93.7309,155.965,0,4,29,2024,8,120,420,50,0.42877,50,0.05532,0.09946,0.49069,0.210487090909091,0.219463440708359,1.44940033634601,0.73310676,0.882698134817988,35.1423028361335
"869","2024-4-29",2,14.645,99.1081,0.14887,38.8,83.6304,145.809,0,4,29,2024,8.5,120,420,50,0.39146,50,0.0492,0.08181,0.34635,0.192171272727273,0.174981801714879,1.1061686244833,0.7312963725,0.889899094188444,26.790572253542
"870","2024-4-29",2,14.543,99.5273,0.07838,38.7,96.8103,169.028,0,4,29,2024,9,120,420,50,0.44362,50,0.06898,0.08281,0.36738,0.217777090909091,0.281456351162532,1.62518703494321,0.7308992661,0.873521618875437,38.5584573705744
"871","2024-4-29",2,15.594,97.3649,0.46754,38.7,266.05,437.393,0,4,29,2024,10.5,120,420,50,0.9352,50,0.14425,0.10444,0.55905,0.459098181818182,0.635200498921979,4.10059657225996,0.7338938804,0.704748413601019,79.7002264849604
"872","2024-4-29",2,16.535,88.2929,2.20587,38.7,698.702,1134.22,0,4,29,2024,11.5,120,420,50,1.52914,50,0.28515,0.1019,0.55908,0.750668727272727,0.71875738690839,8.3084609354808,0.7345131525,0.403581834575694,92.770256794004
"873","2024-4-29",2,17.389,84.1283,3.157,38.7,680.869,1119.38,0,4,29,2024,12.5,120,420,50,1.5229,50,0.37588,0.10608,0.55772,0.747605454545454,0.826297299246536,10.4949254913847,0.7333889469,0.40840171229885,117.902529850879
"874","2024-4-29",2,18.558,80.1785,4.24354,38.7,513.964,845.395,0,4,29,2024,13,120,420,50,1.35608,50,0.305,0.11409,0.56326,0.665712,0.811493146065821,7.9966594974983,0.7292486996,0.508486811457489,109.519993472318
"875","2024-4-29",2,18.716,77.908,4.77663,38.7,410.681,656.855,0,4,29,2024,13.5,120,420,50,1.22003,50,0.20247,0.11039,0.56372,0.598923818181818,0.729312093429266,5.4908784076743,0.7284584784,0.591269120846981,87.0954726158572
"876","2024-4-29",2,18.449,78.8352,4.50029,38.7,554.316,917.362,0,4,29,2024,14,120,420,50,1.41129,50,0.31994,0.10865,0.56523,0.692815090909091,0.809806115646782,8.83916921361657,0.7297618389,0.480038197558263,114.58340311918
"877","2024-4-29",2,18.913,80.6869,4.22751,38.6,496.091,836.661,0,4,29,2024,14.5,120,420,50,1.3464,50,0.28934,0.11555,0.57016,0.66096,0.763873793399169,7.58198126478363,0.7273962741,0.512052151874518,103.594378028172
"878","2024-4-29",2,19.444,74.9666,5.664,38.6,579.367,979.208,0,4,29,2024,15,120,420,50,1.44715,50,0.27488,0.11923,0.57654,0.710419090909091,0.650226430662863,7.05885849307407,0.7241079504,0.456865427873705,84.642191886665
"879","2024-4-29",2,19.033,77.7732,4.90188,38.6,378.724,642.683,0,4,29,2024,15.5,120,420,50,1.18426,50,0.23929,0.11559,0.57562,0.581364,0.707029929401462,6.32830780700544,0.7267074021,0.598010838867067,100.630206841959
"880","2024-4-29",2,18.682,79.8722,4.34269,38.6,270.632,455.169,0,4,29,2024,16,120,420,50,0.98014,50,0.12423,0.11875,0.57493,0.481159636363636,0.415540330582561,3.1941497387987,0.7286331636,0.694797251804067,59.5889216237549
"881","2024-4-29",2,18.274,84.7625,3.20459,38.6,147.552,244.438,0,4,29,2024,16.5,120,420,50,0.65087,50,0.06462,0.11456,0.56731,0.319518,0.237746691687839,1.69942429060784,0.7305310164,0.822381894472193,37.8883102751648
"882","2024-4-29",2,17.445,90.9608,1.80434,38.6,83.2371,139.432,0,4,29,2024,17,120,420,50,0.41492,50,0.0631,0.10626,0.56182,0.203688,0.266511150500346,1.77175708012948,0.7332591725,0.894450603525791,43.5640801707769
"883","2024-4-29",2,16.893,94.8465,0.99337,38.6,32.9981,59.3568,0,4,29,2024,17.5,120,420,50,0.18316,50,0.05912,0.10958,0.56339,0.0899149090909091,0.242685180169789,1.61420875049134,0.7342372061,0.953624357802195,42.5284191624808
"884","2024-4-30",2,8.882,95.71,0.48913,39.3,52.3517,96.4649,0,4,30,2024,8.5,121,420,50,0.28614,50,0.05708,0.09767,0.54994,0.140468727272727,0.243046579628264,1.70681134102064,0.6729730836,0.925730688305105,32.5150462405013
"885","2024-4-30",2,8.782,94.571,0.61481,39.3,93.5805,171.34,0.2,4,30,2024,9,121,420,50,0.46933,50,0.07508,0.09803,0.54944,0.230398363636364,0.319363333279747,2.23477069962849,0.6713161236,0.871907446535921,39.7971556176867
"886","2024-4-30",2,8.596,96.7768,0.36044,39.4,111.189,196.669,0.4,4,30,2024,9.5,121,420,50,0.53758,50,0.06289,0.09247,0.54405,0.263902909090909,0.282601524656221,1.96502004790794,0.6681756624,0.854417610028669,33.8080088320459
"887","2024-4-30",2,8.846,95.2619,0.5389,39.5,100.417,177.682,0.2,4,30,2024,10,121,420,50,0.49359,50,0.07946,0.09695,0.53851,0.242307818181818,0.365670308063607,2.34391551418306,0.6723791124,0.867494940027031,41.7303026860584
"888","2024-4-30",2,8.918,89.7083,1.17628,39.5,123.952,219.913,0,4,30,2024,10.5,121,420,50,0.58145,50,0.09137,0.099,0.55018,0.285439090909091,0.413049417500328,2.69662566224543,0.6735642036,0.838676353179961,46.6655386497518
"889","2024-4-30",2,8.669,89.6135,1.16725,39.6,130.796,235.863,0.3,4,30,2024,11.5,121,420,50,0.60193,50,0.09101,0.09471,0.54759,0.295492909090909,0.426291543061357,2.79444920698804,0.6694172829,0.828042829073863,46.8560631617788
"890","2024-4-30",2,8.394,92.7372,0.80111,39.7,163.733,282.852,0.1,4,30,2024,12,121,420,50,0.70977,50,0.13742,0.09796,0.54358,0.348432545454545,0.490782112921486,4.04959946932313,0.6646788404,0.797493495874225,64.016233013756
"891","2024-4-30",2,8.578,92.1961,0.87162,39.7,221.949,390.196,0,4,30,2024,12.5,121,420,50,0.87457,50,0.18135,0.09807,0.54944,0.429334363636364,0.552305710242637,5.39571611361379,0.6678677076,0.731866762522553,79.407305291279
"892","2024-4-30",2,8.647,95.3856,0.5178,39.7,182.618,315.55,0,4,30,2024,13,121,420,50,0.76251,50,0.11383,0.10094,0.54655,0.374323090909091,0.447511601374139,3.2731866253974,0.6690443301,0.776902825610453,51.4070328569049
"893","2024-4-30",2,8.341,99.1929,0.0887,39.8,121.381,217.692,0.1,4,30,2024,14,121,420,50,0.55807,50,0.08937,0.09341,0.53616,0.273961636363636,0.409780383005447,2.72420778814591,0.6637464909,0.840167837966989,45.1795286291951
"894","2024-4-30",2,8.595,96.0364,0.44321,39.8,127.019,228.071,0,4,30,2024,14.5,121,420,50,0.57616,50,0.05893,0.09432,0.56112,0.282842181818182,0.279292163026394,1.86181202673865,0.6681585725,0.833220638282421,31.2352360128257
"895","2024-4-30",2,8.456,96.9551,0.33728,39.8,55.9229,99.97,0.1,4,30,2024,15,121,420,50,0.28869,50,0.07262,0.10301,0.53527,0.141720545454545,0.323221845958354,2.00399758870971,0.6657616704,0.923138501444809,36.8490753860078
"896","2024-4-30",2,8.326,98.20385,0.19721,39.9,49.48525,88.9618,0.15,4,30,2024,15.5,121,420,50,0.25778,50,0.07262,0.07483,0.36636,0.126546545454545,0.292102649338353,1.88814778541424,0.6634814964,0.93130407859493,34.6694821610544
"897","2024-5-1",2,6.552,93.5038,0.63161,40.5,42.2948,71.486,0,5,1,2024,7,122,420,50,0.1958,50,0.03718,0.10068,0.55704,0.09612,0.100939103969771,1.09244603956409,0.6286504256,0.944415746840403,17.465840817106
"898","2024-5-1",2,7.108,76.5974,2.36418,40.5,120.352,194.715,0,5,1,2024,7.5,122,420,50,0.48494,50,0.08079,0.10078,0.55688,0.238061454545455,0.241616548190172,2.37078575289092,0.6403119696,0.855754280105808,36.1166136381275
"899","2024-5-1",2,7.436,65.1438,3.60139,40.5,151.471,248.788,0,5,1,2024,8,122,420,50,0.57913,50,0.09118,0.10358,0.56093,0.284300181818182,0.283279871230974,2.6222843487833,0.6468724944,0.819524979394862,39.3667096110431
"900","2024-5-1",2,7.541,52.894,4.90219,40.5,184.528,302.566,0,5,1,2024,8.5,122,420,50,0.66937,50,0.09636,0.10566,0.56183,0.328599818181818,0.301803706599923,2.72106266982554,0.6489226509,0.785014727679941,39.482666194497
"901","2024-5-1",2,7.934,45.7548,5.79883,40.6,306.112,499.619,0,5,1,2024,9,122,420,50,0.943,50,0.15708,0.10387,0.55578,0.462927272727273,0.396619196565115,4.46355724801644,0.6563808084,0.67052439072622,57.1707845597275
"902","2024-5-1",2,8.265,44.6878,6.04778,40.5,252.78,424.239,0,5,1,2024,10,122,420,50,0.82664,50,0.12195,0.10475,0.5567,0.405805090909091,0.389049308494374,3.4418855748967,0.6623987525,0.712203780466245,48.0967981465805
"903","2024-5-1",2,8.315,46.4058,5.87991,40.5,272.449,459.825,0,5,1,2024,10.5,122,420,50,0.86596,50,0.1168,0.10303,0.55932,0.425107636363636,0.392587683570663,3.36733966270032,0.6632868525,0.692214084877232,45.9164889746277
"904","2024-5-1",2,8.336,46.6631,5.86004,40.5,230.112,391.996,0,5,1,2024,11,122,420,50,0.76956,50,0.11203,0.10477,0.55859,0.377784,0.401101430036959,3.17203508660709,0.6636582144,0.730813632819887,45.7412755724846
"905","2024-5-1",2,8.557,45.293,6.10152,40.5,382.768,627.196,0,5,1,2024,11.5,122,420,50,1.06285,50,0.16996,0.10284,0.55602,0.521762727272727,0.459661351859665,4.88003011073963,0.6675075261,0.60546604208359,59.3180191080167
"906","2024-5-1",2,12.786,53.4216,6.88859,40.4,479.013,794.078,0,5,1,2024,15,122,420,50,1.18039,50,0.19973,0.10734,0.56212,0.579464181818182,0.549951912711434,5.55466897226683,0.7204660244,0.529796451487864,75.848348960748
"907","2024-5-1",2,12.545,59.8973,5.83779,40.4,370.588,613.067,0,5,1,2024,15.5,122,420,50,1.01672,50,0.1951,0.11082,0.56441,0.499117090909091,0.56196244220265,5.2769290771879,0.7185052725,0.612348569867333,82.4782921819839
"908","2024-5-1",2,12.448,62.2379,5.46212,40.3,273.543,455.306,0,5,1,2024,16,122,420,50,0.83531,50,0.16372,0.11282,0.56579,0.410061272727273,0.522582115978064,4.3603197871062,0.7176800256,0.694721106198125,77.0048515925043
"909","2024-5-1",2,12.197,62.0105,5.40497,40.4,228.613,388.401,0,5,1,2024,16.5,122,420,50,0.73531,50,0.12799,0.12619,0.57325,0.360970363636364,0.415301867410513,3.0877533100972,0.7154485101,0.732918478144624,56.900461237227
"910","2024-5-2",2,10.584,51.3232,6.22279,40.1,95.9816,157.075,0,5,2,2024,7,123,420,50,0.32608,50,0.04071,0.10373,0.56093,0.160075636363636,0.131252791737944,1.16910313786658,0.6978008384,0.881914646794436,23.8077094275489
"911","2024-5-2",2,10.836,50.3299,6.4574,40.1,75.7626,129.358,0,5,2,2024,7.5,123,420,50,0.26634,50,0.03554,0.10617,0.56042,0.130748727272727,0.123917417852778,0.996269111847258,0.7009352144,0.901688285619152,21.0545369186992
"912","2024-5-2",2,10.956,53.5961,6.08118,40.1,95.6012,163.988,0,5,2,2024,8,123,420,50,0.32895,50,0.04493,0.10617,0.56021,0.161484545454545,0.17089661077814,1.25902076212946,0.7023786704,0.87705076802631,26.0594285072292
"913","2024-5-2",2,11.299,55.1033,6.01936,40.1,179.939,301.901,0,5,2,2024,8.5,123,420,50,0.55673,50,0.08086,0.1053,0.55892,0.273303818181818,0.314196666715347,2.27930503590457,0.7063298589,0.785432466623773,43.0585175106711
"914","2024-5-2",2,11.632,58.9068,5.63239,40.1,261.824,432.799,0,5,2,2024,9,123,420,50,0.73719,50,0.13115,0.10425,0.55805,0.361893272727273,0.462721807701956,3.72831654045706,0.7099182336,0.707343270358716,64.5402885994558
"915","2024-5-2",2,12.207,62.1522,5.38836,40,555.656,900.656,0,5,2,2024,9.5,123,420,50,1.17379,50,0.2072,0.0928,0.55838,0.576224181818182,0.553809812886302,6.62093101776436,0.7155400661,0.486496875393766,81.0236810981554
"916","2024-5-2",2,12.148,67.4537,4.6156,40.1,546.481,887.534,0,5,2,2024,10,123,420,50,1.16449,50,0.21393,0.09774,0.55617,0.571658727272727,0.565575150674836,6.46478892093133,0.7149967056,0.491630824920662,79.7347460131627
"917","2024-5-2",2,12.404,66.437,4.84071,40.1,709.067,1162.17,0,5,2,2024,10.5,123,420,50,1.32481,50,0.2716,0.09408,0.55364,0.650361272727273,0.600964735463093,8.48803869395199,0.7172988624,0.394657886301757,84.9964372919347
"918","2024-5-2",2,13.418,67.5217,5.00604,40,630.307,1034.47,0,5,2,2024,11.5,123,420,50,1.25379,50,0.20057,0.09892,0.55197,0.615496909090909,0.573423593146545,5.94353431955773,0.7250010036,0.437107551891272,68.4921159922837
"919","2024-5-2",2,13.063,71.0649,4.35764,40,496.084,817.586,0,5,2,2024,12,123,420,50,1.11038,50,0.2785,0.10256,0.55178,0.545095636363636,0.715567918722387,7.95720553445953,0.7225618341,0.519925992318443,107.748422099165
"920","2024-5-2",2,13.682,70.2999,4.65727,40,540.257,894.902,0,5,2,2024,12.5,123,420,50,1.16248,50,0.25696,0.10144,0.55303,0.570672,0.6862197974739,7.43964834352169,0.7266351636,0.488741480029114,96.6507811934455
"921","2024-5-2",2,14.722,66.3007,5.65301,40,681.718,1134.04,0,5,2,2024,13,123,420,50,1.30193,50,0.3121,0.10354,0.5513,0.639129272727273,0.699020571629314,8.82512843101153,0.7315809876,0.40363995454441,97.0877238015799
"922","2024-5-2",2,14.559,64.0622,5.96536,39.9,748.487,1285.28,0,5,2,2024,13.5,123,420,50,1.35705,50,0.33406,0.10229,0.55254,0.666188181818182,0.676478834517462,9.58302134229015,0.7309630709,0.357641568295974,93.1180741362021
"923","2024-5-2",2,14.917,61.4084,6.55564,40,701.783,1194.19,0,5,2,2024,14,123,420,50,1.31938,50,0.25923,0.10483,0.55765,0.647695636363636,0.613641302989134,7.32333353965396,0.7322434221,0.384676714515181,77.0406685246347
"924","2024-5-2",2,15.383,65.0504,6.11769,39.9,440.92,740.53,0,5,2,2024,15,123,420,50,1.04976,50,0.21407,0.1114,0.56254,0.515336727272727,0.632027580499167,5.74078736146502,0.7334876421,0.552985222632716,87.3696178921587
"925","2024-5-2",2,15.175,64.2786,6.16974,39.9,143.614,237.051,0,5,2,2024,16,123,420,50,0.50055,50,0.07713,0.10585,0.56063,0.245724545454545,0.361890221381454,2.16948292589314,0.7329913125,0.827256231019715,49.268542965364
"926","2024-5-2",2,14.937,65.5548,5.85883,39.9,178.289,300.165,0,5,2,2024,16.5,123,420,50,0.59157,50,0.11044,0.11071,0.56152,0.290407090909091,0.455132066023687,2.97476189951045,0.7323066341,0.786524033041693,64.0058350543685
"927","2024-5-2",2,14.991,65.4512,5.89694,39.9,103.876,175.656,0,5,2,2024,17,123,420,50,0.3907,50,0.06192,0.1087,0.55963,0.191798181818182,0.257197236958272,1.69297219352089,0.7324729109,0.868902115893095,40.2758285536119
"928","2024-5-2",2,14.543,64.4908,5.88812,39.9,53.4962,95.0163,0,5,2,2024,17.5,123,420,50,0.22229,50,0.07067,0.11209,0.56439,0.109124181818182,0.288871481314612,1.8897091511798,0.7308992661,0.926804120954847,47.5691691462092
"929","2024-5-3",2,12.195,68.7948,4.43914,39.7,124.91,205.956,0,5,3,2024,7,124,420,50,0.51572,50,0.08606,0.10147,0.56088,0.253171636363636,0.316613637348654,2.5262775885348,0.7154301725,0.848093152141289,53.8645489306206
"930","2024-5-3",2,12.345,65.0461,5.02179,39.7,120.66,204.055,0,5,3,2024,7.5,124,420,50,0.50489,50,0.06074,0.10471,0.55915,0.247855090909091,0.228505319886036,1.72251253517889,0.7167810725,0.849383913453191,37.0280360196049
"931","2024-5-3",2,12.501,66.339,4.88591,39.7,178.932,298.465,0,5,3,2024,8,124,420,50,0.66832,50,0.10015,0.10261,0.55706,0.328084363636364,0.396733117680817,2.88742474940378,0.7181334989,0.787594433433912,57.9395388130586
"932","2024-5-3",2,12.475,63.2782,5.32109,39.7,146.566,252.362,0,5,3,2024,8.5,124,420,50,0.58578,50,0.0807,0.10456,0.55599,0.287564727272727,0.343358719950139,2.27888481445152,0.7179118125,0.817185140201907,47.3946187531572
"933","2024-5-3",2,12.681,64.5309,5.2096,39.7,172.467,299.803,0,5,3,2024,9,124,420,50,0.65704,50,0.10391,0.10458,0.55579,0.322546909090909,0.453211192396803,2.93269480372412,0.7196274629,0.786751843387008,59.2211581096047
"934","2024-5-3",2,12.709,66.0288,4.99877,39.7,121.277,217.69,0,5,3,2024,9.5,124,420,50,0.51564,50,0.08309,0.10405,0.55627,0.253132363636364,0.41026454232474,2.35906412959299,0.7198534509,0.840169182236605,50.9290187011009
"935","2024-5-3",2,12.953,63.9976,5.38308,39.6,120.25,215.302,0,5,3,2024,11,124,420,50,0.51904,50,0.08685,0.10688,0.55823,0.254801454545454,0.463449357904005,2.40898437890409,0.7217497701,0.841775775571681,52.599489572594
"936","2024-5-3",2,13.2,66.7803,5.04793,39.6,174.617,322.026,0,5,3,2024,12.5,124,420,50,0.67938,50,0.11059,0.10353,0.56144,0.333513818181818,0.562465148833045,3.18493393908404,0.723536,0.772888255772719,64.4226661427232
"937","2024-5-3",2,13.109,66.6935,5.0311,39.6,203.253,369.431,0,5,3,2024,13,124,420,50,0.75,50,0.13156,0.10415,0.55508,0.368181818181818,0.587084040316912,3.72363928888073,0.7228935309,0.744126077128104,72.2839375327539
"938","2024-5-3",2,13.438,66.4943,5.17114,39.6,224.915,399.479,0,5,3,2024,13.5,124,420,50,0.79923,50,0.14188,0.10564,0.55864,0.392349272727273,0.602333633915959,3.9844854947035,0.7251301716,0.726451759075226,76.3603542348232
"939","2024-5-3",2,13.935,66.0794,5.40734,39.6,352.537,604.957,0,5,3,2024,14,124,420,50,1.01541,50,0.2169,0.10433,0.55342,0.498474,0.689677766359092,6.11016064316011,0.7280573525,0.6163344034511,100.822464649327
"940","2024-5-3",2,13.529,68.6838,4.86199,39.6,168.196,295.556,0,5,3,2024,14.5,124,420,50,0.66923,50,0.10027,0.1052,0.55458,0.328531090909091,0.505148791575238,2.80715835508725,0.7257067749,0.789429457605339,58.6308698004772
"941","2024-5-3",2,12.984,71.6035,4.25447,39.6,121.655,226.032,0,5,3,2024,15,124,420,50,0.53518,50,0.06954,0.10585,0.5566,0.262724727272727,0.34807201855536,1.94193397433709,0.7219813184,0.83458089691291,42.0876696691313
"942","2024-5-3",2,12.05,74.0514,3.65623,39.5,117.418,218.916,0,5,3,2024,15.5,124,420,50,0.52087,50,0.06505,0.10613,0.55069,0.255699818181818,0.301453221179561,1.79251897101264,0.71407725,0.839345548278786,37.5751771539476
"943","2024-5-3",2,11.932,76.6625,3.26281,39.5,144.096,257.716,0.1,5,3,2024,16,124,420,50,0.60095,50,0.10051,0.10235,0.55118,0.295011818181818,0.446479395735397,2.87449998224427,0.7129421136,0.813692458077102,58.0908040129901
"944","2024-5-3",2,12.184,76.5221,3.33746,39.6,51.0766,96.8095,0,5,3,2024,16.5,124,420,50,0.26722,50,0.04338,0.10365,0.55623,0.131180727272727,0.202007341967605,1.23629491717075,0.7153291584,0.925475518043238,28.7508018358362
"945","2024-5-3",2,12.108,79.3149,2.92576,39.5,37.2404,74.1893,0.1,5,3,2024,17,124,420,50,0.20227,50,0.04771,0.10174,0.55389,0.0992961818181818,0.217130990978181,1.37939498119752,0.7146239696,0.942375522500219,32.5516288469672
"946","2024-5-5",2,11.478,100.15,-0.02035,41.1,29.1413,53.8031,0,5,5,2024,7,126,420,50,0.14506,50,0.0297,0.07639,0.35907,0.0712112727272727,0.0885493762915993,0.741389608964996,0.7082890676,0.957870698855468,17.2429360065868
"947","2024-5-5",2,11.506,100.147,-0.01998,41.1,63.3764,112.929,0.2,5,5,2024,7.5,126,420,50,0.28533,50,0.05115,0.07496,0.35152,0.140071090909091,0.174102985468469,1.27383604465869,0.7085891604,0.913617577906545,28.2987193843341
"948","2024-5-5",2,11.725,100.138,-0.01903,41.1,98.9464,173.373,0.2,5,5,2024,8,126,420,50,0.40512,50,0.0715,0.07291,0.34671,0.198877090909091,0.264351103587158,1.80564656236567,0.7108768125,0.870490528814699,38.646326707847
"949","2024-5-5",2,11.649,100.135,-0.01852,41.2,86.21,153.519,0.8,5,5,2024,8.5,126,420,50,0.36402,50,0.06688,0.0715,0.36973,0.178700727272727,0.291749534115072,1.83663284753463,0.7100948789,0.884427089585854,39.7873374256184
"950","2024-5-5",2,11.8,100.128,-0.01774,41.2,102.671,180.654,0.2,5,5,2024,9,126,420,50,0.41512,50,0.07839,0.0732,0.42557,0.203786181818182,0.406971831902037,2.42029343381015,0.711636,0.865434834082049,51.6915152621589
"951","2024-5-5",2,11.688,100.147,-0.02022,41.2,87.6427,159.715,0.2,5,5,2024,9.5,126,420,50,0.36751,50,0.06837,0.07138,0.37769,0.180414,0.338462205191447,1.92119725035721,0.7104977216,0.880054008585976,41.4946385059837
"952","2024-5-5",2,11.642,100.136,-0.01865,41.2,94.8564,175.173,0.6,5,5,2024,10,126,420,50,0.38984,50,0.07066,0.06551,0.35103,0.191376,0.363834725589727,2.0107482600749,0.7100222196,0.86923792454473,42.7960401525111
"953","2024-5-5",2,11.581,100.151,-0.02063,41.2,73.2642,136.478,0.7,5,5,2024,10.5,126,420,50,0.31803,50,0.05257,0.06815,0.35923,0.156123818181818,0.276947624832051,1.47160803012488,0.7093844829,0.89656686878618,32.2060690958493
"954","2024-5-5",2,11.673,100.142,-0.01952,41.2,87.5714,156.846,0.1,5,5,2024,11,126,420,50,0.36548,50,0.06247,0.07034,0.30958,0.179417454545455,0.277267027628959,1.46012309967136,0.7103431781,0.882076228358148,31.5849390051764
"955","2024-5-5",2,11.803,100.133,-0.01844,41.2,177.849,304.938,0,5,5,2024,11.5,126,420,50,0.60077,50,0.111,0.06667,0.27197,0.294923454545455,0.424995852757818,2.40470030667035,0.7116661101,0.78352649621329,46.5045279238144
"956","2024-5-5",2,11.907,100.119,-0.01661,41.2,165.494,293.031,0,5,5,2024,12,126,420,50,0.57292,50,0.10104,0.06282,0.23026,0.281251636363636,0.351781002621714,1.96680516290709,0.7126976861,0.791025716788696,38.5938556020803
"957","2024-5-5",2,12.233,99.5864,0.05898,41.1,256.376,426.885,0,5,5,2024,15,126,420,50,0.73441,50,0.15552,0.09339,0.49578,0.360528545454545,0.571403824025557,4.38452256137247,0.7157770821,0.71069778201486,78.4740314976182
"958","2024-5-5",2,12.332,96.5129,0.50056,41.1,123.24,204.454,0,5,5,2024,16,126,420,50,0.46305,50,0.08804,0.09902,0.55405,0.227315454545455,0.4421717771041,2.61609496492079,0.7166659536,0.849112833374699,56.1871390094453
"959","2024-5-5",2,12.581,89.5619,1.52308,41.1,93.473,155.754,0,5,5,2024,17,126,420,50,0.37668,50,0.069,0.0999,0.57473,0.184915636363636,0.327045247775677,2.1081179373981,0.7188062829,0.882847146839406,47.5758628105496
"960","2024-5-6",2,14.556,83.6073,2.72052,40.6,473.764,676.048,0,5,6,2024,7.5,127,420,50,0.91455,50,0.131,0.05583,0.60604,0.448960909090909,0.654887156150257,7.55183323805835,0.7309511504,0.582259880993089,119.461089972575
"961","2024-5-6",2,15.265,82.4765,3.0442,40.7,569.334,838.486,0,5,6,2024,8,127,420,50,0.97515,50,0.16407,0.0675,0.59672,0.47871,0.632668950168889,7.70270797578038,0.7332177525,0.511305101212466,108.24294591486
"962","2024-5-6",2,15.063,85.6656,2.45803,40.7,595.038,903.299,0,5,6,2024,8.5,127,420,50,0.98762,50,0.16588,0.08112,0.5832,0.484831636363636,0.559459423112167,6.33331419488645,0.7326846341,0.485469313122093,84.2725192124782
"963","2024-5-6",2,15.725,84.2558,2.81703,40.6,595.743,921.495,0,5,6,2024,9,127,420,50,0.98599,50,0.15518,0.08822,0.5738,0.484031454545455,0.534112667883163,5.36014664977054,0.7340968125,0.478453620328519,70.8021281613231
"964","2024-5-6",2,15.746,86.0189,2.50494,40.6,630.75,994.166,0,5,6,2024,9.5,127,420,50,1.00225,50,0.23039,0.08867,0.56985,0.492013636363636,0.669263862300755,7.86311998562841,0.7341258324,0.451430973692466,98.0123087621929
"965","2024-5-6",2,15.934,86.9534,2.3658,40.6,680.358,1082.09,0,5,6,2024,10,127,420,50,1.02377,50,0.21526,0.09535,0.5639,0.502578,0.619560233073005,6.76070781548909,0.7343424084,0.420768701032736,78.6342905122032
"966","2024-5-6",2,16.652,86.4731,2.56779,40.6,598.549,960.077,0,5,6,2024,10.5,127,420,50,0.98145,50,0.2207,0.09906,0.56575,0.481802727272727,0.674312458794141,6.69385045925725,0.7344539856,0.463911443266553,85.8886735885037
"967","2024-5-6",2,19.961,72.6073,6.39989,40.3,668.252,1123.44,0,5,6,2024,15,127,420,50,0.99714,50,0.31636,0.11576,0.58115,0.489505090909091,0.676274592605208,8.43448800111794,0.7203103269,0.407077375424645,88.4257802017689
"968","2024-5-6",2,20.268,65.6564,8.17769,40.4,565.676,958.028,0,5,6,2024,15.5,127,420,50,0.94337,50,0.2945,0.12051,0.58629,0.463108909090909,0.653027759991919,7.60890449982745,0.7177769936,0.46467251050465,89.9220572755172
"969","2024-5-6",2,19.837,70.9113,6.74412,40.3,444.137,755.396,0,5,6,2024,16,127,420,50,0.86168,50,0.26438,0.12946,0.59019,0.423006545454546,0.637461762797813,6.40077079859526,0.7212747741,0.546447632160479,90.5118187706317
"970","2024-5-6",2,19.4,73.7544,5.92204,40.3,276.681,475.833,0,5,6,2024,16.5,127,420,50,0.69271,50,0.19725,0.13716,0.59329,0.340057636363636,0.544408284692597,4.53110365729544,0.724404,0.683405835783183,81.3936661317247
"971","2024-5-6",2,19.057,75.3992,5.43357,40.2,89.4893,140.823,0,5,6,2024,17.5,127,420,50,0.32959,50,0.05975,0.12975,0.59221,0.161798727272727,0.177419193811678,1.44828393562796,0.7265658261,0.893455812498571,34.3834116804817
"972","2024-5-7",2,19.273,58.6568,9.25521,40,495.687,742.512,0,5,7,2024,8,128,420,50,0.82973,50,0.14584,0.0739,0.59688,0.407322,0.5563547439315,6.2555669730437,0.7252346181,0.552109104034091,91.1607938687091
"973","2024-5-7",2,19.331,56.7391,9.71955,40,614.982,936.488,0,5,7,2024,8.5,128,420,50,0.91755,50,0.17271,0.07854,0.58857,0.450433636363636,0.561761264373058,6.87340829974598,0.7248596829,0.472749135550738,85.6056831997378
"974","2024-5-7",2,19.832,66.0459,7.8697,39.9,758.297,1172.54,0,5,7,2024,9,128,420,50,1.00408,50,0.20753,0.08271,0.57961,0.492912,0.541189847621721,7.72335804829725,0.7213129536,0.391397347890476,78.2403880990787
"975","2024-5-7",2,20.639,62.4743,9.14227,39.9,829.555,1301.97,0,5,7,2024,9.5,128,420,50,1.04106,50,0.2346,0.08784,0.5731,0.511065818181818,0.503820333170978,8.12855826308325,0.7144388469,0.352898076100636,71.7676536157304
"976","2024-5-7",2,20.746,64.7683,8.64013,39.9,892.003,1417.8,0,5,7,2024,10,128,420,50,1.0712,50,0.25759,0.09287,0.56678,0.525861818181818,0.485540361193514,8.34863557730927,0.7134198324,0.321666494996835,66.8529193561697
"977","2024-5-7",2,21.298,64.3635,9.04077,39.9,647.927,1029.85,0,5,7,2024,10.5,128,420,50,0.934,50,0.18054,0.09516,0.56901,0.458509090909091,0.444879873284652,5.73305802729645,0.7077627156,0.438726090620141,60.9160671592197
"978","2024-5-7",2,21.597,55.7945,11.42183,39.7,984.742,1650.05,0,5,7,2024,13,128,420,50,0.96212,50,0.44055,0.10108,0.56277,0.472313454545455,0.634673108608061,13.0259181316901,0.7044185501,0.267124616767477,82.9231641532006
"979","2024-5-7",2,21.783,50.5441,12.92448,39.7,892.57,1496.91,0,5,7,2024,13.5,128,420,50,0.79099,50,0.37977,0.10342,0.56446,0.388304181818182,0.571933625629678,11.0077035857785,0.7022390021,0.301939685029203,78.3851979072951
"980","2024-5-7",2,21.828,49.1391,13.32821,39.7,840.271,1415.51,0,5,7,2024,14,128,420,50,0.74289,50,0.37497,0.10515,0.56798,0.364691454545455,0.580323917604538,10.7564192926754,0.7017002576,0.322256328137858,81.5394795211211
"981","2024-5-7",2,21.796,50.4615,12.95634,39.7,769.243,1302.25,0,5,7,2024,14.5,128,420,50,0.75182,50,0.32221,0.1078,0.57419,0.369075272727273,0.529862672499745,9.114299855282,0.7020838224,0.352819035784436,75.7827219548748
"982","2024-5-7",2,21.899,48.7092,13.49922,39.7,681.962,1156.13,0,5,7,2024,15,128,420,50,0.68075,50,0.32165,0.11352,0.58166,0.334186363636364,0.545235601691179,8.75241307189003,0.7008411789,0.396569487918499,81.3139205289284
"983","2024-5-7",2,21.362,49.1992,12.93851,39.7,365.836,623.293,0,5,7,2024,16.5,128,420,50,0.54069,50,0.24709,0.15082,0.59876,0.265429636363636,0.454407350048977,5.20950484763211,0.7070634516,0.607359503787465,76.3707590324396
"984","2024-5-7",2,21.073,51.0892,12.23831,39.6,221.077,352.705,0,5,7,2024,17,128,420,50,0.41603,50,0.16774,0.16776,0.60353,0.204232909090909,0.327399986638939,3.20475266790231,0.7101495381,0.754149993791744,59.2144993421161
"985","2024-5-7",2,20.375,54.9873,10.78922,39.6,80.3002,129.692,0,5,7,2024,17.5,128,420,50,0.19823,50,0.05187,0.12841,0.582,0.0973129090909091,0.129092672305675,1.24849791240718,0.7168453125,0.901447386694764,28.4924568138207
"986","2024-5-8",2,20.48,32.3829,16.31268,39.1,503.626,841.503,0,5,8,2024,15.5,129,420,50,0.49586,50,0.28573,0.1299,0.57844,0.243422181818182,0.420143306368048,6.75697701190277,0.71590656,0.51007250331769,86.8519333263097
"987","2024-5-8",2,20.422,33.6753,15.94373,39.1,477.833,801.015,0,5,8,2024,16,129,420,50,0.49475,50,0.25488,0.13558,0.59189,0.242877272727273,0.416136634717829,5.90919831532162,0.7164281076,0.526864436381232,78.6569105752811
"988","2024-5-8",2,20.025,35.9256,15.02945,39.1,323.541,545.08,0,5,8,2024,16.5,129,420,50,0.41942,50,0.15313,0.1449,0.59769,0.205897090909091,0.309679211438194,3.35440363925386,0.7197993125,0.646576343725225,55.7156706623123
"989","2024-5-8",2,19.467,44.2264,12.63727,39.1,250.129,385.651,0,5,8,2024,17,129,420,50,0.38742,50,0.11792,0.16441,0.60335,0.190188,0.244740835698286,2.29813740822725,0.7239515021,0.734532673760661,44.2701706777555
"990","2024-5-8",2,18.944,48.7742,11.23472,39.1,123.545,145.072,0,5,8,2024,17.5,129,420,50,0.2288,50,0.09276,0.13783,0.60151,0.11232,0.275378651419056,2.14984559539517,0.7272213504,0.890423933401774,51.034085858822
"991","2024-5-9",2,18.105,24.4958,15.71162,38.9,132.625,207.276,0,5,9,2024,7,130,420,50,0.2143,50,0.05898,0.10481,0.57161,0.105201818181818,0.17569721410218,1.70824162034456,0.7312098725,0.847198038475824,39.3697787099014
"992","2024-5-9",2,17.9,33.5248,13.65556,38.9,181.657,283.694,0,5,9,2024,7.5,130,420,50,0.2813,50,0.0769,0.10366,0.57273,0.138092727272727,0.257616273607219,2.2563813503557,0.731949,0.796956485140924,49.1032797102192
"993","2024-5-9",2,18.149,31.7443,14.24261,38.9,245.934,380.118,0,5,9,2024,8,130,420,50,0.34914,50,0.11157,0.10153,0.57187,0.171396,0.372443794453037,3.33731956891978,0.7310391789,0.737791215672367,66.9241564959835
"994","2024-5-9",2,18.135,33.8124,13.79892,38.9,238.291,380.859,0,5,9,2024,8.5,130,420,50,0.34288,50,0.09328,0.10443,0.57493,0.168322909090909,0.328354959084576,2.72725448162564,0.7310939525,0.737353982648388,54.6731777065911
"995","2024-5-9",2,18.305,30.8777,14.5654,38.9,319.492,506.089,0,5,9,2024,9,130,420,50,0.41492,50,0.12987,0.10279,0.57241,0.203688,0.422915099831805,3.84071976689755,0.7303996725,0.667062723004336,69.4095848648945
"996","2024-5-11",2,17.029,99.8565,0.0279,42.1,130.257,222.415,0,5,11,2024,15,132,420,50,0.17708,50,0.0436,0.07859,0.34067,0.0869301818181818,0.16359211061611,1.00369214389695,0.7340584749,0.83699933750862,23.1883657132199
"997","2024-5-12",2,19.188,43.4958,12.58241,40.3,234.605,349.016,0,5,12,2024,17,133,420,50,0.29919,50,0.14268,0.16056,0.60054,0.146875090909091,0.326951985359521,2.83409963838163,0.7257707216,0.756378928651944,56.7335761470591
"998","2024-5-13",2,18.793,35.0623,14.10828,39.7,1043.71,1697.54,0,5,13,2024,11.5,134,420,50,0.74134,50,0.47374,0.09688,0.55324,0.363930545454545,0.605880340162109,14.3670277984694,0.7280534661,0.257166382715485,98.914708195137
"999","2024-5-13",2,20.844,37.9198,15.31646,39.6,782.262,1321.59,0,5,13,2024,14.5,134,420,50,0.61733,50,0.3456,0.10894,0.57519,0.303052909090909,0.520337042897476,9.6904762991794,0.7124644304,0.347402232113012,83.4159957960042
"1000","2024-5-13",2,21.438,37.133,16.08635,39.5,695.298,1181.17,0,5,13,2024,15,134,420,50,0.56221,50,0.31888,0.11439,0.58313,0.275994,0.458688212999255,8.6328071679828,0.7062213716,0.388704447190323,80.6663129159513
"1001","2024-5-13",2,21.827,36.6312,16.60492,39.5,600.049,1025,0,5,13,2024,15.5,134,420,50,0.51107,50,0.31854,0.12245,0.59003,0.250888909090909,0.420342098895899,8.15129693640907,0.7017122781,0.440431654505999,84.4556943983992
"1002","2024-5-13",2,21.611,36.9794,16.29723,39.5,497.235,855.457,0,5,13,2024,16,134,420,50,0.47274,50,0.29104,0.13384,0.59584,0.232072363636364,0.421989926445146,6.88087775959457,0.7042571469,0.504410125876846,82.6503398239855
"1003","2024-5-13",2,21.245,37.5823,15.78365,39.5,389.796,671.885,0,5,13,2024,16.5,134,420,50,0.4227,50,0.24718,0.15014,0.60001,0.207507272727273,0.390401321084332,5.24593419836555,0.7083349725,0.584202271974866,74.4286955451867
"1004","2024-5-13",2,21.111,36.5785,15.90619,39.4,212.78,310.453,0,5,13,2024,17,134,420,50,0.28303,50,0.19134,0.17363,0.60636,0.138942,0.333077745066443,3.54861580508237,0.7097542469,0.780077192072203,67.6922093193871
"1005","2024-5-14",2,21.516,38.9111,15.70617,39,977.721,1623.44,0,5,14,2024,13,135,420,50,0.67564,50,0.43377,0.10339,0.56173,0.331677818181818,0.521397911435778,12.5157255035032,0.7053439184,0.272872125034715,81.7524392409009
"1006","2024-5-14",2,21.749,38.1077,16.14098,39,895.853,1320.64,0,5,14,2024,13.5,135,420,50,0.63742,50,0.40678,0.10497,0.56463,0.312915272727273,0.515047340912236,11.619990634986,0.7026430989,0.347666358164604,95.4608307257758
"1007","2024-5-14",2,22.157,35.8181,17.1597,39,867.159,1042.78,0,5,14,2024,14,135,420,50,0.58957,50,0.39433,0.1065,0.56994,0.289425272727273,0.431768185330281,11.2069331897126,0.6976260861,0.43421129869878,112.270664531679
"1008","2024-5-14",2,22.171,33.83,17.70633,39,797.308,1338.6,0,5,14,2024,14.5,135,420,50,0.55335,50,0.34724,0.10904,0.5758,0.271644545454545,0.339966507333676,9.73784817560556,0.6974474349,0.342706802697326,76.9301122905911
"1009","2024-5-14",2,22.195,36.3287,17.06261,38.9,708.739,1197.09,0,5,14,2024,15,135,420,50,0.55369,50,0.33697,0.11464,0.58339,0.271811454545455,0.390910894810369,9.10670933019198,0.6971401725,0.383785298979357,80.4504075889376
"1010","2024-5-14",2,22.277,36.921,16.98842,38.9,612.011,1038.26,0,5,14,2024,15.5,135,420,50,0.52514,50,0.31673,0.12311,0.5905,0.257796,0.39001731800398,8.06795013361337,0.6960807981,0.435784248934982,80.5260224366517
"1011","2024-5-14",2,22.42,36.0432,17.37521,38.9,502.707,859.015,0,5,14,2024,16,135,420,50,0.472,50,0.27394,0.13501,0.59645,0.231709090909091,0.332156603360453,6.42703982361687,0.69419796,0.50297641432083,73.3840313896886
"1012","2024-5-14",2,22.16,36.2133,17.05716,38.9,389.503,667.778,0,5,14,2024,16.5,135,420,50,0.42333,50,0.23992,0.15139,0.60123,0.207816545454545,0.315279776395593,5.06007950210492,0.69758784,0.586124883696627,68.4143415313516
"1013","2024-5-14",2,22.075,36.4127,16.91605,38.8,224.784,293.011,0,5,14,2024,17,135,420,50,0.30654,50,0.16213,0.17405,0.60753,0.150483272727273,0.249882560192459,3.00541546826403,0.6986638125,0.791038373301416,55.121246378692
"1014","2024-5-14",2,21.487,38.51,15.78127,38.8,151.924,165.118,0,5,14,2024,17.5,135,420,50,0.2391,50,0.14034,0.15303,0.60759,0.117376363636364,0.286640846303427,2.95912250690272,0.7056717141,0.87625827239401,62.1678409227587
"1015","2024-5-15",2,20.423,51.3124,11.70469,38.6,441.614,667.492,0,5,15,2024,8.5,136,420,50,0.58422,50,0.15051,0.09541,0.58164,0.286798909090909,0.449768458270319,4.87273910943133,0.7164191781,0.586259004412841,72.1693895658345
"1016","2024-5-16",2,19.065,31.6492,15.10415,38,628.526,903.493,0,5,16,2024,8,137,420,50,0.66898,50,0.20881,0.06835,0.60508,0.328408363636364,0.534461706450867,9.81686924628045,0.7265183525,0.485393974131153,126.586032711373
"1017","2024-5-16",2,19.455,36.4945,14.37845,38,717.463,1059.93,0,5,16,2024,8.5,137,420,50,0.72665,50,0.25387,0.07724,0.59063,0.356719090909091,0.574336318085015,10.3093682803973,0.7240332725,0.428294601038764,115.844776170478
"1018","2024-5-16",2,19.475,39.5795,13.69699,38,794.326,1200.58,0,5,16,2024,9,137,420,50,0.77648,50,0.28435,0.0844,0.58126,0.381181090909091,0.591164458440203,10.3998878830112,0.7238968125,0.382715264887299,104.3541406419
"1019","2024-5-16",2,18.938,39.6214,13.23714,38,854.686,1314.82,0,5,16,2024,9.5,137,420,50,0.81315,50,0.30897,0.08798,0.5711,0.399182727272727,0.605031298843961,10.6510383702861,0.7272553716,0.349288866997675,99.1990297194608
"1020","2024-5-16",2,18.903,42.8657,12.49852,38,917.498,1434.27,0,5,16,2024,10,137,420,50,0.85795,50,0.37841,0.09171,0.56433,0.421175454545455,0.664579938869799,12.3659214434987,0.7274522501,0.317456016802954,104.778442043716
"1021","2024-5-16",2,19.41,42.1128,13.06977,38,995.123,1588.1,0,5,16,2024,10.5,137,420,50,0.86785,50,0.36371,0.09447,0.55907,0.426035454545455,0.607612151226978,11.4307558514387,0.72433709,0.280696854946553,84.3091834341629
"1022","2024-5-16",2,19.748,44.7878,12.73031,37.9,1026.32,1651.06,0,5,16,2024,11,137,420,50,0.88892,50,0.40713,0.0969,0.557,0.436378909090909,0.643630887490139,12.4283065610951,0.7219461456,0.266908867251671,86.1292849625174
"1023","2024-5-16",2,19.987,47.0773,12.38451,37.9,1022.72,1661.58,0,5,16,2024,11.5,137,420,50,0.8995,50,0.3907,0.09889,0.55627,0.441572727272727,0.611133879696458,11.6714310021523,0.7201038141,0.264671988214855,79.4749416145564
"1024","2024-5-16",2,20.116,48.2263,12.21275,37.9,1005.22,1640.69,0,5,16,2024,12,137,420,50,0.90019,50,0.42678,0.1007,0.55695,0.441911454545455,0.67440727536809,12.5354009801785,0.7190571984,0.269132353482929,86.3474803459538
"1025","2024-5-16",2,20.775,46.6459,13.1078,37.8,965.972,1596.55,0,5,16,2024,13,137,420,50,0.86475,50,0.41325,0.10413,0.5613,0.424513636363636,0.617022820968625,11.8298563198579,0.7131393125,0.278805743365857,81.9944635688424
"1026","2024-5-16",2,21.387,36.1976,16.2748,37.8,890.566,1271.1,0,5,16,2024,13.5,137,420,50,0.76324,50,0.33546,0.10561,0.56511,0.374681454545455,0.470160103865929,9.53270440401291,0.7067878541,0.361721753300827,83.1185340306361
"1027","2024-5-16",2,21.495,41.8965,14.91943,37.8,846.05,1054.25,0,5,16,2024,14,137,420,50,0.78388,50,0.32347,0.10783,0.57025,0.384813818181818,0.59785683028894,9.08462763859061,0.7055814725,0.430245200110657,93.6710087357209
"1028","2024-5-16",2,21.538,42.2671,14.86332,37.8,744.03,1247.34,0,5,16,2024,14.5,137,420,50,0.75043,50,0.2818,0.11068,0.57606,0.368392909090909,0.44826651597053,7.78909484683795,0.7050940116,0.368663122163096,68.656257129687
"1029","2024-5-16",2,21.43,41.6299,14.92838,37.7,666.47,1117.68,0,5,16,2024,15,137,420,50,0.71884,50,0.28573,0.11571,0.58271,0.352885090909091,0.476718556077825,7.6416097097701,0.70631061,0.408957516488757,75.1571875972502
"1030","2024-5-16",2,21.333,41.0009,14.99987,37.7,584.89,984.289,0,5,16,2024,15.5,137,420,50,0.68053,50,0.30298,0.1234,0.58952,0.334078363636364,0.516675418740042,7.68678579515627,0.7073814221,0.455012130475889,84.5511479362134
"1031","2024-5-16",2,20.998,48.3491,12.86454,37.7,487.852,823.209,0,5,16,2024,16,137,420,50,0.65582,50,0.28619,0.13488,0.59503,0.321948,0.550464657786297,6.70491371907544,0.7109203956,0.517592409863375,85.3462836582728
"1032","2024-5-16",2,20.528,56.187,10.60125,37.6,359.945,597.775,0,5,16,2024,16.5,137,420,50,0.57661,50,0.23917,0.14918,0.59899,0.283063090909091,0.506805728124652,5.09991698176761,0.7154693376,0.619885807102095,79.4944393450812
"1033","2024-5-16",2,20.068,60.5164,9.28605,37.7,231.745,270.17,0,5,16,2024,17,137,420,50,0.43535,50,0.15394,0.16766,0.60384,0.213717272727273,0.36176859793801,2.94436287216924,0.7194509136,0.805625729323527,60.8298814715488
"1034","2024-5-16",2,19.723,63.5567,8.38973,37.7,156.789,190.812,0,5,16,2024,17.5,137,420,50,0.32625,50,0.13101,0.15103,0.602,0.160159090909091,0.347147726823147,2.77322527288002,0.7221315981,0.858430463152722,61.8681964365063
"1035","2024-5-17",2,22.248,60.1681,10.70861,37.4,1020.82,1688.82,0,5,17,2024,11.5,138,420,50,0.96592,50,0.46589,0.0993,0.55585,0.474178909090909,0.623122800503565,13.8496623017565,0.6964571456,0.258966647423857,82.2919594380582
"1036","2024-5-17",2,22.533,56.6331,11.86265,37.4,1024.75,1707.79,0,5,17,2024,12,138,420,50,0.95744,50,0.47712,0.10131,0.55741,0.470016,0.59737658129361,13.9411145601987,0.6926783021,0.255066240727153,80.1472890691257
"1037","2024-5-17",2,22.441,55.5573,12.0892,37.3,1002.91,1680.85,0,5,17,2024,12.5,138,420,50,0.95021,50,0.45142,0.10319,0.55949,0.466466727272727,0.571435829949003,12.9981919597688,0.6939176709,0.260623093907547,76.8007625619522
"1038","2024-5-17",2,22.878,54.125,12.81391,37.4,959.473,1608.86,0,5,17,2024,13,138,420,50,0.933,50,0.4279,0.10517,0.56314,0.458018181818182,0.533861209815129,12.1678605240722,0.6878648276,0.276073539856698,74.0285769477544
"1039","2024-5-17",2,22.94,51.8153,13.50966,37.3,879.389,1300.95,0,5,17,2024,13.5,138,420,50,0.90422,50,0.39149,0.10688,0.56624,0.443889818181818,0.60407565428969,11.0146881838513,0.68697204,0.353186158452349,85.3752154625682
"1040","2024-5-17",2,23.014,49.3251,14.27158,37.3,846.215,1084.06,0,5,17,2024,14,138,420,50,0.89008,50,0.37603,0.10835,0.57121,0.436948363636364,0.657879721073834,10.5277803372001,0.6858953844,0.420106091833105,96.5782554321332
"1041","2024-5-17",2,23.252,50.26,14.21116,37.3,762.377,1288.5,0,5,17,2024,14.5,138,420,50,0.8608,50,0.34123,0.11085,0.57695,0.422574545454545,0.471248629733627,9.4318551017329,0.6823509456,0.356721469212461,72.2747501770129
"1042","2024-5-17",2,23.413,50.8806,14.1708,37.2,670.847,1134.23,0,5,17,2024,15,138,420,50,0.82293,50,0.31339,0.11669,0.58405,0.403983818181818,0.449799691655138,8.3300758642969,0.6798825741,0.403578605933932,71.4005712619932
"1043","2024-5-17",2,23.408,50.3222,14.32758,37.2,575.915,975.561,0,5,17,2024,15.5,138,420,50,0.7751,50,0.30467,0.12454,0.59124,0.380503636363636,0.452958952839155,7.68125306187405,0.6799600896,0.458200324846843,74.7767780280384
"1044","2024-5-17",2,23.396,52.14,13.79333,37.2,473.24,799.442,0,5,17,2024,16,138,420,50,0.71333,50,0.27506,0.13538,0.5969,0.350180181818182,0.42395771159835,6.44053495481806,0.6801459024,0.527527859926521,72.2466159524594
"1045","2024-5-17",2,23.016,56.7027,12.1953,37.2,363.462,599.678,0,5,17,2024,16.5,138,420,50,0.62888,50,0.23983,0.14994,0.60158,0.308722909090909,0.398809402798583,5.11006970362295,0.6858661184,0.618942810940173,69.0560790380808
"1046","2024-5-17",2,22.576,59.757,11.0369,37.1,229.069,226.211,0,5,17,2024,17,138,420,50,0.48031,50,0.18419,0.17018,0.60841,0.235788545454545,0.361929522000646,3.49704568593624,0.6920926464,0.834461393485121,65.592129152855
"1047","2024-5-17",2,22.33,59.6513,10.90178,37.1,153.995,184.577,0,5,17,2024,17.5,138,420,50,0.36605,50,0.14926,0.15942,0.60842,0.179697272727273,0.302473269176155,3.02518228164404,0.69538821,0.862723011017372,59.5804178191899
"1048","2024-5-18",2,21,73.3006,6.65076,37,351.185,482.623,0,5,18,2024,7,139,420,50,0.66783,50,0.10706,0.0571,0.61434,0.327843818181818,0.541458888171359,6.11712504047518,0.7109,0.679703639551446,102.241538498646
"1049","2024-5-18",2,20.901,73.716,6.50757,37,468.815,664.89,0,5,18,2024,7.5,139,420,50,0.77661,50,0.12589,0.06309,0.61485,0.381244909090909,0.545726669040751,6.51549352239122,0.7118990189,0.587480632185498,94.5833142985181
"1050","2024-5-18",2,21.118,72.7667,6.83308,37,586.648,855.784,0,5,18,2024,8,139,420,50,0.86154,50,0.17198,0.07179,0.60651,0.422937818181818,0.586802141749686,7.71612742345573,0.7096810836,0.504278189445954,95.116852563239
"1051","2024-5-18",2,22.293,68.3711,8.52658,37,687.192,1026.78,0,5,18,2024,8.5,139,420,50,0.92121,50,0.2079,0.07999,0.59469,0.452230363636364,0.516686156692202,8.20836882121494,0.6958723661,0.439804926166466,82.6020182790355
"1052","2024-5-18",2,22.28,65.139,9.39047,37,753.734,1154.61,0,5,18,2024,9,139,420,50,0.95675,50,0.23731,0.08678,0.58471,0.469677272727273,0.504059131132527,8.49149872625928,0.69604176,0.397052009729612,77.2063680358705
"1053","2024-5-18",2,22.969,64.4871,9.97432,36.9,813.559,1267.42,0,5,18,2024,9.5,139,420,50,0.98632,50,0.23418,0.09083,0.5762,0.484193454545455,0.408817620412917,7.88934912633117,0.6865515429,0.362788231227777,62.6904484461268
"1054","2024-5-18",2,22.949,62.8905,10.41014,37,873.379,1384.26,0,5,18,2024,10,139,420,50,1.00586,50,0.30467,0.09326,0.56855,0.493785818181818,0.491077545300005,9.86393902959821,0.6868417389,0.330414285924428,71.4828734360131
"1055","2024-5-18",2,23.048,60.1448,11.24752,36.9,925.987,1485.64,0,5,18,2024,10.5,139,420,50,1.01112,50,0.32861,0.09658,0.56311,0.496368,0.469549373801202,10.1749960199914,0.6853966656,0.304674282269591,67.5380800891949
"1056","2024-5-18",2,24.025,47.7511,15.63879,36.9,923.303,1503.75,0,5,18,2024,11.5,139,420,50,0.92817,50,0.37646,0.10018,0.56061,0.455647090909091,0.420474099213572,11.1878358243877,0.6699793125,0.300291983296061,68.2040322580458
"1057","2024-5-18",2,24.359,46.1638,16.43964,36.8,996.648,1645.9,0,5,18,2024,12,139,420,50,0.93247,50,0.40165,0.10189,0.5607,0.457758,0.35963352750591,11.7380025357732,0.6642270309,0.268012944302896,62.2330066056778
"1058","2024-5-18",2,24.75,51.0957,15.28662,36.7,538.14,890.18,0,5,18,2024,15,139,420,50,0.77471,50,0.22142,0.11669,0.58401,0.380312181818182,0.312539072611828,5.88506039379435,0.65718125,0.490591241473774,55.3466464788783
"1059","2024-5-18",2,24.579,52.0463,14.83723,36.6,415.66,683.034,0,5,18,2024,15.5,139,420,50,0.6987,50,0.1964,0.12094,0.59012,0.342998181818182,0.320070291826333,5.08931446880649,0.6603040349,0.579014823405642,57.2799370204908
"1060","2024-5-18",2,24.364,56.4949,13.28887,36.6,216.819,361.538,0,5,18,2024,16,139,420,50,0.50027,50,0.09423,0.11836,0.58695,0.245587090909091,0.18604446167411,2.48160568529013,0.6641390544,0.74883965286936,36.7469350549608
"1061","2024-5-18",2,24.154,59.1048,12.33554,36.6,202.431,333.135,0,5,18,2024,16.5,139,420,50,0.48555,50,0.09796,0.1208,0.5899,0.238360909090909,0.193207304647543,2.54043257080313,0.6677867124,0.766049875302678,39.1187971718319
"1062","2024-5-18",2,23.313,65.6515,9.84986,36.6,54.6766,93.1457,0,5,18,2024,17.5,139,420,50,0.17621,50,0.05355,0.11178,0.58569,0.0865030909090909,0.117890138762509,1.49008352408478,0.6814224341,0.928192103070485,29.5835113066124
"1063","2024-5-19",2,20.957,71.4238,7.09949,36.5,164.149,261.912,0,5,19,2024,7.5,140,420,50,0.46301,50,0.08173,0.10931,0.58548,0.227295818181818,0.242630512397217,2.32477594171811,0.7113365661,0.81096563449504,46.4586851013734
"1064","2024-5-19",2,21.113,70.0719,7.50693,36.5,240.221,382.333,0,5,19,2024,8,140,420,50,0.6062,50,0.10844,0.10892,0.58425,0.297589090909091,0.322094855572304,3.08907200144865,0.7097333541,0.73648500728062,55.6275614732412
"1065","2024-5-19",2,21.211,69.6359,7.66222,36.5,258.277,418.351,0,5,19,2024,8.5,140,420,50,0.63712,50,0.11188,0.10919,0.58526,0.312768,0.342075926453423,3.18468049882575,0.7086988269,0.715566458716014,55.4415449800768
"1066","2024-5-19",2,21.389,68.2664,8.09564,36.5,272.451,441.34,0,5,19,2024,9,140,420,50,0.66087,50,0.12649,0.11027,0.58207,0.324427090909091,0.393613128913671,3.54585904949254,0.7067657469,0.702526609640355,60.0406023698548
"1067","2024-5-19",2,21.387,67.2732,8.34799,36.5,221.682,368.688,0,5,19,2024,9.5,140,420,50,0.57855,50,0.10301,0.11304,0.58361,0.284015454545455,0.340408910250417,2.82434273245043,0.7067878541,0.744568517148496,50.690804884683
"1068","2024-5-19",2,21.832,66.2206,8.85413,36.4,497.869,809.056,0,5,19,2024,10,140,420,50,0.93162,50,0.17632,0.10822,0.58276,0.457340727272727,0.438226660778582,5.04232943070891,0.7016521536,0.523486100564079,62.0776583253211
"1069","2024-5-19",2,22.582,59.0178,11.24372,36.5,464.219,746.691,0,5,19,2024,10.5,140,420,50,0.86139,50,0.15441,0.1105,0.58164,0.422864181818182,0.365285275429052,4.31633202550884,0.6920106036,0.550266374899851,53.3660187244017
"1070","2024-5-19",2,22.782,58.5135,11.52093,36.4,477.484,779.793,0,5,19,2024,11.5,140,420,50,0.86721,50,0.24229,0.11052,0.58239,0.425721272727273,0.595396224523307,6.78041001676891,0.6892305236,0.535885692990728,80.5850103009326
"1071","2024-5-19",2,23.927,53.5051,13.83493,36.3,637.094,1063.2,0,5,19,2024,13,140,420,50,0.88446,50,0.21076,0.11185,0.57965,0.434189454545455,0.331410108434131,5.80050059276477,0.6716205381,0.427175646592988,50.6780554620118
"1072","2024-5-19",2,24.351,52.1293,14.61099,36.3,836.86,1323.22,0,5,19,2024,13.5,140,420,50,0.9273,50,0.35642,0.11041,0.57645,0.45522,0.43812097204723,9.88240693879498,0.6643676789,0.34694951483815,67.8693574643493
"1073","2024-5-19",2,24.457,50.3941,15.23692,36.3,612.584,904.258,0,5,19,2024,14,140,420,50,0.81331,50,0.33007,0.11038,0.58108,0.399261272727273,0.549230531882798,9.22781810189221,0.6624926661,0.485097003901144,87.866935119077
"1074","2024-5-19",2,24.257,50.895,14.90361,36.2,479.454,794.693,0,5,19,2024,14.5,140,420,50,0.75481,50,0.28175,0.11274,0.5831,0.370543090909091,0.50977364355173,7.73884894091678,0.6660097461,0.529535855745541,81.7181511508139
"1075","2024-5-19",2,23.93,52.3778,14.17292,36.2,480.964,803.497,0,5,19,2024,15,140,420,50,0.78279,50,0.2017,0.12022,0.59233,0.384278727272727,0.343986408758632,5.2776469858127,0.67157061,0.525819332279076,56.7448634142957
"1076","2024-5-19",2,24.063,53.2829,14.01496,36.2,446.199,751.686,0,5,19,2024,15.5,140,420,50,0.76431,50,0.24396,0.12359,0.59685,0.375206727272727,0.415013798818076,6.2567373538932,0.6693372341,0.548071897950815,69.4136928147321
"1077","2024-5-19",2,24.098,55.3867,13.41195,36.2,320.305,541.605,0,5,19,2024,16,140,420,50,0.66857,50,0.23533,0.12308,0.59898,0.328207090909091,0.468589223188017,6.08204406844756,0.6687430356,0.648376326777975,79.6106127808824
"1078","2024-5-19",2,23.452,57.8854,12.17853,36.1,134.845,239.005,0,5,19,2024,16.5,140,420,50,0.39749,50,0.09793,0.11765,0.59034,0.195131454545455,0.242608080869652,2.60959714036124,0.6792760656,0.825964074292209,45.650923464286
"1079","2024-5-19",2,23.049,64.6979,9.9632,36.1,62.637,107.297,0,5,19,2024,17,140,420,50,0.21864,50,0.09282,0.13261,0.59076,0.107332363636364,0.223260202775191,2.19595686316224,0.6853819589,0.917743260624161,43.9029855191287
"1080","2024-5-24",2,21.67,84.8059,3.94341,38.7,661.15,1036.99,0,5,24,2024,9.5,145,420,50,0.7966,50,0.23815,0.10333,0.59704,0.391058181818182,0.54023859754686,7.30760423670973,0.70357221,0.436227230728545,75.6619538528463
"1081","2024-5-24",2,22.356,80.707,5.221,38.7,821.01,1294.35,0,5,24,2024,10,145,420,50,0.86791,50,0.27704,0.10046,0.58851,0.426064909090909,0.502362816719153,8.61887506350481,0.6950461904,0.35505591317764,69.7472259956592
"1082","2024-5-24",2,22.983,73.6761,7.39972,38.7,320.249,514.714,0,5,24,2024,11.5,145,420,50,0.54837,50,0.1118,0.11541,0.59821,0.269199818181818,0.314894819136104,3.07750994492479,0.6863478821,0.662475833183958,44.6134263320633
"1083","2024-5-24",2,23.757,69.6513,8.93873,38.6,744.261,1215.67,0,5,24,2024,12,145,420,50,0.83295,50,0.40791,0.11302,0.58267,0.408902727272727,0.660281850691722,11.1680960717123,0.6744174461,0.378122901486576,87.4741626277267
"1084","2024-5-24",2,24.749,59.1067,12.78176,38.6,970.891,1607.04,0,5,24,2024,13,145,420,50,0.86713,50,0.34705,0.10817,0.58201,0.425682,0.344731881150029,9.91660693815086,0.6571996989,0.276475795701922,52.5625440711459
"1085","2024-5-24",2,24.934,59.1145,12.92106,38.5,829.662,1385.93,0,5,24,2024,13.5,145,420,50,0.82064,50,0.32226,0.10586,0.58703,0.402859636363636,0.387711928657307,9.4903503046218,0.6537492084,0.329973147184727,59.1263736055142
"1086","2024-5-24",2,25.538,59.2969,13.33362,38.4,625.122,1045.02,0,5,24,2024,14.5,145,420,50,0.73171,50,0.27413,0.11204,0.59423,0.359203090909091,0.367258754580071,7.72121193599196,0.6419596116,0.433433888818803,60.0045279897571
"1087","2024-5-24",2,25.322,60.8296,12.66808,38.5,523.054,875.861,0,5,24,2024,15,145,420,50,0.68462,50,0.25205,0.11385,0.55742,0.336086181818182,0.359034785759041,6.55365609066455,0.6462679476,0.496243373608432,59.4178005267336
"1088","2024-5-24",2,25.166,63.0615,11.83601,38.5,456.154,779.296,0,5,24,2024,15.5,145,420,50,0.64932,50,0.32545,0.12378,0.60815,0.318757090909091,0.524971313415789,8.49164720153802,0.6493156884,0.536098803505824,84.2900553607513
"1089","2024-5-24",2,25.342,62.0332,12.29342,38.4,458.601,772.124,0,5,24,2024,16,145,420,50,0.64674,50,0.29218,0.13292,0.61179,0.317490545454546,0.401145441211551,7.14183742723348,0.6458733396,0.539183565102348,70.2320491843912
"1090","2024-5-24",2,24.981,64.401,11.2819,38.4,376.026,624.114,0,5,24,2024,16.5,145,420,50,0.59167,50,0.30668,0.14599,0.61779,0.290456181818182,0.443104432238539,6.89208546203604,0.6528606029,0.606960721039967,78.6733780096077
"1091","2024-5-24",2,24.71,66.787,10.35705,38.4,129.775,207.2,0,5,24,2024,17,145,420,50,0.29399,50,0.12269,0.1362,0.61495,0.144322363636364,0.232535329246139,2.94184169229982,0.65791749,0.847249549682488,47.9370392316563
"1092","2024-5-24",2,23.356,75.658,6.9985,38.3,58.2501,92.2206,0,5,24,2024,17.5,145,420,50,0.151,50,0.10579,0.13496,0.60456,0.0741272727272727,0.242759238553784,2.51667068650275,0.6807629904,0.928879293738795,49.8503688216362
"1093","2024-5-25",2,22.525,82.4145,4.80803,38.1,975.562,1545.59,0,5,25,2024,10,146,420,50,0.87538,50,0.44396,0.09969,0.58866,0.429732,0.672558222276943,13.9220826177092,0.6927868125,0.290406968531155,91.1739977128774
"1094","2024-5-25",2,23.15,78.9442,5.97889,38.1,1036.97,1660.4,0,5,25,2024,10.5,146,420,50,0.88976,50,0.43084,0.10209,0.58279,0.436791272727273,0.546958917555635,13.0614784559079,0.68388525,0.264921956538216,74.8598182896682
"1095","2024-5-25",2,23.328,77.2481,6.5303,38,934.726,1512.39,0,5,25,2024,11,146,420,50,0.86246,50,0.38077,0.0989,0.58606,0.423389454545455,0.568336540132737,11.9827347806822,0.6811928576,0.298223521945131,76.3554225578699
"1096","2024-5-25",2,23.635,74.2652,7.52436,38,907.1,1481.64,0,5,25,2024,11.5,146,420,50,0.85377,50,0.41921,0.11045,0.57989,0.419123454545455,0.556165541947995,11.6885050044472,0.6763854525,0.305650801570439,74.6707869313463
"1097","2024-5-25",2,24.386,72.1006,8.53325,38,1027.27,1686.01,0,5,25,2024,12,146,420,50,0.8843,50,0.37807,0.10822,0.58244,0.434110909090909,0.388701092638451,10.805958983423,0.6637513044,0.259549459282358,55.3640972055241
"1098","2024-5-25",2,24.414,72.0308,8.56894,38,924.555,1523.68,0,5,25,2024,12.5,146,420,50,0.85686,50,0.37693,0.11136,0.58375,0.420640363636364,0.435949780643048,10.4931482717612,0.6632562644,0.295542094649138,61.0811200125825
"1099","2024-5-25",2,25.155,66.2139,10.81883,37.9,797.058,1336.72,0,5,25,2024,13.5,146,420,50,0.80712,50,0.31061,0.11169,0.58983,0.396222545454545,0.367585323899585,8.71114884393754,0.6495285725,0.34322262152711,55.4111267450728
"1100","2024-5-25",2,25.297,66.1258,10.93898,37.9,687.952,1073.92,0,5,25,2024,14,146,420,50,0.76586,50,0.24556,0.11183,0.59502,0.375967636363636,0.346682044125084,6.93870297851974,0.6467599701,0.42352785234677,53.8063450926635
"1101","2024-5-25",2,25.27,66.5126,10.79674,37.9,439.732,753.175,0,5,25,2024,14.5,146,420,50,0.63869,50,0.22193,0.11795,0.60012,0.313538727272727,0.387536684751787,5.99657959155762,0.64728981,0.547419423396973,60.2427194748398
"1102","2024-5-25",2,25.489,67.6877,10.55422,37.9,560.505,937.802,0,5,25,2024,15,146,420,50,0.71108,50,0.30518,0.11762,0.6071,0.349075636363636,0.453076325769595,8.36532003038826,0.6429459669,0.472252442766912,71.1372883933197
"1103","2024-5-25",2,24.923,70.0509,9.45862,37.9,114.711,204.517,0,5,25,2024,15.5,146,420,50,0.27835,50,0.08907,0.13456,0.62097,0.136644545454545,0.18694939279596,2.18289842222827,0.6539564781,0.84907003916632,35.026372831482
"1104","2024-5-25",2,24.987,69.0036,9.82678,37.8,282.957,481.145,0,5,25,2024,16,146,420,50,0.51218,50,0.21276,0.1348,0.61865,0.251433818181818,0.391376075407428,5.18552270949178,0.6527468141,0.680507796458726,66.332164283583
"1105","2024-5-25",2,25.03,68.841,9.90365,37.8,260.692,433.328,0,5,25,2024,16.5,146,420,50,0.48842,50,0.19393,0.13401,0.61758,0.239769818181818,0.345533999716581,4.74622636270219,0.65192901,0.707043986019733,62.8531949171269
"1106","2024-5-25",2,24.133,76.968,6.93858,37.8,107.493,171.363,0,5,25,2024,17,146,420,50,0.26545,50,0.07534,0.13842,0.61613,0.130311818181818,0.136595838207596,1.78092881338444,0.6681461421,0.8718914035865,31.2632087452731
"1107","2024-5-26",2,21.976,82.4483,4.64117,37.6,117.757,189.683,0,5,26,2024,7,147,420,50,0.28535,50,0.07021,0.10904,0.60164,0.140080909090909,0.18695756761653,2.05729829724307,0.6998969664,0.859206147793494,41.2247820319301
"1108","2024-5-26",2,21.609,87.1455,3.32379,37.6,139.454,227.671,0,5,26,2024,7.5,147,420,50,0.32408,50,0.06998,0.11122,0.60249,0.159093818181818,0.200949001728739,2.01320650139978,0.7042802309,0.833487311552119,39.9624822661331
"1109","2024-5-26",2,21.784,86.9683,3.40583,37.6,138.101,221.923,0,5,26,2024,8,147,420,50,0.32171,50,0.08666,0.10974,0.60666,0.157930363636364,0.286137268997095,2.5441723209752,0.7022270784,0.837328845290741,50.2383012886276
"1110","2024-5-26",2,22.113,84.6245,4.0998,37.6,240.314,382.667,0,5,26,2024,8.5,147,420,50,0.47011,50,0.10447,0.10938,0.60623,0.230781272727273,0.317843643402596,3.07495336518986,0.6981847541,0.736288244775316,52.3739811539999
"1111","2024-5-26",2,21.953,88.2954,3.0907,37.6,172.65,281.336,0,5,26,2024,9,147,420,50,0.37778,50,0.098,0.11208,0.60059,0.185455636363636,0.336234385107321,2.78883926283263,0.7001803701,0.798461282733347,52.0028581077171
"1112","2024-5-26",2,22.732,87.0937,3.57328,37.6,342.998,549.564,0,5,26,2024,10.5,147,420,50,0.57998,50,0.12587,0.11258,0.60628,0.284717454545455,0.366349124022199,3.59982727892598,0.6899337936,0.64426110016857,51.6055671516454
"1113","2024-5-26",2,23.444,83.2912,4.82946,37.6,381.447,630.255,0,5,26,2024,11.5,147,420,50,0.61463,50,0.15251,0.10918,0.60495,0.301727454545455,0.420526284216597,4.48768273423374,0.6794007504,0.603986157111215,57.4397646474636
"1114","2024-5-26",2,24.148,76.6576,7.03842,37.5,336.904,568.531,0,5,26,2024,13,147,420,50,0.57631,50,0.18243,0.11552,0.60469,0.282915818181818,0.472368891232328,5.07129994971378,0.6678895056,0.634559132969984,64.716261000127
"1115","2024-5-26",2,23.758,81.0887,5.57036,37.5,223.639,380.368,0,5,26,2024,13.5,147,420,50,0.45046,50,0.11084,0.11703,0.60885,0.221134909090909,0.326669977801436,3.06236573159457,0.6744011796,0.737643672184073,46.7885057761204
"1116","2024-5-26",2,24.151,79.085,6.30762,37.4,265.81,449.723,0,5,26,2024,15,147,420,50,0.50298,50,0.17311,0.11503,0.60546,0.246917454545455,0.460801804805893,4.8388696922171,0.6678381189,0.697830948276396,67.8915252953761
"1117","2024-5-26",2,23.675,81.8356,5.32372,37.4,68.3224,124.43,0,5,26,2024,16,147,420,50,0.18162,50,0.05788,0.11041,0.60799,0.0891589090909091,0.169384442680613,1.69263759462887,0.6757438125,0.905250117987022,31.9320189515992
"1118","2024-5-27",2,17.874,98.7662,0.25304,41.5,87.4902,152.002,0,5,27,2024,7,148,420,50,0.22093,50,0.0561,0.10642,0.59389,0.108456545454545,0.212085822834084,1.66262020184017,0.7320361364,0.885501081868476,40.2196640335248
"1119","2024-5-27",2,18.206,95.9806,0.84172,41.5,143.207,242.767,0,5,27,2024,7.5,148,420,50,0.32895,50,0.08702,0.10744,0.60084,0.161484545454545,0.34594095836761,2.58439772807953,0.7308117204,0.823481989728567,57.7780409894076
"1120","2024-5-27",2,17.95,98.6418,0.27989,41.5,172.398,290.025,0,5,27,2024,8,148,420,50,0.37827,50,0.05808,0.0986,0.54142,0.185696181818182,0.223216240475,1.69368024167911,0.73177725,0.792930264542806,36.6395143263339
"1121","2024-5-27",2,15.973,98.9818,0.1851,40.9,240.277,406.305,0,5,27,2024,9.5,148,420,50,0.47827,50,0.07106,0.0988,0.52406,0.234787090909091,0.306468159148206,2.00168947170879,0.7343775981,0.722495563137908,39.9840342000622
"1122","2024-5-28",2,20.066,40.8568,13.90803,38.9,1062.88,1715.61,0,5,28,2024,11.5,149,420,50,0.94976,50,0.54043,0.10468,0.57532,0.466245818181818,0.661490482643696,15.7736660124447,0.7194672084,0.25347552726492,102.540645554453
"1123","2024-5-28",2,20.271,39.3677,14.44008,38.9,1065.57,1732.3,0,5,28,2024,12,149,420,50,0.92284,50,0.54523,0.10718,0.57821,0.453030545454545,0.63097309651445,15.6206471874827,0.7177512149,0.250113616089385,99.3523659269121
"1124","2024-5-28",2,20.54,38.811,14.81661,38.9,1051.2,1720.46,0,5,28,2024,12.5,149,420,50,0.89968,50,0.49478,0.10881,0.58052,0.441661090909091,0.587333264788735,14.018706599228,0.71535924,0.252493947714884,88.9582067618763
"1125","2024-5-28",2,20.739,39.4073,14.8532,38.8,1000.89,1644.78,0,5,28,2024,13,149,420,50,0.88559,50,0.43752,0.11116,0.58598,0.434744181818182,0.568271106139275,12.2484067323915,0.7134872669,0.268253191515669,81.8213793620357
"1126","2024-5-28",2,20.665,39.6464,14.72733,38.8,930.998,1533.51,0,5,28,2024,13.5,149,420,50,0.87384,50,0.26226,0.11397,0.58995,0.428976,0.363000804622632,7.20948342841355,0.7141935525,0.293227066239108,52.8265327126849
"1127","2024-5-28",2,20.985,40.4608,14.81742,38.8,631.771,1097.34,0,5,28,2024,14,149,420,50,0.76149,50,0.32052,0.1156,0.5945,0.373822363636364,0.584801560958113,8.75379945198887,0.7110527525,0.415666509532314,89.5416076501319
"1128","2024-5-28",2,20.703,42.6167,14.03533,38.7,685.573,1111.63,0,5,28,2024,14.5,149,420,50,0.8224,50,0.33408,0.11805,0.60117,0.403723636363636,0.618692025251401,9.0350221043049,0.7138323701,0.410941668643449,92.6158103231486
"1129","2024-5-28",2,20.045,44.6268,13.00457,38.7,431.455,694.045,0,5,28,2024,15,149,420,50,0.7091,50,0.16448,0.12298,0.60646,0.348103636363636,0.443623823584319,4.30752894111285,0.7196377725,0.573936796128301,63.4580498998738
"1130","2024-5-28",2,19.745,46.5903,12.31241,38.6,355.302,569.763,0,5,28,2024,15.5,149,420,50,0.66116,50,0.15459,0.12435,0.61021,0.324569454545455,0.458430160978418,4.02867619088633,0.7219684725,0.633934019595004,66.3178758744301
"1131","2024-5-28",2,19.336,47.1616,11.87505,38.6,313.15,505.405,0,5,28,2024,16,149,420,50,0.62736,50,0.11983,0.12541,0.60855,0.307976727272727,0.358350699570411,3.08799858081876,0.7248270144,0.667427839613158,54.2887678897748
"1132","2024-5-28",2,18.905,47.3007,11.52978,38.6,147.706,168.377,0,5,28,2024,17.5,149,420,50,0.38043,50,0.11674,0.19999,0.64077,0.186756545454545,0.251064012314579,1.98637395816602,0.7274410725,0.873976667418902,46.3338360956011
"1133","2024-5-29",2,17.817,42.7485,11.69949,38.3,763.158,1140.82,0,5,29,2024,8.5,150,420,50,1.14354,50,0.30288,0.08189,0.61493,0.561374181818182,0.712110705257831,12.0784954604397,0.7322219621,0.401456538209029,132.592564844652
"1134","2024-5-29",2,18.348,43.3454,11.97047,38.2,847.081,1292.86,0,5,29,2024,9,150,420,50,1.16262,50,0.29515,0.09063,0.60168,0.570740727272727,0.618597291485275,10.4059998925478,0.7302139856,0.355479392169485,100.121871821532
"1135","2024-5-29",2,18.688,42.7606,12.35437,38.2,915.578,1425.71,0,5,29,2024,9.5,150,420,50,1.15189,50,0.36429,0.09623,0.59159,0.565473272727273,0.642339290017516,11.8933725231983,0.7286025216,0.319637416192792,102.058103812877
"1136","2024-5-29",2,18.453,42.2208,12.28872,38.2,921.773,1455.6,0,5,29,2024,10,150,420,50,1.16623,50,0.49214,0.09756,0.58398,0.572512909090909,0.754154848327913,15.644521371423,0.7297434701,0.312084903996158,131.83449623096
"1137","2024-5-29",2,19.265,37.2282,14.04529,38.2,1011.42,1622.82,0,5,29,2024,10.5,150,420,50,0.98801,50,0.58659,0.10008,0.57793,0.485023090909091,0.693451428048404,17.9891246523818,0.7252857525,0.273007503179737,129.661958363572
"1138","2024-5-29",2,19.62,41.3105,13.42499,38.1,1036.17,1690.67,0,5,29,2024,11,150,420,50,1.07004,50,0.50249,0.1032,0.57595,0.525292363636364,0.661550893936444,14.8929229447556,0.72288116,0.258583660266074,100.457386381901
"1139","2024-5-29",2,19.886,39.2236,14.13367,38.1,1057.5,1749.16,0,5,29,2024,11.5,150,420,50,0.99105,50,0.50777,0.10567,0.57618,0.486515454545455,0.620734815372059,14.703507385488,0.7208977044,0.246762732793471,93.7153538399528
"1140","2024-5-29",2,20.156,38.9737,14.43097,38.1,1014.64,1694.1,0,5,29,2024,12,150,420,50,0.94773,50,0.38001,0.10942,0.58055,0.465249272727273,0.505265301149856,10.7074333085179,0.7187252304,0.257875079319969,70.5548488449098
"1141","2024-5-29",2,20.398,38.6722,14.72071,38.1,891.953,1493.25,0,5,29,2024,12.5,150,420,50,0.88727,50,0.31979,0.11232,0.58565,0.435568909090909,0.476833313401532,8.85509787286392,0.7166417556,0.302825059983361,67.8190080831107
"1142","2024-5-29",2,20.919,39.6525,14.95779,38,849.137,1423.4,0,5,29,2024,13,150,420,50,0.85207,50,0.25767,0.11462,0.59063,0.418288909090909,0.381512487617926,7.05125449499856,0.7117189829,0.320228652271792,55.7466893593756
"1143","2024-5-29",2,20.995,39.9748,14.94755,38,680.727,1141.2,0,5,29,2024,13.5,150,420,50,0.80285,50,0.34227,0.11579,0.59813,0.394126363636364,0.592362056214551,9.38946398212521,0.7109509725,0.401334513970037,92.6862796341226
"1144","2024-5-29",2,21.249,46.9323,13.42259,38,492.044,815.462,0,5,29,2024,14.5,150,420,50,0.8435,50,0.27317,0.12101,0.60578,0.414081818181818,0.652069407961383,7.26229868100253,0.7082919989,0.520810201576029,91.8369778396868
"1145","2024-5-29",2,21.448,49.0424,13.04697,37.9,441.713,727.004,0,5,29,2024,15,150,420,50,0.83526,50,0.21443,0.12229,0.60493,0.410036727272727,0.52086720750965,5.63309605996649,0.7061096256,0.559001456659212,75.6566080498943
"1146","2024-5-29",2,21.055,53.0903,11.72464,37.9,267.749,459.39,0,5,29,2024,16,150,420,50,0.70544,50,0.12699,0.13845,0.61823,0.346306909090909,0.321718932605533,3.01143901470496,0.7103356725,0.692455017298579,51.1368826473226
"1147","2024-5-29",2,21.231,53.856,11.65848,37.9,383.504,623.565,0,5,29,2024,16.5,150,420,50,0.8825,50,0.22239,0.1527,0.62547,0.433227272727273,0.440350189552003,4.83760200598544,0.7084851029,0.607227356737561,71.3923100264411
"1148","2024-5-29",2,21.134,55.1325,11.26872,37.8,142.177,221.083,0,5,29,2024,17,150,420,50,0.46233,50,0.08068,0.14538,0.61889,0.226962,0.196109603142407,1.82398861954682,0.7095134484,0.837891719379288,37.3288510879892
"1149","2024-5-29",2,20.977,54.9315,11.21061,37.8,85.0777,143.512,0,5,29,2024,17.5,150,420,50,0.30464,50,0.09015,0.12263,0.61012,0.149550545454545,0.272755667871547,2.38194482989349,0.7111340181,0.891535876178631,52.2787959003093
"1150","2024-5-29",2,20.726,56.1975,10.72879,37.8,59.3274,100.654,0,5,29,2024,18,150,420,50,0.22467,50,0.0943,0.12242,0.60849,0.110292545454545,0.281756786720347,2.4892023183084,0.7136122164,0.922633498238296,57.2265023808231
"1151","2024-5-30",2,14.67,99.5747,0.0711,39.1,33.8686,63.9759,0.8,5,30,2024,7,151,420,50,0.13972,50,0.04548,0.08481,0.37954,0.0685898181818182,0.151938940435186,1.08088223728228,0.73139021,0.95010695168807,27.9626406203669
"1152","2024-5-30",2,14.668,99.6159,0.06421,39.7,58.6421,107.667,0.3,5,30,2024,7.5,151,420,50,0.23375,50,0.04441,0.08234,0.38449,0.11475,0.162377675148949,1.10129176889541,0.7313827536,0.917471648819547,27.5109677958878
"1153","2024-5-30",2,14.622,99.6565,0.05725,40,74.7504,135.551,0.4,5,30,2024,8,151,420,50,0.29164,50,0.0596,0.08032,0.36212,0.143168727272727,0.22993336785973,1.42699517766771,0.7312088276,0.89723200937972,34.8300171796752
"1154","2024-5-30",2,14.6,99.6834,0.05269,40.1,107.972,199.53,0.7,5,30,2024,8.5,151,420,50,0.40338,50,0.08577,0.07825,0.37378,0.198022909090909,0.368062607144035,2.17577788098044,0.731124,0.852464255274753,50.4347342456315
"1155","2024-5-30",2,14.637,99.7077,0.04876,40.1,105.886,195.661,0.4,5,30,2024,9,151,420,50,0.39693,50,0.08479,0.08272,0.42997,0.194856545454545,0.421106080602439,2.34055956651496,0.7312660541,0.855106890269837,54.4619251230506
"1156","2024-5-30",2,15.35,96.653,0.58463,41.8,93.2546,170.458,0,5,30,2024,16.5,151,420,50,0.35893,50,0.06491,0.10914,0.59653,0.176202,0.320478616407834,1.88411489583033,0.73341525,0.872522881530128,45.2271105069954
"1157","2024-5-30",2,15.299,98.7536,0.217,41.7,28.7595,52.9628,0.3,5,30,2024,17,151,420,50,0.12092,50,0.02681,0.08351,0.3898,0.0593607272727273,0.0977113844606585,0.664580507316519,0.7332986589,0.958514834336627,17.5146768420397
"1158","2024-5-31",2,16.925,59.8642,7.75217,40.4,66.6292,118.614,0,5,31,2024,7,152,420,50,0.27049,50,0.03067,0.12029,0.60511,0.132786,0.0936573826239483,0.81934350438265,0.7341988125,0.90947187962602,20.5831600657171
"1159","2024-5-31",2,16.94,57.6706,8.18365,40.3,158.74,271.962,0,5,31,2024,7.5,152,420,50,0.5751,50,0.06826,0.11674,0.60381,0.282321818181818,0.243166760486491,1.87497002948115,0.73418004,0.80447161174711,41.660074125873
"1160","2024-5-31",2,17.171,58.2374,8.19313,40.3,208.433,347.291,0,5,31,2024,8,152,420,50,0.71406,50,0.09515,0.11801,0.60316,0.350538545454545,0.346950179492599,2.58267612990895,0.7338284349,0.757423452128917,53.931385133062
"1161","2024-5-31",2,17.571,53.4847,9.35922,40.3,388.352,635.394,0,5,31,2024,8.5,152,420,50,1.11034,50,0.18472,0.11195,0.60026,0.545076,0.574457877007775,5.25988997427775,0.7329419549,0.601508146510959,86.8324569947429
"1162","2024-5-31",2,18.093,52.6467,9.84629,40.2,407.916,666.322,0,5,31,2024,9,152,420,50,1.1466,50,0.16373,0.11078,0.60356,0.562876363636364,0.543264164251063,4.73734250294923,0.7312556861,0.586807999730699,75.6416131946657
"1163","2024-5-31",2,17.806,59.4713,8.27641,40.2,282.013,483.741,0,5,31,2024,10,152,420,50,0.89618,50,0.12436,0.11699,0.60573,0.439942909090909,0.497159876122708,3.41946757375128,0.7322570004,0.679095984400122,63.5089686077749
"1164","2024-5-31",2,18.155,61.328,8.07255,40.2,449.642,751.681,0,5,31,2024,10.5,152,420,50,1.22112,50,0.15763,0.11555,0.60067,0.599458909090909,0.520036716294884,4.35163340140661,0.7310155725,0.548074090242791,64.8173190625122
"1165","2024-5-31",2,18.336,62.3455,7.94998,40.1,462.745,764.442,0,5,31,2024,11,152,420,50,1.24363,50,0.17322,0.11598,0.60253,0.610509272727273,0.577210052344656,4.7790441099859,0.7302662144,0.542507374560504,70.1927966603743
"1166","2024-5-31",2,18.551,64.3385,7.63135,40.1,536.275,881.859,0,5,31,2024,11.5,152,420,50,1.3567,50,0.24244,0.1161,0.60045,0.666016363636364,0.725787350261457,6.65880563835585,0.7292824389,0.493867903190996,88.5903602369899
"1167","2024-5-31",2,18.808,62.316,8.19485,40.1,495.856,816.753,0,5,31,2024,12,152,420,50,1.29804,50,0.19594,0.11726,0.60227,0.637219636363636,0.62240495886815,5.34455903458518,0.7279730496,0.520272586472069,74.4125505285947
"1168","2024-5-31",2,18.888,63.1907,8.04475,40,517.006,848.582,0,5,31,2024,12.5,152,420,50,1.33111,50,0.22607,0.11824,0.60082,0.653454,0.697026258424576,6.10056878256436,0.7275358016,0.507192024778448,82.6204715222518
"1169","2024-5-31",2,19.821,55.9187,10.20997,39.9,402.728,660.18,0,5,31,2024,14.5,152,420,50,1.13939,50,0.16888,0.12034,0.60648,0.559336909090909,0.527710405513726,4.51993438840816,0.7213967549,0.589698434923935,69.0160531480181
"1170","2024-5-31",2,20.099,53.3955,10.98184,39.8,461.731,754.779,0,5,31,2024,15,152,420,50,1.20217,50,0.19494,0.12349,0.60776,0.590156181818182,0.522881781779252,5.09505314471194,0.7191972189,0.54671742529118,71.3441271634277
"1171","2024-5-31",2,20.031,47.7238,12.26659,39.8,300.786,489.97,0,5,31,2024,15.5,152,420,50,0.87972,50,0.13523,0.12366,0.60703,0.431862545454545,0.418432090853312,3.5253431321856,0.7197509429,0.675720331053965,61.1795760449351
"1172","2024-5-31",2,19.732,44.7079,12.73608,39.8,198.612,326.255,0,5,31,2024,16,152,420,50,0.65115,50,0.07631,0.12186,0.60774,0.319655454545455,0.251887404560595,2.02108945020758,0.7220649936,0.770277838497563,40.4451060301258
"1173","2024-5-31",2,19.31,43.4939,12.6788,39.7,121.42,199.28,0,5,31,2024,17,152,420,50,0.44606,50,0.05859,0.12321,0.60553,0.218974909090909,0.186593596088032,1.52918714572064,0.72499629,0.85263476517623,34.3732745228977
"1174","2024-5-31",2,19.151,43.9681,12.4485,39.6,84.0562,143.212,0,5,31,2024,18,152,420,50,0.32883,50,0.05213,0.1322,0.61451,0.161425636363636,0.136782788363943,1.28686401944253,0.7259991189,0.891749870467201,30.4060389434171
"1175","2024-6-1",2,20.13,36.6451,14.95755,39.3,186.765,297.066,0,6,1,2024,7,153,420,50,0.62531,50,0.09787,0.11258,0.61328,0.306970363636364,0.265259601458583,2.83135665856242,0.71894141,0.788476402581683,57.1057600277582
"1176","2024-6-1",2,19.334,41.2832,13.19453,39.3,210.1,336.262,0,6,1,2024,7.5,153,420,50,0.70538,50,0.10633,0.11238,0.61458,0.346277454545455,0.338125166860209,3.08810915623479,0.7248400884,0.764135919908156,62.1613305121059
"1177","2024-6-1",2,19.127,42.9202,12.66235,39.2,228.996,367.11,0,6,1,2024,8,153,420,50,0.75969,50,0.10641,0.11383,0.61288,0.372938727272727,0.355613205971977,3.04262612899394,0.7261456581,0.745509053986489,60.1458444318474
"1178","2024-6-1",2,18.773,47.7922,11.32842,39.2,442.509,701.107,0,6,1,2024,9,153,420,50,1.21635,50,0.16789,0.10726,0.60904,0.597117272727273,0.539414553666033,5.06267778021442,0.7281599181,0.570703425031786,77.3934208061939
"1179","2024-6-1",2,22.456,41.6754,15.87979,39,737.888,1212.81,0,6,1,2024,13,153,420,50,1.36041,50,0.5755,0.12139,0.59271,0.667837636363636,0.628635313512384,14.922861385378,0.6937168704,0.378989037166547,128.096697315748
"1180","2024-6-1",2,22.326,44.7502,14.92427,39,648.51,1076.11,0,6,1,2024,13.5,153,420,50,1.33382,50,0.53241,0.12333,0.59654,0.654784363636364,0.720471396622897,13.676169547766,0.6954406964,0.422786481180237,132.030357448885
"1181","2024-6-1",2,22.502,45.2641,14.94439,38.9,547.663,1174.38,0,6,1,2024,14,153,420,50,1.22995,50,0.36581,0.12208,0.60356,0.603793636363636,0.560922070268018,9.60459234573643,0.6930979956,0.390821634823153,84.7720043320098
"1182","2024-6-1",2,21.577,52.4951,12.25933,38.9,516.429,860.775,0,6,1,2024,15,153,420,50,1.29824,50,0.30998,0.12636,0.61107,0.637317818181818,0.677785286028534,7.96090522109135,0.7046483781,0.502268721861872,95.3963336489501
"1183","2024-6-1",2,20.555,58.8411,9.97564,38.8,212.562,344.106,0,6,1,2024,16.5,153,420,50,0.74949,50,0.09943,0.1264,0.61179,0.367931454545455,0.297783050632874,2.55576061507557,0.7152211725,0.759355827886192,48.7414189760888
"1184","2024-6-1",2,20.158,62.342,8.90614,38.8,141.049,229.181,0,6,1,2024,17,153,420,50,0.53683,50,0.07165,0.12556,0.61088,0.263534727272727,0.220829973191302,1.85126345612225,0.7187085396,0.832481066773974,39.3766577260696
"1185","2024-6-2",2,16.307,66.7141,6.18135,38.6,134.039,216.822,0,6,2,2024,7,154,420,50,0.5073,50,0.06857,0.11451,0.60825,0.249038181818182,0.25105071007199,1.93428420846386,0.7345419261,0.840752798324805,44.9996626734433
"1186","2024-6-2",2,16.55,60.1727,7.51147,38.6,134.804,219.033,0,6,2,2024,7.5,154,420,50,0.50954,50,0.07261,0.11685,0.60856,0.250137818181818,0.280126906540571,2.00825361370558,0.73450725,0.839266989212089,46.6296461056852
"1187","2024-6-2",2,16.835,52.6404,9.09534,38.5,148.973,245.378,0,6,2,2024,8,154,420,50,0.55461,50,0.07188,0.11947,0.60866,0.272263090909091,0.278963941615811,1.94478412270735,0.7343010525,0.821763695759398,44.1674847522691
"1188","2024-6-2",2,17.078,49.3623,9.87593,38.6,277.783,450.414,0,6,2,2024,8.5,154,420,50,0.91289,50,0.1072,0.11643,0.60779,0.448146,0.389583423082538,2.97187728182718,0.7339841076,0.69744529393287,57.1899996209872
"1189","2024-6-2",2,19.737,39.682,13.89807,38.4,528.398,856.229,0,6,2,2024,10.5,154,420,50,1.23945,50,0.22088,0.117,0.6074,0.608457272727273,0.566882795514492,6.08965590107993,0.7220279141,0.50409869836182,79.7372275678915
"1190","2024-6-2",2,19.899,36.8685,14.69318,38.5,515.036,837.507,0,6,2,2024,11,154,420,50,1.18607,50,0.24139,0.11777,0.60756,0.582252545454546,0.563296629714756,6.61334542196482,0.7207967789,0.51170571222653,87.3642765417067
"1191","2024-6-2",2,20.432,41.2644,14.12811,38.4,492.902,824.122,0,6,2,2024,12.5,154,420,50,1.18225,50,0.2022,0.11989,0.60854,0.580377272727273,0.517990775391291,5.45048005865495,0.7163387136,0.517214498397279,71.1907879891487
"1192","2024-6-2",2,19.211,58.1274,9.3376,38.3,374.184,616.068,0,6,2,2024,13.5,154,420,50,1.13105,50,0.23284,0.12085,0.60591,0.555242727272727,0.757804752490198,6.19964026036825,0.7256272269,0.610880206749166,100.160181023782
"1193","2024-6-2",2,19.307,56.2488,9.81503,38.3,404.026,668.225,0,6,2,2024,14,154,420,50,1.19228,50,0.20531,0.12071,0.60647,0.585301090909091,0.680543186536686,5.47801995045732,0.7250157261,0.585915322909919,84.6248739171416
"1194","2024-6-2",2,18.874,58.8115,8.99396,38.2,191.821,329.366,0,6,2,2024,14.5,154,420,50,0.68089,50,0.08023,0.12166,0.61266,0.334255090909091,0.332848699911887,2.14563547248359,0.7276133364,0.768363154634026,44.0389830751614
"1195","2024-6-2",2,18.791,59.7304,8.74783,38.3,169.949,290.766,0,6,2,2024,15,154,420,50,0.6159,50,0.07292,0.12144,0.61063,0.302350909090909,0.301428273996188,1.94719960357182,0.7280641509,0.792460354777,41.3134249618961
"1196","2024-6-2",2,18.758,58.9996,8.88822,38.2,146.698,251.824,0,6,2,2024,15.5,154,420,50,0.54372,50,0.06721,0.12217,0.61153,0.266917090909091,0.272569822249356,1.78662959044559,0.7282391796,0.817536932386497,39.1407460376597
"1197","2024-6-2",2,18.152,64.4962,7.40981,38.2,107.776,190.589,0,6,2,2024,16,154,420,50,0.41532,50,0.05802,0.1213,0.61068,0.203884363636364,0.243262274507183,1.55123664069142,0.7310273856,0.858583620808606,36.198138380788
"1198","2024-6-2",2,17.638,70.4745,5.96592,38.2,80.3621,141.424,0,6,2,2024,16.5,154,420,50,0.3185,50,0.06365,0.12114,0.60674,0.156354545454545,0.273699750015588,1.69301536560552,0.7327590516,0.893026342196855,41.4556144924197
"1199","2024-6-2",2,17.104,72.481,5.37591,38.1,57.4859,104.03,0,6,2,2024,17,154,420,50,0.23333,50,0.02996,0.12212,0.60661,0.114543818181818,0.107669317806001,0.79033645137663,0.7339425024,0.920145011651193,20.0611037961656
"1200","2024-6-2",2,16.965,69.1507,5.97363,38.1,76.1519,127.97,0,6,2,2024,17.5,154,420,50,0.30277,50,0.0477,0.12051,0.60604,0.148632545454545,0.177162756373354,1.27392545611014,0.7341476525,0.902690076382803,31.7559857933672
"1201","2024-6-2",2,16.623,68.3432,5.9983,38.2,27.1696,48.555,0,6,2,2024,18,154,420,50,0.11384,50,0.03853,0.12042,0.60995,0.0558850909090909,0.138014279424156,1.03643496447101,0.7344714581,0.961900753960185,27.5763024534334
"1202","2024-6-3",2,19.522,26.7423,16.6557,38,205.037,321.456,0,6,3,2024,7,155,420,50,0.63532,50,0.12213,0.10544,0.61603,0.311884363636364,0.304925850467665,3.78936339935877,0.7235726676,0.773240773185213,76.6976704247762
"1203","2024-6-3",2,19.874,26.0012,17.19577,37.9,215.341,345.331,0,6,3,2024,7.5,155,420,50,0.64801,50,0.11068,0.11657,0.61416,0.318114,0.260704067044353,3.0967868591575,0.7209905364,0.758612023698445,60.7074047845011
"1204","2024-6-3",2,19.965,29.7159,16.42489,37.9,407.594,659.252,0,6,3,2024,9,155,420,50,0.9736,50,0.19986,0.11554,0.61083,0.477949090909091,0.39151516395068,5.61127188628776,0.7202786525,0.590136389590679,85.2685031950178
"1205","2024-6-3",2,20.671,34.5135,15.98575,37.9,483.388,779.262,0,6,3,2024,10,155,420,50,1.08084,50,0.25947,0.11621,0.61075,0.530594181818182,0.486378747025106,7.2419339601419,0.7141367349,0.536113385591595,96.9916247812241
"1206","2024-6-3",2,22.987,39.4613,17.0217,37.6,431.945,733.894,0,6,3,2024,15.5,155,420,50,0.98348,50,0.30641,0.13346,0.62002,0.482799272727273,0.416439865607337,7.55970671344807,0.6862896141,0.555928716880634,91.9395947077454
"1207","2024-6-4",2,18.684,54.2186,9.87884,37.4,113.347,189.383,0,6,4,2024,7,156,420,50,0.49438,50,0.06277,0.11889,0.61013,0.242695636363636,0.198741185840749,1.71071087085318,0.7286229584,0.859412382016081,39.4737121082214
"1208","2024-6-4",2,18.761,56.1254,9.51309,37.4,157.026,260.255,0,6,4,2024,7.5,156,420,50,0.64199,50,0.09035,0.1187,0.61382,0.315158727272727,0.309995588696183,2.48122361932045,0.7282233669,0.812041363375705,53.9879148850804
"1209","2024-6-4",2,18.796,58.1129,9.10204,37.3,199.261,333.258,0,6,4,2024,8,156,420,50,0.76819,50,0.0971,0.1205,0.61313,0.377111454545454,0.332525954395112,2.62380879325029,0.7280374224,0.765974499703489,53.8010869119651
"1210","2024-6-4",2,18.911,57.4085,9.32184,37.4,230.106,388.474,0,6,4,2024,8.5,156,420,50,0.85185,50,0.10485,0.11857,0.61449,0.418180909090909,0.371763324899204,2.88573115683463,0.7274074869,0.732875676955307,56.4351937097198
"1211","2024-6-4",2,19.009,57.5646,9.34467,37.4,307.365,512.51,0,6,4,2024,9,156,420,50,1.03312,50,0.15787,0.11955,0.61223,0.507168,0.539075143040817,4.29350595001004,0.7268477109,0.663644940955555,75.8204643378132
"1212","2024-6-4",2,19.406,57.9581,9.48986,37.3,578.453,931.354,0,6,4,2024,10,156,420,50,1.46909,50,0.2572,0.11477,0.60964,0.721189636363636,0.685947658003393,7.25543525324806,0.7243638804,0.474694803689224,90.510425760383
"1213","2024-6-4",2,19.251,57.3207,9.54124,37.3,301.864,508.132,0,6,4,2024,10.5,156,420,50,1.02371,50,0.14506,0.12097,0.61428,0.502548545454545,0.537791270444822,3.91186448852492,0.7253748989,0.665973366154772,68.8118059900506
"1214","2024-6-4",2,18.986,60.8793,8.60238,37.3,280.195,481.221,0,6,4,2024,11,156,420,50,0.97701,50,0.15798,0.12288,0.6144,0.479623090909091,0.618773817676653,4.19488005682821,0.7269809844,0.680466422842472,76.0074920117392
"1215","2024-6-4",2,18.829,62.2545,8.21901,37.2,342.097,580.524,0,6,4,2024,11.5,156,420,50,1.10699,50,0.20491,0.12228,0.61209,0.543431454545454,0.736063519292402,5.44716388010276,0.7278596349,0.628500032023229,91.5651935418397
"1216","2024-6-4",2,18.691,67.8328,6.94417,37.3,354.938,602.44,0,6,4,2024,12,156,420,50,1.13207,50,0.18034,0.12076,0.61198,0.555743454545454,0.683199617462934,4.85348424414115,0.7285871709,0.61757670473507,80.4628993901971
"1217","2024-6-4",2,19.053,65.6456,7.58595,37.2,498.381,822.729,0,6,4,2024,12.5,156,420,50,1.36355,50,0.30051,0.12064,0.60761,0.669379090909091,0.81504961738648,8.03785091409762,0.7265895101,0.517791203514701,110.603422344532
"1218","2024-6-4",2,19.685,63.0141,8.49459,37.2,439.899,729.404,0,6,4,2024,13,156,420,50,1.27785,50,0.24299,0.12238,0.61156,0.627308181818182,0.76072849221938,6.44858543461496,0.7224108525,0.557929203554803,93.6322221769169
"1219","2024-6-4",2,19.687,65.2631,7.97905,37.2,297.001,502.382,0,6,4,2024,14,156,420,50,1.01882,50,0.1829,0.12259,0.6113,0.500148,0.682606648771868,4.84351322686228,0.7223962341,0.669043900453598,84.3267233981108
"1220","2024-6-4",2,18.909,68.0711,6.98729,37.2,234.233,404.197,0,6,4,2024,14.5,156,420,50,0.87415,50,0.15203,0.12308,0.61349,0.429128181818182,0.62466576014333,4.02435913003801,0.7274186909,0.723715007602153,77.7235612451182
"1221","2024-6-4",2,19.154,66.4962,7.44486,37.1,205.846,356.804,0,6,4,2024,15,156,420,50,0.80084,50,0.13152,0.12186,0.61318,0.393139636363636,0.538402888371625,3.51452018009688,0.7259807124,0.751681035448624,69.9912233506571
"1222","2024-6-4",2,18.651,72.4099,5.94119,37.1,108.958,194.326,0,6,4,2024,15.5,156,420,50,0.49481,50,0.05895,0.12174,0.61556,0.242906727272727,0.254954431578887,1.58295415384695,0.7287902189,0.856020632280025,36.4124378524295
"1223","2024-6-4",2,18.46,74.8376,5.35399,37.1,62.8796,120.462,0,6,4,2024,16,156,420,50,0.31088,50,0.04039,0.12235,0.6148,0.152613818181818,0.166686279709572,1.07783224528124,0.72971124,0.908128309810705,26.4253918921114
"1224","2024-6-4",2,18.572,72.0216,5.99509,37.1,46.9928,95.5795,0,6,4,2024,16.5,156,420,50,0.24008,50,0.03711,0.12357,0.61254,0.117857454545455,0.140446092416012,0.976921788134132,0.7291808976,0.9263866341486,24.3673367247811
"1225","2024-6-4",2,17.945,77.7712,4.57927,37.1,71.7149,135.164,0,6,4,2024,17,156,420,50,0.35031,50,0.05518,0.11996,0.61116,0.171970363636364,0.220665536907795,1.49295801659387,0.7317946725,0.897509835415075,36.5602077495424
"1226","2024-6-4",2,17.807,81.355,3.80775,37,22.653,47.72,0.2,6,4,2024,18,156,420,50,0.12247,50,0.01895,0.11856,0.60791,0.0601216363636364,0.0466232969068767,0.51600955670706,0.7322538261,0.962543518323226,13.5836503784498
"1227","2024-6-5",2,12.074,83.505,2.32788,37,60.54,113.388,0.2,6,5,2024,7,157,420,50,0.31412,50,0.04602,0.11617,0.60631,0.154204363636364,0.170982141560426,1.27554207856258,0.7143043764,0.913282159118596,29.1259089194221
"1228","2024-6-5",2,11.668,88.7034,1.55205,37.1,49.2451,92.7,0.1,6,5,2024,7.5,157,420,50,0.26174,50,0.03204,0.11517,0.60571,0.128490545454545,0.12412610090186,0.894881063571004,0.7102915536,0.928523118256636,20.3719936675669
"1229","2024-6-5",2,11.371,94.2343,0.77672,37.1,105.908,188.149,0.3,6,5,2024,8,157,420,50,0.50367,50,0.08536,0.11228,0.59802,0.247256181818182,0.363970443696952,2.41443292558988,0.7071263949,0.860261212833562,50.1490028754819
"1230","2024-6-5",2,11.456,96.6936,0.44793,37,157.255,271.955,0.1,6,5,2024,8.5,157,420,50,0.68277,50,0.12632,0.11094,0.59795,0.335178,0.485901847863518,3.61573222200618,0.7080520704,0.80447611680075,70.5454831460859
"1231","2024-6-5",2,12.158,92.9995,0.99344,37,176.306,304.73,0,6,5,2024,9,157,420,50,0.74179,50,0.12655,0.11295,0.60279,0.364151454545455,0.512469005281229,3.58665320873001,0.7150893396,0.783656885870379,70.5451149395704
"1232","2024-6-5",2,12.528,90.7471,1.34545,37.1,161.877,278.307,0,6,5,2024,9.5,157,420,50,0.69813,50,0.10945,0.11447,0.60956,0.342718363636364,0.506143837285273,3.09519473030254,0.7183621376,0.800398460250037,63.1897469937223
"1233","2024-6-5",2,12.811,90.4336,1.41712,37.1,140.05,248.763,0,6,5,2024,10,157,420,50,0.6276,50,0.10877,0.11271,0.60859,0.308094545454545,0.537426014185909,3.1190254942004,0.7206621069,0.819541370058356,65.9464831249266
"1234","2024-6-5",2,12.908,93.7353,0.93394,37.1,296.26,504.741,0,6,5,2024,10.5,157,420,50,1.04143,50,0.21495,0.1121,0.60309,0.511247454545455,0.702929017310105,6.14131534379254,0.7214098896,0.667782471463441,106.197137186312
"1235","2024-6-5",2,13.982,94.433,0.89016,37.1,325.92,539.684,0,6,5,2024,11,157,420,50,1.10098,50,0.2235,0.1165,0.60959,0.540481090909091,0.734731855441713,6.21064734889206,0.7283060436,0.649373517562106,108.109878491346
"1236","2024-6-5",2,14.512,91.9437,1.33322,37,257.214,427.887,0,6,5,2024,11.5,157,420,50,0.95663,50,0.15371,0.11942,0.61507,0.469618363636364,0.653003211932952,4.20433230139085,0.7307740416,0.710128314945691,81.0401142125397
"1237","2024-6-5",2,14.714,91.4343,1.43614,37.1,230.507,383.501,0,6,5,2024,12,157,420,50,0.89261,50,0.14347,0.11666,0.60378,0.438190363636364,0.654376130870146,3.94334961554759,0.7315520244,0.735797157103467,79.0694052058755
"1238","2024-6-5",2,14.967,90.7511,1.5762,37,234.677,394.167,0,6,5,2024,12.5,157,420,50,0.90345,50,0.15951,0.11711,0.60747,0.443511818181818,0.690826928640948,4.3940622276146,0.7323998021,0.729545457304808,87.7365087081449
"1239","2024-6-5",2,14.359,94.7621,0.85827,37,84.0605,153.701,0,6,5,2024,13.5,157,420,50,0.42001,50,0.06869,0.11872,0.60838,0.206186727272727,0.395916076103176,1.86935589049329,0.7301250309,0.8842983263758,44.7224333904026
"1240","2024-6-5",2,14.699,92.086,1.32559,37.1,117.725,203.117,0,6,5,2024,14,157,420,50,0.55198,50,0.07942,0.11853,0.60743,0.270972,0.436944176758941,2.16145037712997,0.7314973389,0.850021530345784,50.0540648349678
"1241","2024-6-5",2,15.04,91.3047,1.48884,37.1,155.507,267.981,0,6,5,2024,14.5,157,420,50,0.68191,50,0.10005,0.11461,0.60456,0.334755818181818,0.533059198631311,2.80273104110281,0.73261824,0.807037777128916,61.9756709725375
"1242","2024-6-5",2,14.976,91.9112,1.3793,37.1,136.957,235.829,0,6,5,2024,15,157,420,50,0.62084,50,0.09117,0.11518,0.60718,0.304776,0.482041863790625,2.55234731995903,0.7324273664,0.828065352145126,57.8531826046196
"1243","2024-6-5",2,14.88,93.2184,1.14926,37.1,161.824,276.214,0,6,5,2024,15.5,157,420,50,0.70273,50,0.10046,0.11411,0.61001,0.344976545454545,0.505207346600641,2.85202847223663,0.73212416,0.801739770063079,62.4940221290879
"1244","2024-6-5",2,14.95,92.3373,1.30445,37.1,148.908,253.468,0,6,5,2024,16,157,420,50,0.66167,50,0.10381,0.11685,0.60915,0.324819818181818,0.496782275311834,2.8739695121025,0.73234725,0.816462414570825,64.2042384342522
"1245","2024-6-5",2,14.822,92.0452,1.34305,37.1,113.532,191.693,0,6,5,2024,16.5,157,420,50,0.5382,50,0.07731,0.11771,0.61201,0.264207272727273,0.36109444703135,2.13465780588379,0.7319311476,0.85782565452189,49.9978316746497
"1246","2024-6-5",2,14.806,91.7533,1.39089,37,103.349,173.327,0,6,5,2024,17,157,420,50,0.49977,50,0.07151,0.1167,0.61053,0.245341636363636,0.31889460190022,1.98678267778873,0.7318766004,0.870522563455593,47.2099501583204
"1247","2024-6-5",2,14.733,89.8176,1.7093,37,51.9057,90.6007,0,6,5,2024,17.5,157,420,50,0.27858,50,0.04532,0.11769,0.61262,0.136757454545455,0.190309636021668,1.25282076535281,0.7316205821,0.930083827314137,31.7649183936837
"1248","2024-6-5",2,14.606,90.2933,1.61613,37,21.9004,39.2443,0,6,5,2024,18,157,420,50,0.12564,50,0.04532,0.11804,0.62397,0.0616778181818182,0.186919389551103,1.27224819632336,0.7311472404,0.96909227944522,33.5295190610483
"1249","2024-6-6",2,15.724,78.9331,3.76916,37.1,632.094,941.444,0,6,6,2024,8,158,420,50,1.53044,50,0.28664,0.07436,0.64175,0.751306909090909,0.907236103134183,13.1374393849709,0.7340954064,0.470878490595155,170.783631621519
"1250","2024-6-6",2,16.084,78.1069,4.00821,37,731.705,1116.43,0,6,6,2024,8.5,158,420,50,1.61695,50,0.36847,0.08543,0.62331,0.793775454545455,0.888156433303361,14.2772070029714,0.7344594384,0.409366678552181,161.656321583876
"1251","2024-6-6",2,16.988,77.6674,4.33078,37.1,829.474,1290.25,0,6,6,2024,9,158,420,50,1.68828,50,0.41747,0.09336,0.61138,0.828792,0.838658870113839,14.5185448431422,0.7341166416,0.35622240857952,142.796722483975
"1252","2024-6-6",2,17.228,77.0532,4.51806,37,841.933,1340.76,0,6,6,2024,9.5,158,420,50,1.69675,50,0.45831,0.09442,0.60663,0.83295,0.876088204813023,15.6374759582112,0.7337236176,0.342115116706192,147.414013331155
"1253","2024-6-6",2,18.105,72.2938,5.76536,37,499.486,806.268,0,6,6,2024,11.5,158,420,50,1.38875,50,0.25533,0.11964,0.61144,0.68175,0.764841020170426,6.92989606832628,0.7312098725,0.524654987020383,98.9075079819669
"1254","2024-6-6",2,18.24,73.704,5.51852,37,352.859,562.132,0,6,6,2024,12,158,420,50,1.17159,50,0.16594,0.12118,0.6095,0.575144181818182,0.658437468583924,4.43242383292181,0.73067264,0.637815896984372,76.6971086811805
"1255","2024-6-6",2,17.744,77.536,4.56951,36.9,357.866,582.041,0,6,6,2024,12.5,158,420,50,1.18081,50,0.21543,0.12075,0.61702,0.579670363636363,0.776295136977244,5.84609296537142,0.7324495104,0.627737747032457,100.465258180323
"1256","2024-6-6",2,18.14,75.2946,5.15225,36.9,637.719,1055.51,0,6,6,2024,13,158,420,50,1.53872,50,0.50293,0.12549,0.60718,0.755371636363636,0.948649663139272,12.9229991161533,0.73107444,0.429811731453851,150.997966393782
"1257","2024-6-6",2,18.607,76.4915,5.04835,36.9,511.884,878.302,0,6,6,2024,13.5,158,420,50,1.40538,50,0.33161,0.12149,0.61301,0.689913818181818,0.841217230274499,8.88591346555286,0.7290095061,0.495275255126989,118.393496011617
"1258","2024-6-6",2,17.799,80.2959,4.02202,36.9,231.981,392.289,0,6,6,2024,14,158,420,50,0.91853,50,0.09046,0.11725,0.61631,0.450914727272727,0.414115178554737,2.52516860013254,0.7322791589,0.730642350179464,50.4649346512059
"1259","2024-6-6",2,17.561,86.1358,2.78782,36.9,134.551,224.975,0,6,6,2024,15,158,420,50,0.6304,50,0.08916,0.1266,0.62594,0.309469090909091,0.423504838838887,2.34108128693342,0.7329684069,0.835286916982555,53.6753372169735
"1260","2024-6-6",2,17.687,85.5216,2.93456,36.9,190.296,313.944,0,6,6,2024,16,158,420,50,0.80824,50,0.13726,0.12355,0.61229,0.396772363636364,0.573570387371683,3.61248327596408,0.7326190341,0.777901631856535,76.9977860236369
"1261","2024-6-6",2,17.76,87.0426,2.63839,36.8,134.316,215.71,0,6,6,2024,16.5,158,420,50,0.63069,50,0.09662,0.1239,0.61169,0.309611454545455,0.402664408040753,2.53322952580093,0.73240064,0.841501064793773,58.3435506628871
"1262","2024-6-6",2,17.39,88.3575,2.31593,36.9,83.7465,140.008,0,6,6,2024,17,158,420,50,0.43474,50,0.0511,0.12167,0.61862,0.213417818181818,0.206335676230009,1.37977662291293,0.73338669,0.894038535635419,33.9325281660083
"1263","2024-6-6",2,17.362,87.1315,2.55528,36.9,43.624,75.1859,0,6,6,2024,17.5,158,420,50,0.24721,50,0.03096,0.11589,0.62236,0.121357636363636,0.116885119058442,0.882966232610133,0.7334490516,0.941624484777101,22.8776576713456
"1264","2024-6-7",2,15.61,92.2763,1.37182,36.8,148.821,242.967,0,6,7,2024,7,159,420,50,0.69148,50,0.09017,0.1148,0.61849,0.339453818181818,0.347221658391766,2.57988470405298,0.73392069,0.823350243150218,58.5899248753609
"1265","2024-6-7",2,15.972,93.0367,1.26576,36.8,172.347,284.063,0,6,7,2024,7.5,159,420,50,0.76768,50,0.12008,0.11441,0.5963,0.376861090909091,0.473805682598401,3.32367795707131,0.7343767376,0.796721258307699,73.211304818807
"1266","2024-6-7",2,15.745,95.9031,0.73398,36.9,249.897,396.798,0,6,7,2024,8,159,420,50,0.97743,50,0.14798,0.11412,0.61786,0.479829272727273,0.55722983020126,4.25479630997583,0.7341244725,0.728011524903032,85.528009680301
"1267","2024-6-7",2,16.511,91.9647,1.51171,36.8,231.703,375.529,0,6,7,2024,8.5,159,420,50,0.93344,50,0.14118,0.11697,0.6184,0.458234181818182,0.575186689237966,3.96383531315122,0.7345215669,0.740504772740988,81.2117316137651
"1268","2024-6-7",2,16.671,90.7946,1.74956,36.8,357.853,562.344,0,6,7,2024,9,159,420,50,1.19545,50,0.19452,0.11474,0.61864,0.586857272727273,0.67049972672475,5.56973902447377,0.7344415349,0.637707732580844,98.2321408817869
"1269","2024-6-7",2,17.018,89.0417,2.1291,36.8,266.493,421.613,0,6,7,2024,10,159,420,50,1.01658,50,0.16606,0.11894,0.6168,0.499048363636364,0.688890689986632,4.57329165023747,0.7340744436,0.713701550875436,90.1001609551009
"1270","2024-6-7",2,18.392,84.2219,3.34294,36.8,468.602,752.143,0,6,7,2024,11,159,420,50,1.35863,50,0.25306,0.11664,0.61147,0.666963818181818,0.788994187525048,7.04528524224487,0.7300197696,0.547871559489026,104.371036205534
"1271","2024-6-7",2,18.334,84.3135,3.31147,36.8,336.357,542.358,0,6,7,2024,11.5,159,420,50,1.15698,50,0.16428,0.12666,0.61693,0.567972,0.636389688129391,4.24940900527786,0.7302748884,0.647985862498373,74.5519573352177
"1272","2024-6-7",2,18.821,80.3594,4.27456,36.8,562.216,916.86,0,6,7,2024,12,159,420,50,1.46504,50,0.37629,0.12166,0.61189,0.719201454545454,0.891327610243864,10.0506848253704,0.7279029549,0.48023101961448,129.12059549845
"1273","2024-6-7",2,19.09,74.2985,5.68838,36.7,468.543,772.319,0,6,7,2024,13,159,420,50,1.35609,50,0.2599,0.12502,0.61011,0.665716909090909,0.77911928846782,6.73569420188308,0.72636909,0.539099459026637,96.39254753274
"1274","2024-6-7",2,20.238,64.6384,8.4045,36.7,404.815,664.142,0,6,7,2024,13.5,159,420,50,1.26812,50,0.18321,0.12766,0.61743,0.622531636363636,0.564363025225323,4.70575698808885,0.7180336916,0.587832285800065,70.4418146801531
"1275","2024-6-7",2,20.304,64.4206,8.49082,36.7,488.871,814.712,0,6,7,2024,14,159,420,50,1.37991,50,0.30463,0.12805,0.61763,0.677410363636364,0.784035083037102,7.80313111271131,0.7174663424,0.521122781461563,103.261945740855
"1276","2024-6-7",2,20.172,65.333,8.20587,36.7,554.323,919.562,0,6,7,2024,14.5,159,420,50,1.45214,50,0.35235,0.12729,0.61828,0.712868727272727,0.795181127049323,9.0889271287088,0.7185914576,0.479194073377736,111.21639996207
"1277","2024-6-7",2,20.434,67.7796,7.75117,36.7,482.356,803.81,0,6,7,2024,15,159,420,50,1.37067,50,0.30078,0.13308,0.62405,0.672874363636364,0.742615167911943,7.49036505346367,0.7163208084,0.525687683601376,99.4284965829909
"1278","2024-6-7",2,20.1415,70.46785,6.97725,36.6,384.4965,641.357,0,6,7,2024,15.5,159,420,50,1.23604,50,0.21873,0.13455,0.62611,0.606783272727273,0.60967766312142,5.40533636977537,0.718845975525,0.598645545353739,82.7339998783498
"1279","2024-6-7",2,20.157,68.7045,7.40095,36.6,279.361,438.033,0,6,7,2024,16.5,159,420,50,1.04687,50,0.17206,0.13774,0.62963,0.513918,0.496924863425921,4.17688661785435,0.7187168861,0.704387674770276,75.1758975578183
"1280","2024-6-8",2,19.718,65.1881,8.01167,36.5,374.895,534.432,0,6,8,2024,7,160,420,50,1.21354,50,0.13475,0.05858,0.66861,0.595737818181818,0.704077306384755,8.16769869155853,0.7221685236,0.652107665208612,138.444632209015
"1281","2024-6-8",2,20.226,63.6952,8.62228,36.5,488.67,716.344,0,6,8,2024,7.5,160,420,50,1.35538,50,0.15494,0.06924,0.66065,0.665368363636364,0.630971353472104,7.85100701835614,0.7181358164,0.563789006177526,112.773916222558
"1282","2024-6-8",2,20.52,63.5263,8.82104,36.5,590.333,885.837,0,6,8,2024,8,160,420,50,1.45106,50,0.2285,0.08027,0.64686,0.712338545454545,0.698922945696576,9.77891501150758,0.71554256,0.492298716190587,121.098161028316
"1283","2024-6-8",2,20.702,66.1459,8.27983,36.4,682.876,1047.01,0,6,8,2024,8.5,160,420,50,1.52037,50,0.29545,0.09022,0.6315,0.746363454545455,0.728548621372371,10.9825189243811,0.7138419156,0.432744411037739,118.557614808279
"1284","2024-6-8",2,21.164,64.1076,9.03118,36.4,734.207,1146.74,0,6,8,2024,9,160,420,50,1.55254,50,0.33377,0.09819,0.62071,0.762156,0.723955869308366,11.2051123319763,0.7091976144,0.399559735218943,109.186069507877
"1285","2024-6-8",2,21.535,65.1884,8.96059,36.4,588.635,952.73,0,6,8,2024,10,160,420,50,1.44543,50,0.35259,0.11826,0.61732,0.709574727272727,0.782620012447058,9.77439526863859,0.7051281525,0.466646158072544,109.071763686946
"1286","2024-6-8",2,21.806,65.3519,9.06743,36.4,578.725,940.325,0,6,8,2024,10.5,160,420,50,1.43609,50,0.2932,0.11906,0.6167,0.704989636363636,0.67920857235474,8.06528038549805,0.7019642004,0.471300209753267,89.5289792747333
"1287","2024-6-8",2,21.902,64.6304,9.31063,36.4,820.571,1352.66,0,6,8,2024,11,160,420,50,1.59519,50,0.60643,0.11236,0.60509,0.783093272727273,0.911914917882543,17.3434845025003,0.7008046356,0.338873634730716,137.662687225273
"1288","2024-6-8",2,22.609,62.7519,10.236,36.3,513.954,839.698,0,6,8,2024,12,160,420,50,1.37457,50,0.26324,0.12206,0.61899,0.674788909090909,0.621289283655797,7.08940167034713,0.6916404309,0.510809580053809,81.2253440398251
"1289","2024-6-8",2,22.043,67.9954,8.49756,36.3,541.589,891.533,0,6,8,2024,12.5,160,420,50,1.39973,50,0.33117,0.12386,0.61324,0.687140181818182,0.793204203745429,8.7075869777072,0.6990647661,0.490060512796179,99.1269871342846
"1290","2024-6-8",2,22.583,67.2121,8.99611,36.3,346.884,566.557,0,6,8,2024,13,160,420,50,1.16946,50,0.19304,0.12459,0.61839,0.574098545454545,0.555430609408546,5.0883153016881,0.6919969221,0.635562020424282,72.6576016536072
"1291","2024-6-8",2,21.919,71.9445,7.39294,36.2,160.697,250.08,0,6,8,2024,13.5,160,420,50,0.76696,50,0.13899,0.12787,0.61663,0.376507636363636,0.526618242252283,3.55948341381083,0.7005971829,0.81867835598651,68.1887590212405
"1292","2024-6-8",2,21.778,73.9241,6.81242,36.2,187.3,314.494,0,6,8,2024,15,160,420,50,0.84523,50,0.14629,0.13089,0.61554,0.414931090909091,0.484887190396611,3.65352334107632,0.7022985876,0.777559430428353,67.01721546233
"1293","2024-6-8",2,22.282,70.6679,7.90212,36.2,349.617,585.171,0,6,8,2024,15.5,160,420,50,1.17297,50,0.29032,0.1317,0.62062,0.575821636363636,0.742282329811258,7.26548116169571,0.6960157236,0.626167858035182,104.165303256409
"1294","2024-6-8",2,21.509,75.9373,6.18396,36.2,149.791,253.78,0,6,8,2024,16.5,160,420,50,0.73657,50,0.12798,0.12994,0.62519,0.361588909090909,0.403450942487781,3.27008242888213,0.7054232109,0.816258650982902,63.9201401456335
"1295","2024-6-8",2,21.329,77.5875,5.69673,36.1,88.4809,156.849,0,6,8,2024,17,160,420,50,0.50868,50,0.07657,0.12993,0.62971,0.249715636363636,0.232873194687624,1.97077585369613,0.7074251349,0.882074111377741,42.0325541607787
"1296","2024-6-8",2,21.124,77.1355,5.73902,36.1,64.21,109.924,0,6,8,2024,17.5,160,420,50,0.39614,50,0.11922,0.12497,0.62719,0.194468727272727,0.401059999176779,3.17753180899366,0.7096182864,0.915816556677284,71.113807561149
"1297","2024-6-9",2,21.229,77.8588,5.59339,36.1,419.719,683.139,0,6,9,2024,9,161,420,50,1.20053,50,0.20936,0.11814,0.6237,0.589351090909091,0.577057241488687,5.86975427777923,0.7085065149,0.578966188203183,82.6015349871679
"1298","2024-6-9",2,20.999,80.7393,4.7975,36.1,642.647,1045.05,0,6,9,2024,10,161,420,50,1.37871,50,0.33217,0.11618,0.61805,0.676821272727273,0.773065187255169,9.38426101845991,0.7109101989,0.4334234865303,100.021760590863
"1299","2024-6-9",2,20.629,84.5024,3.77331,36,667.477,1103.65,0,6,9,2024,11,161,420,50,1.38649,50,0.42797,0.12081,0.61465,0.680640545454545,0.874732793747792,11.5634056776987,0.7145327949,0.413573512162088,119.702830973555
"1300","2024-6-9",2,20.729,84.9967,3.67552,36,649.006,1077.48,0,6,9,2024,11.5,161,420,50,1.37176,50,0.39156,0.12012,0.61576,0.673409454545455,0.863382573665774,10.6596244353128,0.7135834149,0.422323361033063,112.158862017096
"1301","2024-6-9",2,20.611,89.7442,2.49428,36,258.276,455.209,0,6,9,2024,14.5,161,420,50,0.93863,50,0.16549,0.12208,0.62101,0.460782,0.61235996129472,4.47067668019428,0.7147013469,0.694775018647742,77.8112400449387
"1302","2024-6-9",2,20.368,91.8811,1.9452,36,220.874,390.104,0,6,9,2024,15,161,420,50,0.86212,50,0.16539,0.1222,0.62177,0.423222545454545,0.640108554316715,4.46905026053731,0.7169070336,0.73192062989857,82.8348307715441
"1303","2024-6-9",2,19.667,97.596,0.55151,35.9,153.063,270.791,0,6,9,2024,16,161,420,50,0.69045,50,0.10698,0.11818,0.58653,0.338948181818182,0.414455456446095,2.81965694057118,0.7225420221,0.805225593863077,59.1261683862685
"1304","2024-6-9",2,19.372,98.2024,0.4049,35.9,99.6358,176.527,0,6,9,2024,16.5,161,420,50,0.51381,50,0.06752,0.12028,0.59255,0.252234,0.255737809321616,1.7664910869502,0.7245901776,0.868296875788882,40.3545683481476
"1305","2024-6-9",2,19.146,98.5686,0.31791,35.9,44.4444,80.3223,0,6,9,2024,17,161,420,50,0.26926,50,0.04078,0.10674,0.47621,0.132182181818182,0.125782402090066,0.966197629835657,0.7260297524,0.937763175498944,24.0109950665489
"1306","2024-6-9",2,18.8,98.9616,0.2257,35.9,35.0614,63.8575,0,6,9,2024,17.5,161,420,50,0.2184,50,0.03505,0.1086,0.47453,0.107214545454545,0.0950780162396913,0.813334706441178,0.728016,0.950196950080791,20.6861897713818
"1307","2024-6-9",2,18.401,99.1395,0.18242,35.9,23.0422,41.308,0,6,9,2024,18,161,420,50,0.14907,50,0.03372,0.10871,0.47119,0.0731798181818182,0.0851561236880096,0.776178428980157,0.7299795189,0.967493666841387,20.3012915548843
"1308","2024-6-10",2,19.123,79.5377,4.53814,35.9,291.029,425.402,0,6,10,2024,7,162,420,50,0.90442,50,0.13687,0.07242,0.66718,0.443988,0.667906792875009,6.69638168072526,0.7261699581,0.711541454230842,126.356501206247
"1309","2024-6-10",2,19.449,78.0735,4.96259,35.9,471.322,695.042,0,6,10,2024,7.5,162,420,50,1.10462,50,0.17257,0.07737,0.6591,0.542268,0.665995058250602,7.80713065922194,0.7240740389,0.573479206650651,117.489629972964
"1310","2024-6-10",2,19.699,77.987,5.06014,35.9,553.923,841.445,0,6,10,2024,8,162,420,50,1.16443,50,0.21915,0.08602,0.64949,0.571629272727273,0.698279393386982,8.78743123201585,0.7223083389,0.510096171230935,116.593353409517
"1311","2024-6-10",2,20.045,79.4425,4.82799,35.9,692.499,1069.08,0,6,10,2024,8.5,162,420,50,1.24227,50,0.2555,0.09252,0.63773,0.609841636363636,0.6798802214478,9.35275508097871,0.7196377725,0.425170931138793,102.069873072552
"1312","2024-6-10",2,20.552,78.0818,5.31131,35.8,822.238,1290.25,0,6,10,2024,9,162,420,50,1.29585,50,0.30355,0.09945,0.62489,0.636144545454545,0.648650376273256,10.1292306016912,0.7152488256,0.35622240857952,90.6336193995827
"1313","2024-6-10",2,21.446,74.6053,6.50116,35.8,876.353,1399.09,0,6,10,2024,9.5,162,420,50,1.31202,50,0.39535,0.10331,0.61468,0.644082545454545,0.719333369135436,12.4921128260781,0.7061319924,0.326517412796046,98.0112266287766
"1314","2024-6-10",2,21.725,73.6725,6.85593,35.8,843.793,1372.56,0,6,10,2024,10,162,420,50,1.29636,50,0.40127,0.10909,0.6091,0.636394909090909,0.706115326874184,11.8983785921717,0.7029268125,0.333521482636304,93.898412431571
"1315","2024-6-10",2,22.033,74.7411,6.70242,35.8,584.057,956.819,0,6,10,2024,11,162,420,50,1.16325,50,0.31667,0.11729,0.61036,0.57105,0.74315375838001,8.75143827441974,0.6991896021,0.465122159171853,94.6125137724664
"1316","2024-6-10",2,22.246,72.3967,7.42011,35.7,750.363,1240.27,0,6,10,2024,11.5,162,420,50,1.24714,50,0.29918,0.11865,0.60765,0.612232363636364,0.532460868249711,8.13702689340559,0.6964830324,0.370754188743851,69.2276172424303
"1317","2024-6-10",2,22.944,71.3444,8.03618,35.7,694.904,1149.32,0,6,10,2024,12.5,162,420,50,1.21395,50,0.35285,0.12648,0.61632,0.595939090909091,0.616907794109156,9.13107604771413,0.6869141504,0.398735894421624,79.8815192639408
"1318","2024-6-10",2,22.79,75.2972,6.86337,35.7,366.799,612.244,0,6,10,2024,13,162,420,50,0.96767,50,0.18357,0.12579,0.62654,0.475038,0.502526777733586,4.85569978224569,0.68911749,0.612751872918529,65.9528333463006
"1319","2024-6-10",2,22.304,79.5024,5.52948,35.6,158.079,261.777,0,6,10,2024,14,162,420,50,0.61609,50,0.08892,0.12123,0.61942,0.302444181818182,0.320094569240149,2.41280379109092,0.6957287424,0.811053223513287,44.745604266593
"1320","2024-6-10",2,22.388,81.9582,4.89191,35.6,217.069,366.315,0,6,10,2024,14.5,162,420,50,0.74132,50,0.17299,0.12649,0.6282,0.363920727272727,0.58135096417743,4.56257663375935,0.6946232016,0.74598334855451,77.4198905988921
"1321","2024-6-10",2,21.613,84.8052,3.92988,35.6,88.8812,161.24,0,6,10,2024,15.5,162,420,50,0.40891,50,0.09441,0.1331,0.63835,0.200737636363636,0.342220579841235,2.40461880273506,0.7042340541,0.878980997365435,50.3262509123582
"1322","2024-6-10",2,21.209,91.1338,2.23706,35.6,123.57,222.755,0,6,10,2024,16,162,420,50,0.51683,50,0.08692,0.12588,0.63656,0.253716545454545,0.309880558526593,2.33426287175147,0.7087201509,0.83677170464829,47.5248865341424
"1323","2024-6-10",2,20.635,95.0643,1.20217,35.5,56.5594,105.355,0,6,10,2024,16.5,162,420,50,0.28392,50,0.04789,0.1232,0.62849,0.139378909090909,0.168853478217348,1.29741804808439,0.7144764525,0.919170174693707,29.8415823596548
"1324","2024-6-10",2,20.327,94.8043,1.24169,35.5,36.7955,71.0625,0,6,10,2024,17,162,420,50,0.19586,50,0.03391,0.12627,0.61447,0.0961494545454546,0.0977266371626806,0.876346239756043,0.7172663781,0.944735769104143,21.0033758148853
"1325","2024-6-10",2,20.288,90.5059,2.26347,35.6,24.1079,47.8056,0.1,6,10,2024,17.5,162,420,50,0.13336,50,0.03487,0.12295,0.61975,0.0654676363636364,0.100565666678144,0.933442098046359,0.7176047616,0.962477605599969,22.830002504084
"1326","2024-6-11",2,20.088,93.8588,1.44612,35.7,223.707,367.618,0,6,11,2024,8,163,420,50,0.6998,50,0.15235,0.1115,0.55787,0.343538181818182,0.497469707978844,4.04807017381521,0.7192874816,0.745206140663105,77.2974521062249
"1327","2024-6-11",2,20.158,95.5394,1.05493,35.6,238.817,389.99,0,6,11,2024,8.5,163,420,50,0.7246,50,0.14324,0.11574,0.58619,0.355712727272727,0.488760832745544,3.85271313499246,0.7187085396,0.731987384103962,72.0553989121817
"1328","2024-6-11",2,20.059,95.5639,1.04273,35.7,253.271,416.009,0,6,11,2024,9,163,420,50,0.74693,50,0.12525,0.10593,0.51725,0.366674727272727,0.420031779846916,3.24793025997454,0.7195241709,0.716908400771822,59.7338231971164
"1329","2024-6-11",2,20.531,94.6485,1.29512,35.6,457.331,739.325,0,6,11,2024,9.5,163,420,50,0.9738,50,0.23641,0.11053,0.5626,0.478047272727273,0.669655909812313,6.39047050387779,0.7154418429,0.553518557413396,88.9341005828565
"1330","2024-6-11",2,20.926,92.6541,1.82155,35.6,326.095,520.831,0,6,11,2024,10.5,163,420,50,0.8438,50,0.18881,0.12301,0.62626,0.414229090909091,0.657296161545741,5.10489344267338,0.7116487764,0.659241860784102,83.0568327902774
"1331","2024-6-11",2,21.627,87.4515,3.24824,35.6,1036.27,1705.07,0,6,11,2024,11,163,420,50,1.23272,50,0.55861,0.11584,0.60562,0.605153454545455,0.756027350142699,15.5095000975465,0.7040721581,0.255621869171482,94.325072988874
"1332","2024-6-11",2,22.12,83.6946,4.34961,35.6,930.159,1544.1,0,6,11,2024,11.5,163,420,50,1.20287,50,0.51366,0.11822,0.60375,0.590499818181818,0.750926462586393,13.9312270386015,0.69809616,0.290753340034047,93.6614106647965
"1333","2024-6-11",2,22.468,81.0616,5.16004,35.6,905.634,1504.62,0,6,11,2024,12,163,420,50,1.19468,50,0.49616,0.11623,0.60647,0.586479272727273,0.747097378225392,13.748656690761,0.6935558736,0.300083052791937,93.3752740155185
"1334","2024-6-11",2,22.346,82.0341,4.85891,35.6,181.677,290.525,0,6,11,2024,13,163,420,50,0.61481,50,0.09104,0.12583,0.62364,0.301815818181818,0.317260474405583,2.39623523101924,0.6951779124,0.792613155862953,43.3151933777417
"1335","2024-6-11",2,22.88,79.787,5.64662,35.6,336.286,548.13,0,6,11,2024,13.5,163,420,50,0.85178,50,0.20725,0.12121,0.62312,0.418146545454545,0.620764003787564,5.65815985020277,0.68783616,0.645000620610504,80.4151273332951
"1336","2024-6-11",2,22.714,80.8111,5.30691,35.6,221.887,366.289,0,6,11,2024,14,163,420,50,0.68951,50,0.15746,0.12252,0.61547,0.338486727272727,0.525401092140463,4.20066048715244,0.6901856244,0.745998865169532,69.8103945195904
"1337","2024-6-11",2,22.816,80.0388,5.55472,35.6,361.115,602.339,0,6,11,2024,15,163,420,50,0.87724,50,0.24476,0.12363,0.62861,0.430645090909091,0.659186187481809,6.60914522178625,0.6887491584,0.617626606948835,90.3278843379273
"1338","2024-6-11",2,23.132,78.2099,6.18067,35.6,339.969,568.416,0,6,11,2024,15.5,163,420,50,0.85334,50,0.1795,0.12792,0.63372,0.418912363636364,0.434978780601098,4.72248785336746,0.6841536336,0.634617515095754,64.9173310966256
"1339","2024-6-11",2,23.074,77.9492,6.23274,35.6,267.481,450.865,0,6,11,2024,16,163,420,50,0.7595,50,0.15104,0.12949,0.63219,0.372845454545455,0.374703583557901,3.91607320611172,0.6850135764,0.697193701060903,59.3760906486388
"1340","2024-6-11",2,22.913,78.9554,5.89069,35.5,218.957,358.466,0,6,11,2024,16.5,163,420,50,0.68144,50,0.13083,0.1268,0.63063,0.334525090909091,0.3396697742462,3.45549404304444,0.6873618741,0.750682264473975,57.030844792871
"1341","2024-6-11",2,22.993,81.8838,5.09559,35.6,149.49,243.839,0,6,11,2024,17,163,420,50,0.53975,50,0.10827,0.12649,0.63558,0.264968181818182,0.28409845114062,2.88914674302718,0.6862021461,0.822776074313971,51.9820446429334
"1342","2024-6-11",2,22.503,85.414,3.98262,35.5,59.0602,108.085,0,6,11,2024,17.5,163,420,50,0.26958,50,0.05299,0.13398,0.63578,0.132339272727273,0.116209637173324,1.3353903757214,0.6930844901,0.917164897591845,27.6581425708985
"1343","2024-6-11",2,22.266,85.8545,3.80712,35.5,55.4612,96.9235,0,6,11,2024,18,163,420,50,0.25558,50,0.05299,0.12991,0.6312,0.125466545454545,0.113593023774724,1.36730612975605,0.6962237684,0.925391118524669,28.9992084071258
"1344","2024-6-12",2,21.179,92.0872,1.99284,35.6,310.514,452.329,0,6,12,2024,7,164,420,50,0.79803,50,0.15921,0.0955,0.64537,0.391760181818182,0.536956582597316,5.71377557193121,0.7090389549,0.696377625785186,96.9623729043248
"1345","2024-6-12",2,21.208,93.6203,1.60959,35.5,405.315,602.154,0,6,12,2024,7.5,164,420,50,0.89863,50,0.19823,0.09837,0.63408,0.441145636363636,0.61258277290124,6.78575536002686,0.7087308096,0.617718022451244,101.994143380359
"1346","2024-6-12",2,22.905,84.0308,4.46785,35.5,742.038,1115.55,0,6,12,2024,8.5,164,420,50,1.10633,50,0.29762,0.09491,0.64057,0.543107454545455,0.624202916647159,10.6675372527465,0.6874770725,0.40965497416203,96.1299542970178
"1347","2024-6-12",2,22.884,86.0398,3.90081,35.5,695.14,1072.54,0,6,12,2024,9,164,420,50,1.08506,50,0.28292,0.10712,0.63404,0.532665818181818,0.561213864175142,8.89318192330308,0.6877787984,0.42399568529203,83.0625016473661
"1348","2024-6-12",2,23.588,82.0475,5.23413,35.5,697.668,1081.79,0,6,12,2024,9.5,164,420,50,1.08551,50,0.33065,0.11264,0.62014,0.532886727272727,0.591369121848791,9.66747514117626,0.6771348816,0.420869697640092,85.3325612169041
"1349","2024-6-12",2,23.632,83.7453,4.7517,35.4,578.931,904.001,0,6,12,2024,10,164,420,50,1.02318,50,0.24501,0.11613,0.62133,0.502288363636364,0.496638075662417,6.96160121101563,0.6764334336,0.485196750098704,70.6136156620324
"1350","2024-6-12",2,23.231,83.6028,4.67889,35.5,213.152,332.047,0,6,12,2024,10.5,164,420,50,0.65006,50,0.11196,0.12599,0.6304,0.319120363636364,0.341069733878047,2.97502385327305,0.6826687029,0.766716935376572,49.0707385391924
"1351","2024-6-12",2,23.683,76.7076,6.82994,35.5,671.825,1081.77,0,6,12,2024,11,164,420,50,1.07125,50,0.32486,0.11963,0.61989,0.525886363636364,0.581276302159494,8.93960236006279,0.6756150621,0.420876431609125,78.3630716109118
"1352","2024-6-12",2,25.13,67.7728,10.30431,35.4,822.451,1339.08,0,6,12,2024,12,164,420,50,1.13252,50,0.44438,0.11599,0.61225,0.555964363636364,0.565518501776684,12.4569059013085,0.65001141,0.342575228548944,79.2561978190839
"1353","2024-6-12",2,24.931,69.1332,9.7531,35.4,553.665,900.16,0,6,12,2024,12.5,164,420,50,1.0043,50,0.30364,0.11941,0.61426,0.49302,0.548887949198319,8.29502985914959,0.6538057629,0.486689955658513,76.2428719550928
"1354","2024-6-12",2,25.45,66.6279,10.87519,35.4,950.372,1564.94,0,6,12,2024,13,164,420,50,1.17239,50,0.57385,0.11712,0.60993,0.575536909090909,0.577606945073246,15.8706513540893,0.64372725,0.285946084976922,81.9970435339744
"1355","2024-6-12",2,25.501,65.2857,11.34686,35.4,655.803,1078.56,0,6,12,2024,13.5,164,420,50,1.05985,50,0.40813,0.11999,0.61752,0.52029,0.587659013439454,11.1545467401624,0.6427048989,0.421958631235093,84.665475371993
"1356","2024-6-12",2,25.508,65.2534,11.36214,35.4,349.517,584.486,0,6,12,2024,14,164,420,50,0.83401,50,0.18735,0.12602,0.62487,0.409423090909091,0.356288397822735,4.93345681191601,0.6425641296,0.626511092058918,55.564631573967
"1357","2024-6-12",2,25.892,62.2761,12.61948,35.3,397.883,658.523,0,6,12,2024,14.5,164,420,50,0.88216,50,0.24687,0.1213,0.62123,0.433060363636364,0.432738524897759,6.71440247551174,0.6346767696,0.590480657511857,68.8792420451354
"1358","2024-6-12",2,25.947,59.564,13.5708,35.2,592.188,976.01,0,6,12,2024,15,164,420,50,1.02379,50,0.46356,0.12047,0.62645,0.502587818181818,0.631195974446453,12.8015009053645,0.6335205101,0.458035768846186,101.361094355628
"1359","2024-6-12",2,26.028,60.5161,13.31485,35.3,304.794,500.973,0,6,12,2024,15.5,164,420,50,0.77986,50,0.22922,0.13174,0.62535,0.382840363636364,0.378603520946714,5.77837119763927,0.6318055376,0.669798471934781,66.4134077699047
"1360","2024-6-12",2,25.837,62.1146,12.63234,35.2,393.218,629.067,0,6,12,2024,16,164,420,50,0.87571,50,0.41477,0.14505,0.63332,0.429894,0.596330798966132,9.61745671705582,0.6358263741,0.604560458419687,101.514955192063
"1361","2024-6-12",2,25.805,64.0518,11.96374,35.2,306.38,450.686,0,6,12,2024,16.5,164,420,50,0.78054,50,0.2964,0.14611,0.63772,0.383174181818182,0.461013458442901,6.87030044847928,0.6364921725,0.697293546347647,83.8823667410963
"1362","2024-6-12",2,25.688,66.8697,10.94981,35.2,216.76,334.319,0,6,12,2024,17,164,420,50,0.6487,50,0.21771,0.16092,0.64884,0.318452727272727,0.313560487278368,4.66179748641417,0.6389073216,0.765324616397633,63.1274531385679
"1363","2024-6-12",2,25.439,68.6999,10.19332,35.2,143.22,288.002,0,6,12,2024,17.5,164,420,50,0.50032,50,0.23649,0.19097,0.66298,0.245611636363636,0.291742081528588,4.36009040533662,0.6439470069,0.794214581872199,62.6280426721969
"1364","2024-6-12",2,24.444,73.1641,8.23649,35.2,87.0072,147.458,0,6,12,2024,18,164,420,50,0.34847,50,0.19532,0.16005,0.65332,0.171067090909091,0.344024884048459,4.2341323046334,0.6627239504,0.888725913303642,73.9399974571548
"1365","2024-6-13",2,21.675,86.5295,3.49715,35.2,207.315,321.493,0,6,13,2024,7,165,420,50,0.6034,50,0.13977,0.10183,0.64506,0.296214545454546,0.465140445067309,4.70203402532105,0.7035138125,0.773217885597065,86.2692101577854
"1366","2024-6-13",2,22.549,79.2635,5.67781,35.1,481.214,694.444,0,6,13,2024,7.5,165,420,50,0.92414,50,0.20726,0.07831,0.6649,0.453668727272727,0.679213360737085,9.34548912914796,0.6924608589,0.573753624738685,120.731976873255
"1367","2024-6-13",2,23.904,69.8551,8.95748,35.1,613.664,897.737,0,6,13,2024,8,165,420,50,1.0135,50,0.2003,0.08289,0.65967,0.497536363636364,0.485755840402098,8.46550708448321,0.6720026624,0.487634270402731,84.5761423555084
"1368","2024-6-13",2,24.267,70.7432,8.88491,35.1,697.431,1050.64,0,6,13,2024,8.5,165,420,50,1.05876,50,0.25422,0.09363,0.64483,0.519754909090909,0.480274315684578,9.29795327037791,0.6658359821,0.43148954421659,79.9401966754188
"1369","2024-6-13",2,24.559,73.7392,8.11558,35.1,767.634,1177.24,0,6,13,2024,9,165,420,50,1.09195,50,0.30529,0.09863,0.63235,0.536048181818182,0.49798728470762,10.3946172526573,0.6606650709,0.389928457107629,78.9125749154639
"1370","2024-6-13",2,25.296,69.0942,9.97981,34.9,423.379,696.856,0,6,13,2024,12.5,165,420,50,0.86285,50,0.2052,0.12337,0.62703,0.423580909090909,0.396429238604072,5.53864519933343,0.6467796224,0.572647577202237,58.0766491787985
"1371","2024-6-13",2,25.141,70.49,9.44169,34.9,679.353,1120.94,0,6,13,2024,13,165,420,50,1.04648,50,0.3537,0.12268,0.62329,0.513726545454546,0.51239523865266,9.54330679312024,0.6497991309,0.407892344873286,72.2281259823127
"1372","2024-6-13",2,25.862,66.8428,11.07216,34.8,562.994,928.773,0,6,13,2024,14.5,165,420,50,0.97226,50,0.33399,0.12672,0.62692,0.477291272727273,0.471470675397712,8.77501481379659,0.6353046516,0.475675966123388,72.7128016331614
"1373","2024-6-13",2,26.032,65.4165,11.66508,34.8,431.405,715.768,0,6,13,2024,15,165,420,50,0.86427,50,0.26802,0.12947,0.63453,0.424278,0.413605721694095,6.97585827478727,0.6317204736,0.5640488600173,67.4934690606348
"1374","2024-6-13",2,26.119,66.5481,11.34151,34.7,419.472,704.066,0,6,13,2024,15.5,165,420,50,0.85163,50,0.24758,0.13481,0.64052,0.418072909090909,0.349423039450961,6.24702981542484,0.6298616229,0.569354053630157,60.5253106523452
"1375","2024-6-13",2,25.928,71.1295,9.67841,34.7,294.189,486.621,0,6,13,2024,16,165,420,50,0.70672,50,0.19002,0.1414,0.6409,0.346935272727273,0.293353187177558,4.57390994628074,0.6339206976,0.677533148330565,53.6633665212699
"1376","2024-6-13",2,25.644,72.74,8.98618,34.7,340.176,415.16,0,6,13,2024,16.5,165,420,50,0.76351,50,0.28417,0.17106,0.6581,0.374814,0.413461012180241,5.80589375545122,0.6398077904,0.717395490354523,73.9848733823177
"1377","2024-6-13",2,25.437,72.4508,8.97072,34.7,180.857,248.699,0,6,13,2024,17,165,420,50,0.52015,50,0.15269,0.1454,0.65486,0.255346363636364,0.266245124022502,3.65209516906861,0.6439869341,0.819583331650711,54.1434994914344
"1378","2024-6-14",2,22.304,85.8371,3.82062,34.6,624.906,943.175,0,6,14,2024,8,166,420,50,0.99482,50,0.26963,0.09326,0.66397,0.488366181818182,0.686326202489098,10.1945648208497,0.6957287424,0.470226869348063,109.611254766118
"1379","2024-6-14",2,25.189,73.0494,8.64746,34.6,691.396,1125.06,0,6,14,2024,11,166,420,50,1.04019,50,0.37782,0.12063,0.62308,0.510638727272727,0.547816290917518,10.3638438500419,0.6488697069,0.406550144865292,77.8617537065532
"1380","2024-6-14",2,25.271,72.785,8.77496,34.6,569.658,930.453,0,6,14,2024,11.5,166,420,50,0.94654,50,0.30937,0.1244,0.62694,0.464665090909091,0.508961196594693,8.28001703654804,0.6472702149,0.475037087047826,72.1775666622432
"1381","2024-6-14",2,25.753,70.4826,9.79335,34.5,646.813,1071.44,0,6,14,2024,12.5,166,420,50,1.00686,50,0.31689,0.12544,0.62337,0.494276727272727,0.425174911191002,8.36307171207546,0.6375692901,0.424368965714384,62.432659809631
"1382","2024-6-14",2,26.238,66.7877,11.33963,34.5,685.393,1170.81,0,6,14,2024,13.5,166,420,50,1.03444,50,0.36516,0.12623,0.6276,0.507816,0.41454119912316,9.6416416252018,0.6272920916,0.391939416845148,63.6020525545063
"1383","2024-6-14",2,26.752,66.4071,11.82192,34.4,267.255,452.733,0,6,14,2024,15.5,166,420,50,0.59071,50,0.21648,0.13284,0.64251,0.289984909090909,0.34898177070466,5.56053063227687,0.6158355456,0.696152592903805,62.0537821495864
"1384","2024-6-14",2,26.079,69.9984,10.14773,34.3,70.4647,111.829,0,6,14,2024,16,166,420,50,0.20074,50,0.08099,0.14078,0.62089,0.0985450909090909,0.128605264113443,1.89693538192036,0.6307183349,0.914421915231619,29.6262629898401
"1385","2024-6-15",2,24.284,70.8949,8.84784,34.3,355.561,492.274,0,6,15,2024,7,167,420,50,0.71691,50,0.13029,0.06758,0.68277,0.351937636363636,0.465595056460062,6.99060496392049,0.6655400784,0.674475990476335,93.8234472087601
"1386","2024-6-15",2,24.347,69.6646,9.25669,34.3,467.84,670.211,0,6,15,2024,7.5,167,420,50,0.85083,50,0.16424,0.07663,0.6763,0.417680181818182,0.473763146417449,7.6978054728561,0.6644379501,0.58498515976215,89.164786041213
"1387","2024-6-15",2,24.336,74.4141,7.80227,34.2,572.703,845.082,0,6,15,2024,8,167,420,50,0.95419,50,0.22159,0.08649,0.66465,0.468420545454545,0.52658645578643,9.04325346203952,0.6646310144,0.508614152497511,91.1529755163449
"1388","2024-6-15",2,24.557,72.9009,8.37365,34.2,672.27,1013.56,0,6,15,2024,8.5,167,420,50,1.0374,50,0.28426,0.09555,0.64998,0.509269090909091,0.539548822404371,10.2691024748411,0.6607011261,0.444480986487189,88.8808715102447
"1389","2024-6-15",2,24.809,68.6192,9.84367,34.2,757.912,1164.43,0,6,15,2024,9,167,420,50,1.09973,50,0.34821,0.10211,0.63841,0.539867454545455,0.544503259045996,11.5616569189063,0.6560888709,0.393944989496232,86.8904607394252
"1390","2024-6-15",2,25.334,71.5999,9.19141,34.2,819.261,1280.44,0,6,15,2024,9.5,167,420,50,1.1401,50,0.38348,0.10467,0.62941,0.559685454545454,0.515125479609806,12.2462061795767,0.6460312884,0.359029040861844,80.2453402689751
"1391","2024-6-15",2,25.353,74.4146,8.28981,34.2,678.163,1071.97,0,6,15,2024,10,167,420,50,1.04451,50,0.30948,0.11251,0.62905,0.512759454545455,0.467871492225659,9.18912298438329,0.6456559301,0.424189071413208,71.0247174300064
"1392","2024-6-15",2,25.541,75.1037,8.15704,34.2,459.516,743.578,0,6,15,2024,10.5,167,420,50,0.84859,50,0.24181,0.12376,0.62294,0.416580545454545,0.424059892503631,6.46379551266955,0.6418990509,0.551638466098709,63.9150911207795
"1393","2024-6-15",2,25.9,73.7453,8.78694,34.2,500.057,806.782,0,6,15,2024,11,167,420,50,0.89178,50,0.34975,0.11477,0.62369,0.437782909090909,0.645342848781144,10.0935875917409,0.634509,0.524439293239401,91.8971153328484
"1394","2024-6-15",2,23.555,67.6292,9.41912,33.9,42.0499,93.2655,9.2,6,15,2024,15.5,167,420,50,0.12989,50,0.07665,0.12902,0.62516,0.0637641818181818,0.225766447043256,1.97239429626899,0.6776581725,0.928103149402055,38.4843362738375
"1395","2024-6-16",2,24.901,75.606,7.6941,36,264.698,440.346,0,6,16,2024,15.5,168,420,50,0.66195,50,0.2332,0.12085,0.62434,0.324957272727273,0.55672881621183,6.39809206774842,0.6543702189,0.703085480978135,85.1669284166169
"1396","2024-6-16",2,22.68,87.8947,3.34096,36.6,20.4862,39.8674,2.5,6,16,2024,17,168,420,50,0.07663,50,0.0222,0.11743,0.65486,0.0376183636363636,0.0413050231423009,0.657460720260607,0.69065936,0.968609326706903,14.218224912047
"1397","2024-6-17",2,24.857,52.1486,15.05326,35.8,176.574,246.567,0,6,17,2024,17,169,420,50,0.44247,50,0.17056,0.16539,0.68049,0.217212545454545,0.270322627527421,3.7268088788284,0.6551945061,0.820982405772418,58.1389309352661
"1398","2024-6-17",2,25.221,51.3738,15.63208,35.7,130.992,266.974,0,6,17,2024,17.5,169,420,50,0.34764,50,0.15468,0.18311,0.68559,0.170659636363636,0.181417067604606,3.07562943740498,0.6482472749,0.807688188712781,45.7805462169977
"1399","2024-6-17",2,25.022,50.8582,15.61191,35.7,54.4489,94.6335,0,6,17,2024,18,169,420,50,0.16118,50,0.11478,0.13887,0.67256,0.0791247272727273,0.193000444516872,2.95213526805406,0.6520814676,0.927087988912491,51.2957639940695
"1400","2024-6-18",2,22.512,46.259,14.68167,35.4,275.189,369.691,0,6,18,2024,6.5,170,420,50,0.54274,50,0.10988,0.1098,0.72454,0.266436,0.269267398991153,3.8505796495142,0.6929628416,0.74397131499988,64.6548802111863
"1401","2024-6-18",2,24.07,58.337,12.504,35.2,679.743,1131.76,0,6,18,2024,12,170,420,50,0.95561,50,0.36249,0.12328,0.65447,0.469117636363636,0.599050801354607,10.2197572994142,0.66921861,0.404376865680148,83.6091533489844
"1402","2024-6-20",2,20.184,100.107,-0.02535,42.4,59.4357,102.871,0.7,6,20,2024,6.5,172,420,50,0.16423,50,0.0534,0.10579,0.55266,0.080622,0.152566452597785,1.48150153715802,0.7184907584,0.920998565752527,34.8248768984065
"1403","2024-6-20",2,20.303,100.142,-0.03389,42.3,61.0503,104.92,0,6,20,2024,7,172,420,50,0.16875,50,0.04548,0.10331,0.53767,0.0828409090909091,0.133954961671879,1.25701752758282,0.7174750101,0.91949010157855,29.3520408237606
"1404","2024-6-20",2,20.47,100.139,-0.03351,42.3,110.536,189.549,0.1,6,20,2024,7.5,172,420,50,0.29394,50,0.07553,0.09127,0.44101,0.144297818181818,0.229620849075342,1.93814964197151,0.71599701,0.859298259629644,41.987453304987
"1405","2024-6-20",2,20.503,100.1,-0.02416,42.2,166.181,282.882,0,6,20,2024,8,172,420,50,0.42394,50,0.06006,0.11727,0.61749,0.208116,0.188932973780798,1.67948359212931,0.7156976901,0.79747435626,33.7164405078696
"1406","2024-6-20",2,21.314,98.3907,0.40867,41.9,287.879,487.711,0,6,20,2024,9.5,172,420,50,0.67668,50,0.14796,0.1217,0.62579,0.332188363636364,0.47888607420076,4.04045056173158,0.7075887444,0.676942596943046,66.1863559603691
"1407","2024-6-20",2,21.02,98.9527,0.2612,41.8,262.714,437.804,0,6,20,2024,10,172,420,50,0.62972,50,0.14892,0.12629,0.64672,0.309135272727273,0.532380656234983,4.04993254719296,0.71069556,0.70451673041343,70.0918631322245
"1408","2024-6-20",2,20.711,99.5915,0.09996,41.6,156.79,278.106,0,6,20,2024,11.5,172,420,50,0.40821,50,0.09615,0.11266,0.53092,0.200394,0.375794843296367,2.40633485231075,0.7137559269,0.800527174670807,48.0336251791792
"1409","2024-6-20",2,20.872,99.6105,0.09626,41.5,223.519,395.412,0,6,20,2024,12,172,420,50,0.55531,50,0.08942,0.11926,0.60548,0.272606727272727,0.33672898583561,2.41094385379251,0.7121875776,0.728819191769608,43.4802223451448
"1410","2024-6-20",2,21.608,98.9088,0.28213,41.2,165.68,296.407,0,6,20,2024,14,172,420,50,0.43255,50,0.1279,0.10345,0.4527,0.212342727272727,0.425313766911468,2.972336521919,0.7042917696,0.788892196934885,55.8476417492213
"1411","2024-6-20",2,21.323,99.547,0.1151,41.1,93.6944,174.572,1.3,6,20,2024,14.5,172,420,50,0.25875,50,0.07645,0.09327,0.40008,0.127022727272727,0.256615864513397,1.74152530126527,0.7074906381,0.869655954625229,36.6317941725899
"1412","2024-6-20",2,20.656,99.8011,0.04851,40.9,81.7525,142.584,0,6,20,2024,17,172,420,50,0.22981,50,0.03562,0.10536,0.52597,0.112815818181818,0.095784967362075,0.944336031808274,0.7142786304,0.892197998162375,21.0626368160188
"1413","2024-6-20",2,20.509,99.7509,0.0602,40.9,33.6819,59.2863,0,6,20,2024,17.5,172,420,50,0.09848,50,0.0204,0.10985,0.61117,0.0483447272727273,0.0455256339163071,0.602753260417627,0.7156430109,0.953678143732724,14.4668482199389
"1414","2024-6-21",2,21.912,100.176,-0.04636,45.8,26.3903,51.3601,0,6,21,2024,8.5,173,420,50,0.08373,50,0.05706,0.07645,0.26675,0.0411038181818182,0.118781467313571,1.05731925068987,0.7006826816,0.959744591921142,23.754798495941
"1415","2024-6-21",2,22.55,100.113,-0.03094,42.6,194.029,322.54,0,6,21,2024,12,173,420,50,0.52926,50,0.12964,0.1189,0.61954,0.259818545454545,0.484178465771337,3.58735167099016,0.69244725,0.772570509455065,62.3992197808134
"1416","2024-6-21",2,23.195,99.0116,0.28142,42.3,188.295,327.027,0,6,21,2024,13.5,173,420,50,0.51797,50,0.07447,0.11945,0.67145,0.254276181818182,0.25292047805282,2.22308624606984,0.6832111725,0.769802261777714,36.9080072931159
"1417","2024-7-1",2,24.284,70.8949,8.84784,34.3,355.561,492.274,0,6,15,2024,7,167,420,50,0.71691,50,0.13029,0.06758,0.68277,0.351937636363636,0.465595056460062,6.99060496392049,0.6655400784,0.674475990476335,93.8234472087601
"1418","2024-7-1",2,24.347,69.6646,9.25669,34.3,467.84,670.211,0,6,15,2024,7.5,167,420,50,0.85083,50,0.16424,0.07663,0.6763,0.417680181818182,0.473763146417449,7.6978054728561,0.6644379501,0.58498515976215,89.164786041213
"1419","2024-7-1",2,24.336,74.4141,7.80227,34.2,572.703,845.082,0,6,15,2024,8,167,420,50,0.95419,50,0.22159,0.08649,0.66465,0.468420545454545,0.52658645578643,9.04325346203952,0.6646310144,0.508614152497511,91.1529755163449
"1420","2024-7-1",2,24.557,72.9009,8.37365,34.2,672.27,1013.56,0,6,15,2024,8.5,167,420,50,1.0374,50,0.28426,0.09555,0.64998,0.509269090909091,0.539548822404371,10.2691024748411,0.6607011261,0.444480986487189,88.8808715102447
"1421","2024-7-1",2,24.809,68.6192,9.84367,34.2,757.912,1164.43,0,6,15,2024,9,167,420,50,1.09973,50,0.34821,0.10211,0.63841,0.539867454545455,0.544503259045996,11.5616569189063,0.6560888709,0.393944989496232,86.8904607394252
"1422","2024-7-1",2,25.334,71.5999,9.19141,34.2,819.261,1280.44,0,6,15,2024,9.5,167,420,50,1.1401,50,0.38348,0.10467,0.62941,0.559685454545454,0.515125479609806,12.2462061795767,0.6460312884,0.359029040861844,80.2453402689751
"1423","2024-7-1",2,25.353,74.4146,8.28981,34.2,678.163,1071.97,0,6,15,2024,10,167,420,50,1.04451,50,0.30948,0.11251,0.62905,0.512759454545455,0.467871492225659,9.18912298438329,0.6456559301,0.424189071413208,71.0247174300064
"1424","2024-7-1",2,25.541,75.1037,8.15704,34.2,459.516,743.578,0,6,15,2024,10.5,167,420,50,0.84859,50,0.24181,0.12376,0.62294,0.416580545454545,0.424059892503631,6.46379551266955,0.6418990509,0.551638466098709,63.9150911207795
"1425","2024-7-1",2,25.9,73.7453,8.78694,34.2,500.057,806.782,0,6,15,2024,11,167,420,50,0.89178,50,0.34975,0.11477,0.62369,0.437782909090909,0.645342848781144,10.0935875917409,0.634509,0.524439293239401,91.8971153328484
"1426","2024-7-1",2,23.555,67.6292,9.41912,33.9,42.0499,93.2655,9.2,6,15,2024,15.5,167,420,50,0.12989,50,0.07665,0.12902,0.62516,0.0637641818181818,0.225766447043256,1.97239429626899,0.6776581725,0.928103149402055,38.4843362738375
"1427","2024-7-2",2,22.512,46.259,14.68167,35.4,275.189,369.691,0,6,18,2024,6.5,170,420,50,0.54274,50,0.10988,0.1098,0.72454,0.266436,0.269267398991153,3.8505796495142,0.6929628416,0.74397131499988,64.6548802111863
"1428","2024-7-2",2,24.07,58.337,12.504,35.2,679.743,1131.76,0,6,18,2024,12,170,420,50,0.95561,50,0.36249,0.12328,0.65447,0.469117636363636,0.599050801354607,10.2197572994142,0.66921861,0.404376865680148,83.6091533489844
"1429","2024-7-2",2,24.901,75.606,7.6941,36,264.698,440.346,0,6,16,2024,15.5,168,420,50,0.66195,50,0.2332,0.12085,0.62434,0.324957272727273,0.55672881621183,6.39809206774842,0.6543702189,0.703085480978135,85.1669284166169
"1430","2024-7-2",2,22.68,87.8947,3.34096,36.6,20.4862,39.8674,2.5,6,16,2024,16,168,420,50,0.07663,50,0.0222,0.11743,0.65486,0.0376183636363636,0.0520170706049908,0.657460720260607,0.69065936,0.968609326706903,14.218224912047
"1431","2024-7-2",2,24.857,52.1486,15.05326,35.8,176.574,246.567,0,6,17,2024,17,169,420,50,0.44247,50,0.17056,0.16539,0.68049,0.217212545454545,0.270322627527421,3.7268088788284,0.6551945061,0.820982405772418,58.1389309352661
"1432","2024-7-2",2,25.221,51.3738,15.63208,35.7,130.992,266.974,0,6,17,2024,17.5,169,420,50,0.34764,50,0.15468,0.18311,0.68559,0.170659636363636,0.181417067604606,3.07562943740498,0.6482472749,0.807688188712781,45.7805462169977
"1433","2024-7-2",2,25.022,50.8582,15.61191,35.7,54.4489,94.6335,0,6,17,2024,18,169,420,50,0.16118,50,0.11478,0.13887,0.67256,0.0791247272727273,0.193000444516872,2.95213526805406,0.6520814676,0.927087988912491,51.2957639940695
"1434","2024-7-3",2,20.184,100.107,-0.02535,42.4,59.4357,102.871,0.7,6,20,2024,6.5,172,420,50,0.16423,50,0.0534,0.10579,0.55266,0.080622,0.152566452597785,1.48150153715802,0.7184907584,0.920998565752527,34.8248768984065
"1435","2024-7-3",2,20.303,100.142,-0.03389,42.3,61.0503,104.92,0,6,20,2024,7,172,420,50,0.16875,50,0.04548,0.10331,0.53767,0.0828409090909091,0.133954961671879,1.25701752758282,0.7174750101,0.91949010157855,29.3520408237606
"1436","2024-7-3",2,20.47,100.139,-0.03351,42.3,110.536,189.549,0.1,6,20,2024,7.5,172,420,50,0.29394,50,0.07553,0.09127,0.44101,0.144297818181818,0.229620849075342,1.93814964197151,0.71599701,0.859298259629644,41.987453304987
"1437","2024-7-3",2,20.503,100.1,-0.02416,42.2,166.181,282.882,0,6,20,2024,8,172,420,50,0.42394,50,0.06006,0.11727,0.61749,0.208116,0.188932973780798,1.67948359212931,0.7156976901,0.79747435626,33.7164405078696
"1438","2024-7-3",2,21.314,98.3907,0.40867,41.9,287.879,487.711,0,6,20,2024,9.5,172,420,50,0.67668,50,0.14796,0.1217,0.62579,0.332188363636364,0.47888607420076,4.04045056173158,0.7075887444,0.676942596943046,66.1863559603691
"1439","2024-7-3",2,21.02,98.9527,0.2612,41.8,262.714,437.804,0,6,20,2024,10,172,420,50,0.62972,50,0.14892,0.12629,0.64672,0.309135272727273,0.532380656234983,4.04993254719296,0.71069556,0.70451673041343,70.0918631322245
"1440","2024-7-3",2,20.711,99.5915,0.09996,41.6,156.79,278.106,0,6,20,2024,11.5,172,420,50,0.40821,50,0.09615,0.11266,0.53092,0.200394,0.375794843296367,2.40633485231075,0.7137559269,0.800527174670807,48.0336251791792
"1441","2024-7-3",2,20.872,99.6105,0.09626,41.5,223.519,395.412,0,6,20,2024,12,172,420,50,0.55531,50,0.08942,0.11926,0.60548,0.272606727272727,0.33672898583561,2.41094385379251,0.7121875776,0.728819191769608,43.4802223451448
"1442","2024-7-3",2,21.608,98.9088,0.28213,41.2,165.68,296.407,0,6,20,2024,14,172,420,50,0.43255,50,0.1279,0.10345,0.4527,0.212342727272727,0.425313766911468,2.972336521919,0.7042917696,0.788892196934885,55.8476417492213
"1443","2024-7-3",2,21.323,99.547,0.1151,41.1,93.6944,174.572,1.3,6,20,2024,14.5,172,420,50,0.25875,50,0.07645,0.09327,0.40008,0.127022727272727,0.256615864513397,1.74152530126527,0.7074906381,0.869655954625229,36.6317941725899
"1444","2024-7-3",2,20.656,99.8011,0.04851,40.9,81.7525,142.584,0,6,20,2024,17,172,420,50,0.22981,50,0.03562,0.10536,0.52597,0.112815818181818,0.095784967362075,0.944336031808274,0.7142786304,0.892197998162375,21.0626368160188
"1445","2024-7-3",2,20.509,99.7509,0.0602,40.9,33.6819,59.2863,0,6,20,2024,17.5,172,420,50,0.09848,50,0.0204,0.10985,0.61117,0.0483447272727273,0.0455256339163071,0.602753260417627,0.7156430109,0.953678143732724,14.4668482199389
"1446","2024-7-4",2,20.184,100.107,-0.02535,42.4,59.4357,102.871,0.7,6,20,2024,6.5,172,420,50,0.16423,50,0.0534,0.10579,0.55266,0.080622,0.152566452597785,1.48150153715802,0.7184907584,0.920998565752527,34.8248768984065
"1447","2024-7-4",2,20.303,100.142,-0.03389,42.3,61.0503,104.92,0,6,20,2024,7,172,420,50,0.16875,50,0.04548,0.10331,0.53767,0.0828409090909091,0.133954961671879,1.25701752758282,0.7174750101,0.91949010157855,29.3520408237606
"1448","2024-7-4",2,20.47,100.139,-0.03351,42.3,110.536,189.549,0.1,6,20,2024,7.5,172,420,50,0.29394,50,0.07553,0.09127,0.44101,0.144297818181818,0.229620849075342,1.93814964197151,0.71599701,0.859298259629644,41.987453304987
"1449","2024-7-4",2,20.503,100.1,-0.02416,42.2,166.181,282.882,0,6,20,2024,8,172,420,50,0.42394,50,0.06006,0.11727,0.61749,0.208116,0.188932973780798,1.67948359212931,0.7156976901,0.79747435626,33.7164405078696
"1450","2024-7-4",2,21.314,98.3907,0.40867,41.9,287.879,487.711,0,6,20,2024,9.5,172,420,50,0.67668,50,0.14796,0.1217,0.62579,0.332188363636364,0.47888607420076,4.04045056173158,0.7075887444,0.676942596943046,66.1863559603691
"1451","2024-7-4",2,21.02,98.9527,0.2612,41.8,262.714,437.804,0,6,20,2024,10,172,420,50,0.62972,50,0.14892,0.12629,0.64672,0.309135272727273,0.532380656234983,4.04993254719296,0.71069556,0.70451673041343,70.0918631322245
"1452","2024-7-4",2,20.711,99.5915,0.09996,41.6,156.79,278.106,0,6,20,2024,11.5,172,420,50,0.40821,50,0.09615,0.11266,0.53092,0.200394,0.375794843296367,2.40633485231075,0.7137559269,0.800527174670807,48.0336251791792
"1453","2024-7-4",2,20.872,99.6105,0.09626,41.5,223.519,395.412,0,6,20,2024,12,172,420,50,0.55531,50,0.08942,0.11926,0.60548,0.272606727272727,0.33672898583561,2.41094385379251,0.7121875776,0.728819191769608,43.4802223451448
"1454","2024-7-4",2,21.608,98.9088,0.28213,41.2,165.68,296.407,0,6,20,2024,14,172,420,50,0.43255,50,0.1279,0.10345,0.4527,0.212342727272727,0.425313766911468,2.972336521919,0.7042917696,0.788892196934885,55.8476417492213
"1455","2024-7-4",2,21.323,99.547,0.1151,41.1,93.6944,174.572,1.3,6,20,2024,14.5,172,420,50,0.25875,50,0.07645,0.09327,0.40008,0.127022727272727,0.256615864513397,1.74152530126527,0.7074906381,0.869655954625229,36.6317941725899
"1456","2024-7-4",2,20.656,99.8011,0.04851,40.9,81.7525,142.584,0,6,20,2024,17,172,420,50,0.22981,50,0.03562,0.10536,0.52597,0.112815818181818,0.095784967362075,0.944336031808274,0.7142786304,0.892197998162375,21.0626368160188
"1457","2024-7-4",2,20.509,99.7509,0.0602,40.9,33.6819,59.2863,0,6,20,2024,17.5,172,420,50,0.09848,50,0.0204,0.10985,0.61117,0.0483447272727273,0.0455256339163071,0.602753260417627,0.7156430109,0.953678143732724,14.4668482199389
"1458","2024-7-5",2,20.184,100.107,-0.02535,42.4,59.4357,102.871,0.7,6,20,2024,6.5,172,420,50,0.16423,50,0.0534,0.10579,0.55266,0.080622,0.152566452597785,1.48150153715802,0.7184907584,0.920998565752527,34.8248768984065
"1459","2024-7-5",2,20.303,100.142,-0.03389,42.3,61.0503,104.92,0,6,20,2024,7,172,420,50,0.16875,50,0.04548,0.10331,0.53767,0.0828409090909091,0.133954961671879,1.25701752758282,0.7174750101,0.91949010157855,29.3520408237606
"1460","2024-7-5",2,20.47,100.139,-0.03351,42.3,110.536,189.549,0.1,6,20,2024,7.5,172,420,50,0.29394,50,0.07553,0.09127,0.44101,0.144297818181818,0.229620849075342,1.93814964197151,0.71599701,0.859298259629644,41.987453304987
"1461","2024-7-5",2,20.503,100.1,-0.02416,42.2,166.181,282.882,0,6,20,2024,8,172,420,50,0.42394,50,0.06006,0.11727,0.61749,0.208116,0.188932973780798,1.67948359212931,0.7156976901,0.79747435626,33.7164405078696
"1462","2024-7-5",2,21.314,98.3907,0.40867,41.9,287.879,487.711,0,6,20,2024,9.5,172,420,50,0.67668,50,0.14796,0.1217,0.62579,0.332188363636364,0.47888607420076,4.04045056173158,0.7075887444,0.676942596943046,66.1863559603691
"1463","2024-7-5",2,21.02,98.9527,0.2612,41.8,262.714,437.804,0,6,20,2024,10,172,420,50,0.62972,50,0.14892,0.12629,0.64672,0.309135272727273,0.532380656234983,4.04993254719296,0.71069556,0.70451673041343,70.0918631322245
"1464","2024-7-5",2,20.711,99.5915,0.09996,41.6,156.79,278.106,0,6,20,2024,11.5,172,420,50,0.40821,50,0.09615,0.11266,0.53092,0.200394,0.375794843296367,2.40633485231075,0.7137559269,0.800527174670807,48.0336251791792
"1465","2024-7-5",2,20.872,99.6105,0.09626,41.5,223.519,395.412,0,6,20,2024,12,172,420,50,0.55531,50,0.08942,0.11926,0.60548,0.272606727272727,0.33672898583561,2.41094385379251,0.7121875776,0.728819191769608,43.4802223451448
"1466","2024-7-5",2,21.608,98.9088,0.28213,41.2,165.68,296.407,0,6,20,2024,14,172,420,50,0.43255,50,0.1279,0.10345,0.4527,0.212342727272727,0.425313766911468,2.972336521919,0.7042917696,0.788892196934885,55.8476417492213
"1467","2024-7-5",2,21.323,99.547,0.1151,41.1,93.6944,174.572,1.3,6,20,2024,14.5,172,420,50,0.25875,50,0.07645,0.09327,0.40008,0.127022727272727,0.256615864513397,1.74152530126527,0.7074906381,0.869655954625229,36.6317941725899
"1468","2024-7-5",2,20.656,99.8011,0.04851,40.9,81.7525,142.584,0,6,20,2024,17,172,420,50,0.22981,50,0.03562,0.10536,0.52597,0.112815818181818,0.095784967362075,0.944336031808274,0.7142786304,0.892197998162375,21.0626368160188
"1469","2024-7-5",2,20.509,99.7509,0.0602,40.9,33.6819,59.2863,0,6,20,2024,17.5,172,420,50,0.09848,50,0.0204,0.10985,0.61117,0.0483447272727273,0.0455256339163071,0.602753260417627,0.7156430109,0.953678143732724,14.4668482199389
"1470","2024-7-11",2,25.9299,74.11932,8.66364,32.8,1211.80712,1092.26554,0.00465,7,11,2023,10.5,192,420,50,0.98762,50,0.42466,0.11021,0.60941,0.484831636363636,0.620091490134986,12.4703132598417,0.633880714589,0.417357365743846,90.1094582490566
"1471","2024-7-11",2,25.48496,75.45181,8.00379,32.7,1291.1048,1191.01506,0.02344,7,11,2023,11.5,192,420,50,1.0309,50,0.44402,0.12442,0.62437,0.506078181818182,0.589016466784146,11.8331888886123,0.64302705517824,0.385655016800042,82.2043361491262
"1472","2024-7-11",2,25.57103,75.02033,8.18617,32.7,1300.07189,1195.17819,0.03311,7,11,2023,12.5,192,420,50,1.03238,50,0.52053,0.13249,0.6271,0.506804727272727,0.654024652915032,13.0841917170497,0.64129174721301,0.384372727743675,89.9111903101551
"1473","2024-7-11",2,25.63532,76.8743,7.60754,32.5,1109.40448,1056.92858,0.05856,7,11,2023,14.5,192,420,50,0.97008,50,0.40609,0.13636,0.64305,0.476221090909091,0.521724497206593,10.1701528226692,0.63998492534736,0.42932423026914,77.6179087229897
"1474","2024-7-11",2,25.62684,77.32956,7.45403,32.5,922.76366,1097.95613,0.02846,7,11,2023,15.5,192,420,50,0.98895,50,0.38822,0.13732,0.64382,0.485484545454545,0.440074413866881,9.66620514915654,0.64015781877584,0.415461676332798,71.443374716934
"1475","2024-7-11",2,25.63338,76.60108,7.69654,32.4,811.55535,1010.33904,0.000547,7,11,2023,16,192,420,50,0.94711,50,0.45173,0.14984,0.65268,0.464944909090909,0.49491905811865,10.4495817502343,0.64002449275316,0.445627787755645,82.7932276633705
"1476","2024-7-12",2,24.413,83.7201,4.97951,32.2,625.8086,567.02,0,7,12,2023,7.5,193,420,50,0.72494,50,0.21121,0.09221,0.67434,0.355879636363636,0.572531951878433,8.20281298018439,0.6632739741,0.635326651844868,102.654066038931
"1477","2024-7-12",2,24.772,82.2948,5.53289,32.2,750.59929,877.014,0,7,12,2023,8,193,420,50,0.92263,50,0.29161,0.09739,0.66375,0.452927454545455,0.589771846943975,10.5545571297879,0.6567748176,0.495785849763052,100.131677141779
"1478","2024-7-12",2,24.839,82.2437,5.57108,32.2,866.95643,1099.54,0,7,12,2023,8.5,193,420,50,1.02628,50,0.28807,0.1025,0.65803,0.503810181818182,0.468432584792285,9.82126195705575,0.6555304869,0.414935579882306,77.5514771395046
"1479","2024-7-12",2,24.967,83.0966,5.3441,32.1,972.88913,978.13,0,7,12,2023,9,193,420,50,0.95432,50,0.2857,0.11278,0.64436,0.468484363636364,0.471229603307042,8.66870365967737,0.6531258021,0.457259598560674,74.6348788981476
"1480","2024-7-12",2,25.619,79.4788,6.74423,32.1,1066.58484,1289.17,0,7,12,2023,9.5,193,420,50,1.08815,50,0.50717,0.11481,0.63794,0.534182727272727,0.630736800004052,14.9658403253656,0.6403175229,0.356530317738135,94.9890796644845
"1481","2024-7-12",2,25.832,77.1578,7.60233,32.1,1146.4404,1174.24,0,7,12,2023,10,193,420,50,1.03943,50,0.42083,0.1048,0.6308,0.510265636363636,0.621976590738051,13.4519278085002,0.6359305536,0.390865409297578,91.8411311414301
"1482","2024-7-12",2,25.772,76.4616,7.80627,32,1211.08947,1247.98,0,7,12,2023,10.5,193,420,50,1.06402,50,0.50075,0.10963,0.61878,0.522337090909091,0.680994018418355,15.0098117633838,0.6371764176,0.368474414957716,97.1285198572207
"1483","2024-7-12",2,26.023,76.8237,7.80116,32,1290.62257,1037.94,0,7,12,2023,11.5,193,420,50,0.97384,50,0.39406,0.11652,0.6301,0.478066909090909,0.600295678932263,11.3166736138797,0.6319118181,0.435895823983706,84.6849241033766
"1484","2024-7-12",2,25.554,83.8839,5.27613,31.8,1237.89106,731.331,0,7,12,2023,13.5,193,420,50,0.80211,50,0.23974,0.13333,0.63731,0.393763090909091,0.416155247556405,6.08570349106601,0.6416363924,0.557069762521958,60.6995488181808
"1485","2024-7-12",2,25.723,83.1037,5.58724,31.8,1181.45837,559.678,0,7,12,2023,14,193,420,50,0.68014,50,0.2258,0.13119,0.6387,0.333886909090909,0.445632012273882,5.83804657669682,0.6381879981,0.639069287078485,65.8083747610981
"1486","2024-7-12",2,25.701,85.2253,4.87931,31.7,922.51968,541.953,0,7,12,2023,15.5,193,420,50,0.65925,50,0.25251,0.13518,0.64182,0.323631818181818,0.453826891630863,6.36688227611514,0.6386404589,0.648195843932978,72.9373473121689
"1487","2024-7-12",2,25.559,87.1657,4.20297,31.7,811.25219,327.199,0,7,12,2023,16,193,420,50,0.46079,50,0.18774,0.13497,0.64091,0.226206,0.380353459342366,4.73439018358437,0.6415352709,0.769696344273785,65.2165138096975
"1488","2024-7-12",2,25.402,89.3944,3.44091,31.7,690.51336,215.172,0,7,12,2023,16.5,193,420,50,0.32773,50,0.08547,0.13441,0.64167,0.160885636363636,0.147518444279753,2.1669120861385,0.6446842356,0.841863324804822,33.0990444618569
"1489","2024-7-13",2,24.976,76.9425,7.29366,31.6,624.16803,506.529,0,7,13,2023,7.5,194,420,50,0.72824,50,0.18267,0.09998,0.66548,0.357499636363636,0.425856166222934,6.45708551613385,0.6529553664,0.66682795824686,81.0118408288274
"1490","2024-7-13",2,25.401,75.9093,7.81558,31.5,749.11829,918.003,0,7,13,2023,8,194,420,50,0.9924,50,0.3079,0.09475,0.66829,0.487178181818182,0.574711654423492,11.533015260399,0.6447041189,0.479792097076112,100.407517341008
"1491","2024-7-13",2,25.59,76.7887,7.61521,31.5,865.63559,1071.32,0,7,13,2023,8.5,194,420,50,1.05361,50,0.28417,0.09804,0.65963,0.517226727272727,0.449162667331716,10.1536632949464,0.64090709,0.424409707090647,76.9123908491769
"1492","2024-7-13",2,25.385,79.0835,6.77935,31.5,971.72629,922.744,0,7,13,2023,9,194,420,50,0.98504,50,0.25526,0.10269,0.644,0.483565090909091,0.456962627634619,8.50135030977311,0.6450219525,0.477975788235756,73.8357702127934
"1493","2024-7-13",2,25.58,78.6983,6.98456,31.5,1065.57514,967.285,0,7,13,2023,9.5,194,420,50,1.00338,50,0.3703,0.11283,0.64067,0.492568363636364,0.60874633968453,11.1663425339973,0.64110996,0.461244042361614,92.0052974430606
"1494","2024-7-13",2,25.605,77.3096,7.45094,31.4,1145.57637,1103.24,0,7,13,2023,10,194,420,50,1.05875,50,0.40861,0.11766,0.63127,0.51975,0.581136267353917,11.6424057688541,0.6406023725,0.413709186523456,85.852161339664
"1495","2024-7-13",2,25.622,77.9888,7.2352,31.4,1210.36113,1010.64,0,7,13,2023,10.5,194,420,50,1.02337,50,0.34724,0.11736,0.63131,0.502381636363636,0.54185064920401,9.91972766376519,0.6402564276,0.445520507759756,78.6553654215044
"1496","2024-7-13",2,25.808,78.8562,7.02708,31.4,1258.82094,1175.24,0,7,13,2023,11,194,420,50,1.08333,50,0.37012,0.11732,0.63197,0.531816545454545,0.500536747618066,10.5880112865649,0.6364298496,0.390552842013724,72.3863233983297
"1497","2024-7-13",2,26.001,78.4838,7.23296,31.3,1290.12663,1434.23,0,7,13,2023,11.5,194,420,50,1.15927,50,0.64147,0.12046,0.61715,0.569096181818182,0.687065875277628,17.4530630910368,0.6323787989,0.317466175558031,95.3116242245204
"1498","2024-7-13",2,26.211,78.9084,7.17872,31.3,1303.74256,1228.14,0,7,13,2023,12,194,420,50,1.10096,50,0.53193,0.12398,0.61857,0.540471272727273,0.637778174639106,14.0941581275632,0.6278778269,0.374369500513732,89.0285290111811
"1499","2024-7-13",2,25.762,81.809,6.02928,31.2,1237.65411,682.713,0,7,13,2023,13.5,194,420,50,0.86978,50,0.23984,0.13039,0.63801,0.426982909090909,0.433776791411987,6.23235595681295,0.6373832916,0.579163533505853,63.4463031900882
"1500","2024-7-13",2,25.509,84.9384,4.91776,31.1,1108.992,521.051,0,7,13,2023,14.5,194,420,50,0.77497,50,0.23376,0.13291,0.6392,0.380439818181818,0.475864770637152,5.97030806007132,0.6425440109,0.659125844426343,70.7367957894885
"1501","2024-7-13",2,25.477,85.2515,4.80639,31.1,1022.15714,471.762,0,7,13,2023,15,194,420,50,0.73913,50,0.27763,0.13632,0.64052,0.362845636363636,0.572577506252622,6.92766605402737,0.6431867181,0.685635180203108,85.6201714863018
"1502","2024-7-13",2,25.4945,85.80526,4.63073,31.1,922.21755,402.785,0.01414,7,13,2023,15.5,194,420,50,0.67837,50,0.25307,0.13499,0.64294,0.333018,0.533690242126633,6.40113442375893,0.642835516725,0.724532977977432,83.4731308390635
"1503","2024-7-13",2,25.512,86.309,4.47104,31.1,810.88322,333.808,0,7,13,2023,16,194,420,50,0.60737,50,0.18053,0.13397,0.64287,0.298163454545455,0.366840713575057,4.60057821066672,0.6424836416,0.765637545059077,63.2997211300411
"1504","2024-7-13",2,25.472,86.1192,4.52227,31.1,690.05911,331.065,0,7,13,2023,16.5,194,420,50,0.6095,50,0.16032,0.13814,0.64476,0.299209090909091,0.290129367439953,3.97387107376339,0.6432869376,0.767319504859306,54.9889884533736
"1505","2024-7-13",2,25.31,85.4758,4.68658,31,561.81257,191.703,0,7,13,2023,17,194,420,50,0.41747,50,0.11525,0.13651,0.64631,0.204939818181818,0.211563233512472,2.89777577072966,0.64650429,0.857818791944104,45.4619014550946
"1506","2024-7-14",2,23.039,85.8013,3.99845,37.2,1064.55395,257.476,0,7,14,2023,9.5,195,420,50,0.56258,50,0.13255,0.1242,0.61151,0.276175636363636,0.420372771112433,3.46584497819275,0.6855289269,0.813848702027992,61.4890652833024
"1507","2024-7-14",2,23.377,87.4414,3.60952,36.8,1144.70163,370.846,0,7,14,2023,10,195,420,50,0.72709,50,0.16436,0.12489,0.63351,0.356935090909091,0.50069517748897,4.42761016122578,0.6804394581,0.743284202999451,70.0745987101216
"1508","2024-7-14",2,23.484,88.1119,3.43892,36.3,1258.20387,567.789,0,7,14,2023,11,195,420,50,0.92414,50,0.18892,0.12269,0.63665,0.453668727272727,0.521732610251794,5.20615324646646,0.6787759184,0.634935919090372,69.8498011258894
"1509","2024-7-14",2,23.296,94.4208,1.59572,36.1,1289.61637,453.821,0,7,14,2023,11.5,195,420,50,0.82978,50,0.15486,0.12575,0.63478,0.407346545454545,0.465304462394672,4.15147024976242,0.6816820224,0.695546925311715,61.8370893108586
"1510","2024-7-15",2,24.413,83.7201,4.97951,32.2,625.8086,567.02,0,7,12,2023,7.5,193,420,50,0.72494,50,0.21121,0.09221,0.67434,0.355879636363636,0.572531951878433,8.20281298018439,0.6632739741,0.635326651844868,102.654066038931
"1511","2024-7-15",2,24.772,82.2948,5.53289,32.2,750.59929,877.014,0,7,12,2023,8,193,420,50,0.92263,50,0.29161,0.09739,0.66375,0.452927454545455,0.589771846943975,10.5545571297879,0.6567748176,0.495785849763052,100.131677141779
"1512","2024-7-15",2,24.839,82.2437,5.57108,32.2,866.95643,1099.54,0,7,12,2023,8.5,193,420,50,1.02628,50,0.28807,0.1025,0.65803,0.503810181818182,0.468432584792285,9.82126195705575,0.6555304869,0.414935579882306,77.5514771395046
"1513","2024-7-15",2,24.967,83.0966,5.3441,32.1,972.88913,978.13,0,7,12,2023,9,193,420,50,0.95432,50,0.2857,0.11278,0.64436,0.468484363636364,0.471229603307042,8.66870365967737,0.6531258021,0.457259598560674,74.6348788981476
"1514","2024-7-15",2,25.619,79.4788,6.74423,32.1,1066.58484,1289.17,0,7,12,2023,9.5,193,420,50,1.08815,50,0.50717,0.11481,0.63794,0.534182727272727,0.630736800004052,14.9658403253656,0.6403175229,0.356530317738135,94.9890796644845
"1515","2024-7-15",2,25.832,77.1578,7.60233,32.1,1146.4404,1174.24,0,7,12,2023,10,193,420,50,1.03943,50,0.42083,0.1048,0.6308,0.510265636363636,0.621976590738051,13.4519278085002,0.6359305536,0.390865409297578,91.8411311414301
"1516","2024-7-15",2,25.772,76.4616,7.80627,32,1211.08947,1247.98,0,7,12,2023,10.5,193,420,50,1.06402,50,0.50075,0.10963,0.61878,0.522337090909091,0.680994018418355,15.0098117633838,0.6371764176,0.368474414957716,97.1285198572207
"1517","2024-7-15",2,26.023,76.8237,7.80116,32,1290.62257,1037.94,0,7,12,2023,11.5,193,420,50,0.97384,50,0.39406,0.11652,0.6301,0.478066909090909,0.600295678932263,11.3166736138797,0.6319118181,0.435895823983706,84.6849241033766
"1518","2024-7-15",2,25.554,83.8839,5.27613,31.8,1237.89106,731.331,0,7,12,2023,13.5,193,420,50,0.80211,50,0.23974,0.13333,0.63731,0.393763090909091,0.416155247556405,6.08570349106601,0.6416363924,0.557069762521958,60.6995488181808
"1519","2024-7-15",2,25.723,83.1037,5.58724,31.8,1181.45837,559.678,0,7,12,2023,14,193,420,50,0.68014,50,0.2258,0.13119,0.6387,0.333886909090909,0.445632012273882,5.83804657669682,0.6381879981,0.639069287078485,65.8083747610981
"1520","2024-7-15",2,25.701,85.2253,4.87931,31.7,922.51968,541.953,0,7,12,2023,15.5,193,420,50,0.65925,50,0.25251,0.13518,0.64182,0.323631818181818,0.453826891630863,6.36688227611514,0.6386404589,0.648195843932978,72.9373473121689
"1521","2024-7-15",2,25.559,87.1657,4.20297,31.7,811.25219,327.199,0,7,12,2023,16,193,420,50,0.46079,50,0.18774,0.13497,0.64091,0.226206,0.380353459342366,4.73439018358437,0.6415352709,0.769696344273785,65.2165138096975
"1522","2024-7-15",2,25.402,89.3944,3.44091,31.7,690.51336,215.172,0,7,12,2023,16.5,193,420,50,0.32773,50,0.08547,0.13441,0.64167,0.160885636363636,0.147518444279753,2.1669120861385,0.6446842356,0.841863324804822,33.0990444618569
"1523","2024-7-21",2,22.263,85.8158,3.81074,36.7,1018.13508,54.2216,0,7,21,2023,15,202,420,50,0.06421,50,0.01693,0.11852,0.57232,0.0315212727272727,0.0376928299022687,0.434161862802795,0.6962627141,0.957550057423862,9.52989661839202
"1524","2024-7-21",2,22.776,84.5827,4.27305,36.5,917.55037,74.2206,0,7,21,2023,15.5,202,420,50,0.09463,50,0.03145,0.1351,0.65207,0.0464547272727273,0.0707245927637581,0.806133472710759,0.6893152064,0.942351925712569,16.8545801555329
"1525","2024-7-21",2,23.356,89.7919,2.93024,36.1,683.63437,138.8,0,7,21,2023,16.5,202,420,50,0.18493,50,0.04529,0.14081,0.65265,0.0907838181818182,0.0834594053710722,1.11479907165294,0.6807629904,0.894902952095015,21.2742982035748
"1526","2024-7-22",2,20.875,99.9283,0.0177,35.7,608.43018,49.1545,0,7,22,2023,7.5,203,420,50,0.06327,50,0.02885,0.07712,0.27744,0.0310598181818182,0.0374391557692721,0.551182355229803,0.7121578125,0.961439536967261,13.1110985015411
"1527","2024-7-22",2,20.887,99.9562,0.01082,36,734.99395,121.397,0.1,7,22,2023,8,203,420,50,0.16446,50,0.06079,0.08565,0.34651,0.0807349090909091,0.156598737696124,1.30607459664843,0.7120385541,0.907449283822346,29.3061999732766
"1528","2024-7-22",2,21.009,99.9574,0.0106,36.3,853.09099,204.786,0,7,22,2023,8.5,203,420,50,0.27314,50,0.07978,0.10533,0.48168,0.134086909090909,0.249910957301534,1.93752803765611,0.7108081109,0.848887338953139,40.4263301652057
"1529","2024-7-22",2,21.205,99.9988,0.000302,36.3,1137.30379,98.6801,0,7,22,2023,10,203,420,50,0.11711,50,0.04027,0.0867,0.35378,0.0574903636363636,0.11200467409607,0.872656330581662,0.7087627725,0.924091598202447,19.6251179470821
"1530","2024-7-22",2,21.264,100,0,36.7,1252.76818,246.883,0,7,22,2023,11,203,420,50,0.28799,50,0.11593,0.0808,0.31546,0.141376909090909,0.363439970578671,2.40367755374387,0.7081305344,0.820774887651634,47.8657564564762
"1531","2024-7-22",2,21.453,99.9567,0.01107,36.1,1104.76464,372.525,0,7,22,2023,14.5,203,420,50,0.46531,50,0.11136,0.12061,0.52342,0.228424909090909,0.326994046521888,2.56651408354182,0.7060536701,0.742286493869439,45.7598806415171
"1532","2024-7-23",2,24.413,83.7201,4.97951,32.2,625.8086,567.02,0,7,12,2023,7.5,193,420,50,0.72494,50,0.21121,0.09221,0.67434,0.355879636363636,0.572531951878433,8.20281298018439,0.6632739741,0.635326651844868,102.654066038931
"1533","2024-7-23",2,24.772,82.2948,5.53289,32.2,750.59929,877.014,0,7,12,2023,8,193,420,50,0.92263,50,0.29161,0.09739,0.66375,0.452927454545455,0.589771846943975,10.5545571297879,0.6567748176,0.495785849763052,100.131677141779
"1534","2024-7-23",2,24.839,82.2437,5.57108,32.2,866.95643,1099.54,0,7,12,2023,8.5,193,420,50,1.02628,50,0.28807,0.1025,0.65803,0.503810181818182,0.468432584792285,9.82126195705575,0.6555304869,0.414935579882306,77.5514771395046
"1535","2024-7-23",2,24.967,83.0966,5.3441,32.1,972.88913,978.13,0,7,12,2023,9,193,420,50,0.95432,50,0.2857,0.11278,0.64436,0.468484363636364,0.471229603307042,8.66870365967737,0.6531258021,0.457259598560674,74.6348788981476
"1536","2024-7-23",2,25.619,79.4788,6.74423,32.1,1066.58484,1289.17,0,7,12,2023,9.5,193,420,50,1.08815,50,0.50717,0.11481,0.63794,0.534182727272727,0.630736800004052,14.9658403253656,0.6403175229,0.356530317738135,94.9890796644845
"1537","2024-7-23",2,25.832,77.1578,7.60233,32.1,1146.4404,1174.24,0,7,12,2023,10,193,420,50,1.03943,50,0.42083,0.1048,0.6308,0.510265636363636,0.621976590738051,13.4519278085002,0.6359305536,0.390865409297578,91.8411311414301
"1538","2024-7-23",2,25.772,76.4616,7.80627,32,1211.08947,1247.98,0,7,12,2023,10.5,193,420,50,1.06402,50,0.50075,0.10963,0.61878,0.522337090909091,0.680994018418355,15.0098117633838,0.6371764176,0.368474414957716,97.1285198572207
"1539","2024-7-23",2,26.023,76.8237,7.80116,32,1290.62257,1037.94,0,7,12,2023,11.5,193,420,50,0.97384,50,0.39406,0.11652,0.6301,0.478066909090909,0.600295678932263,11.3166736138797,0.6319118181,0.435895823983706,84.6849241033766
"1540","2024-7-23",2,25.554,83.8839,5.27613,31.8,1237.89106,731.331,0,7,12,2023,13.5,193,420,50,0.80211,50,0.23974,0.13333,0.63731,0.393763090909091,0.416155247556405,6.08570349106601,0.6416363924,0.557069762521958,60.6995488181808
"1541","2024-7-23",2,25.723,83.1037,5.58724,31.8,1181.45837,559.678,0,7,12,2023,14,193,420,50,0.68014,50,0.2258,0.13119,0.6387,0.333886909090909,0.445632012273882,5.83804657669682,0.6381879981,0.639069287078485,65.8083747610981
"1542","2024-7-23",2,25.701,85.2253,4.87931,31.7,922.51968,541.953,0,7,12,2023,15.5,193,420,50,0.65925,50,0.25251,0.13518,0.64182,0.323631818181818,0.453826891630863,6.36688227611514,0.6386404589,0.648195843932978,72.9373473121689
"1543","2024-7-23",2,25.559,87.1657,4.20297,31.7,811.25219,327.199,0,7,12,2023,16,193,420,50,0.46079,50,0.18774,0.13497,0.64091,0.226206,0.380353459342366,4.73439018358437,0.6415352709,0.769696344273785,65.2165138096975
"1544","2024-7-24",2,22.263,85.8158,3.81074,36.7,1018.13508,54.2216,0,7,21,2023,15,202,420,50,0.06421,50,0.01693,0.11852,0.57232,0.0315212727272727,0.0376928299022687,0.434161862802795,0.6962627141,0.957550057423862,9.52989661839202
"1545","2024-7-24",2,22.776,84.5827,4.27305,36.5,917.55037,74.2206,0,7,21,2023,15.5,202,420,50,0.09463,50,0.03145,0.1351,0.65207,0.0464547272727273,0.0707245927637581,0.806133472710759,0.6893152064,0.942351925712569,16.8545801555329
"1546","2024-7-24",2,23.356,89.7919,2.93024,36.1,683.63437,138.8,0,7,21,2023,16.5,202,420,50,0.18493,50,0.04529,0.14081,0.65265,0.0907838181818182,0.0834594053710722,1.11479907165294,0.6807629904,0.894902952095015,21.2742982035748
"1547","2024-7-25",2,20.875,99.9283,0.0177,35.7,608.43018,49.1545,0,7,22,2023,7.5,203,420,50,0.06327,50,0.02885,0.07712,0.27744,0.0310598181818182,0.0374391557692721,0.551182355229803,0.7121578125,0.961439536967261,13.1110985015411
"1548","2024-7-25",2,20.887,99.9562,0.01082,36,734.99395,121.397,0.1,7,22,2023,8,203,420,50,0.16446,50,0.06079,0.08565,0.34651,0.0807349090909091,0.156598737696124,1.30607459664843,0.7120385541,0.907449283822346,29.3061999732766
"1549","2024-7-25",2,21.009,99.9574,0.0106,36.3,853.09099,204.786,0,7,22,2023,8.5,203,420,50,0.27314,50,0.07978,0.10533,0.48168,0.134086909090909,0.249910957301534,1.93752803765611,0.7108081109,0.848887338953139,40.4263301652057
"1550","2024-7-25",2,21.205,99.9988,0.000302,36.3,1137.30379,98.6801,0,7,22,2023,10,203,420,50,0.11711,50,0.04027,0.0867,0.35378,0.0574903636363636,0.11200467409607,0.872656330581662,0.7087627725,0.924091598202447,19.6251179470821
"1551","2024-7-25",2,21.264,100,0,36.7,1252.76818,246.883,0,7,22,2023,11,203,420,50,0.28799,50,0.11593,0.0808,0.31546,0.141376909090909,0.363439970578671,2.40367755374387,0.7081305344,0.820774887651634,47.8657564564762
"1552","2024-7-25",2,21.453,99.9567,0.01107,36.1,1104.76464,372.525,0,7,22,2023,14.5,203,420,50,0.46531,50,0.11136,0.12061,0.52342,0.228424909090909,0.326994046521888,2.56651408354182,0.7060536701,0.742286493869439,45.7598806415171
"1553","2024-7-26",2,25.554,83.8839,5.27613,31.8,1237.89106,731.331,0,7,12,2023,13.5,193,420,50,0.80211,50,0.23974,0.13333,0.63731,0.393763090909091,0.416155247556405,6.08570349106601,0.6416363924,0.557069762521958,60.6995488181808
"1554","2024-7-26",2,25.723,83.1037,5.58724,31.8,1181.45837,559.678,0,7,12,2023,14,193,420,50,0.68014,50,0.2258,0.13119,0.6387,0.333886909090909,0.445632012273882,5.83804657669682,0.6381879981,0.639069287078485,65.8083747610981
"1555","2024-7-26",2,25.701,85.2253,4.87931,31.7,922.51968,541.953,0,7,12,2023,15.5,193,420,50,0.65925,50,0.25251,0.13518,0.64182,0.323631818181818,0.453826891630863,6.36688227611514,0.6386404589,0.648195843932978,72.9373473121689
"1556","2024-7-26",2,25.559,87.1657,4.20297,31.7,811.25219,327.199,0,7,12,2023,16,193,420,50,0.46079,50,0.18774,0.13497,0.64091,0.226206,0.380353459342366,4.73439018358437,0.6415352709,0.769696344273785,65.2165138096975
"1557","2024-7-26",2,25.402,89.3944,3.44091,31.7,690.51336,215.172,0,7,12,2023,16.5,193,420,50,0.32773,50,0.08547,0.13441,0.64167,0.160885636363636,0.147518444279753,2.1669120861385,0.6446842356,0.841863324804822,33.0990444618569
"1558","2024-8-5",2,27.589,79.9684,7.39247,31.3,781.44791,473.545,0,8,5,2023,16,217,420,50,0.51351,50,0.37982,0.17396,0.67537,0.252086727272727,0.42262005028684,7.83100731442519,0.5959357869,0.684657887353028,79.075204497529
"1559","2024-8-5",2,26.95,84.3782,5.55338,31.3,656.7401,284.892,0,8,5,2023,16.5,217,420,50,0.36983,50,0.33512,0.18972,0.66781,0.181552909090909,0.403568246207282,6.26451687201649,0.61126725,0.796193047943107,78.4306766557637
"1560","2024-8-17",2,26.129,65.987,11.52073,28.8,619.87888,591.93,0,8,17,2023,16.5,229,420,50,0.57625,50,0.31693,0.23446,0.69923,0.282886363636364,0.239652676180704,5.01951870527116,0.6296468949,0.62279118060553,53.1478384963795
"1561","2024-8-17",2,25.832,69.6561,10.09905,28.8,484.26148,353.126,0,8,17,2023,17,229,420,50,0.44097,50,0.27415,0.23534,0.70194,0.216476181818182,0.247348602600211,4.34250099170853,0.6359305536,0.753896038842249,57.184304802727
"1562","2024-8-17",2,25.529,71.2968,9.383,28.7,343.18319,157.211,0,8,17,2023,17.5,229,420,50,0.2373,50,0.22641,0.18629,0.68937,0.116492727272727,0.296521877915725,4.44944533728239,0.6421411749,0.881818699700482,70.405075158086
"1563","2024-8-18",2,23.874,68.5902,9.30177,28.5,1020.65666,939.524,0,8,18,2023,9.5,230,420,50,0.79077,50,0.28392,0.13381,0.66975,0.388196181818182,0.482202395999544,7.5468822114737,0.6724993364,0.471602315712089,73.0841459979752
"1564","2024-8-18",2,24.537,63.1352,11.35972,28.4,1104.80099,1072.85,0,8,18,2023,10,230,420,50,0.81621,50,0.31545,0.13457,0.66478,0.400684909090909,0.444963681972101,8.27575563349545,0.6610611941,0.423890547399715,68.4197935004261
"1565","2024-8-18",2,25.215,63.7007,11.64688,28.4,1172.80459,1509.38,0,8,18,2023,10.5,230,420,50,0.94716,50,0.62583,0.13913,0.65998,0.464969454545455,0.583624545779217,15.7657197171889,0.6483641525,0.298942509499572,86.9015113615754
"1566","2024-8-18",2,25.608,66.2148,11.09616,28.4,1223.50391,1297.76,0,8,18,2023,11,230,420,50,0.89828,50,0.44436,0.14073,0.65951,0.440973818181818,0.462498827545494,11.0590313529783,0.6405413696,0.354088640606148,69.7794195739492
"1567","2024-8-18",2,25.299,69.4734,9.84371,28.3,1256.03147,1009.13,0,8,18,2023,11.5,230,420,50,0.81196,50,0.38365,0.14733,0.66237,0.398598545454545,0.518156710808827,9.1599288803205,0.6467206589,0.446059021730082,74.7967834452477
"1568","2024-8-18",2,25.354,70.8328,9.43614,28.3,1269.8307,710.946,0,8,18,2023,12,230,420,50,0.66466,50,0.32556,0.15075,0.65885,0.326287636363636,0.546506125634545,7.55627409590574,0.6456361524,0.566228937128945,77.953962447055
"1569","2024-8-18",2,25.737,74.2654,8.51694,28.1,968.58503,752.425,0,8,18,2023,15,230,420,50,0.68203,50,0.3432,0.1489,0.66478,0.334814727272727,0.483496470184977,8.13725564793784,0.6378995141,0.547747973606217,78.5202915948259
"1570","2024-8-18",2,25.42,75.7075,7.88995,28,862.43502,842.796,0,8,18,2023,15.5,230,420,50,0.72321,50,0.41242,0.16559,0.68368,0.355030363636364,0.500375062976066,9.04286237073873,0.64432596,0.509545157110737,83.4722386145316
"1571","2024-8-18",2,25.413,76.756,7.54627,28,744.29124,678.07,0,8,18,2023,16,230,420,50,0.62429,50,0.3152,0.17558,0.65996,0.306469636363636,0.3601455107706,6.29181887365068,0.6444653741,0.581318778778276,66.2991940935905
"1572","2024-8-18",2,25.351,73.9342,8.43127,28,616.17516,469.347,0,8,18,2023,16.5,230,420,50,0.46245,50,0.24607,0.19376,0.6947,0.227020909090909,0.287405118521122,4.68532019746571,0.6456954789,0.686961107804891,58.6573552766041
"1573","2024-8-19",2,23.798,72.2575,8.17829,27.7,1019.08017,1306.15,0,8,19,2023,9.5,231,420,50,0.96341,50,0.42898,0.10975,0.66948,0.472946727272727,0.695562573967719,13.8968879959725,0.6737487156,0.351719955849061,100.93929971701
"1574","2024-8-19",2,24.213,71.0827,8.73961,27.7,1103.26474,1451.38,0,8,19,2023,10,231,420,50,1.01225,50,0.48617,0.11541,0.66051,0.496922727272727,0.645480566497484,14.7764989192259,0.6667716941,0.313140283109614,92.5860925645393
"1575","2024-8-19",2,24.517,70.16,9.18407,27.6,1171.27181,1449.25,0,8,19,2023,10.5,231,420,50,1.00403,50,0.48205,0.11976,0.65805,0.492887454545455,0.605168736109259,14.0665186763983,0.6614203821,0.313674329029935,86.1950583827214
"1576","2024-8-19",2,25.289,66.6745,10.73986,27.6,1221.93776,1556.61,0,8,19,2023,11,231,420,50,1.01325,50,0.45566,0.11978,0.65572,0.497413636363636,0.469564789521841,13.247150219112,0.6469171269,0.287857993089568,69.8671055276331
"1577","2024-8-19",2,25.158,62.65,11.94345,27.6,1254.39569,1437.64,0,8,19,2023,11.5,231,420,50,0.93557,50,0.40676,0.12898,0.65083,0.459279818181818,0.424189565197068,10.9001095662964,0.6494705396,0.316601308046754,63.9408639349991
"1578","2024-8-19",2,25.351,67.7993,10.41567,27.5,1268.09024,1280.83,0,8,19,2023,12,231,420,50,0.91903,50,0.39743,0.12838,0.65757,0.451160181818182,0.48427816317533,10.81067224173,0.6456954789,0.358917041273939,70.7127668957159
"1579","2024-8-19",2,25.449,65.296,11.29091,27.5,1262.78707,1418.82,0,8,19,2023,12.5,231,420,50,0.95228,50,0.46206,0.13549,0.64691,0.467482909090909,0.456351973738661,11.7160827226284,0.6437472389,0.321404122199577,68.0441843119983
"1580","2024-8-19",2,25.354,69.0945,9.99851,27.5,1238.57694,1062.82,0,8,19,2023,13,231,420,50,0.83922,50,0.32067,0.13981,0.65646,0.411980727272727,0.415339870614517,7.99605547193711,0.6456361524,0.427305527730485,62.2519186918371
"1581","2024-8-19",2,25.135,72.7095,8.71478,27.4,1195.87409,851.026,0,8,19,2023,13.5,231,420,50,0.73726,50,0.2847,0.14212,0.64492,0.361927636363636,0.432404234069195,6.86097042861806,0.6499149525,0.506201331748709,64.4750663484252
"1582","2024-8-19",2,25.501,70.1643,9.73702,27.4,1135.40916,1157.66,0,8,19,2023,14,231,420,50,0.8807,50,0.35164,0.14549,0.66446,0.432343636363636,0.385608437053985,8.52867181916475,0.6427048989,0.396084383809566,60.7650237415573
"1583","2024-8-19",2,25.434,69.0193,10.07057,27.3,1058.21675,826.356,0,8,19,2023,14.5,231,420,50,0.70758,50,0.35045,0.15016,0.67198,0.347357454545455,0.496397909885801,8.32866868142152,0.6440468084,0.516290958167115,77.8026960060482
"1584","2024-8-19",2,25.97,64.0686,12.05671,27.3,965.61762,1035.61,0,8,19,2023,15,231,420,50,0.78128,50,0.44331,0.15208,0.66474,0.383537454545455,0.455461152570421,10.2904572022876,0.63303501,0.43670909152949,77.5228982356905
"1585","2024-8-19",2,25.605,62.709,12.2454,27.3,859.19617,728.579,0,8,19,2023,15.5,231,420,50,0.62772,50,0.36913,0.1612,0.68314,0.308153454545455,0.470010890629123,8.30752112772577,0.6406023725,0.558297558372868,82.670491545996
"1586","2024-8-19",2,25.851,64.0878,11.96574,27.2,740.77331,683.599,0,8,19,2023,16,231,420,50,0.60051,50,0.36926,0.18965,0.68753,0.294795818181818,0.373424692980422,7.10916354614403,0.6355343789,0.578753167844075,71.7454503391756
"1587","2024-8-19",2,24.911,68.1251,10.04384,27.2,612.37528,455.32,0,8,19,2023,16.5,231,420,50,0.45425,50,0.27467,0.21318,0.69896,0.222995454545455,0.313710683859726,4.78260513911249,0.6541822869,0.694713325365308,62.8523762444599
"1588","2024-8-19",2,24.796,69.6005,9.51348,27.2,476.19902,410.011,0,8,19,2023,17,231,420,50,0.44534,50,0.26479,0.2504,0.706,0.218621454545455,0.243368566354436,3.96478270247925,0.6563302224,0.72035668053862,54.5441325350275
"1589","2024-8-19",2,24.144,73.0857,8.10067,27.1,334.57452,191.237,0,8,19,2023,17.5,231,420,50,0.24403,50,0.22756,0.23182,0.70626,0.119796545454545,0.276453598304607,3.6817735001482,0.6679579904,0.858138646406908,63.5580616967237
"1590","2024-8-20",2,22.486,86.5398,3.66557,26.8,1017.47757,932.041,0,8,20,2023,9.5,232,420,50,0.80839,50,0.29302,0.13004,0.67376,0.396846,0.61735247590785,8.0625600282221,0.6933137844,0.474433983105178,86.4737571741211
"1591","2024-8-20",2,22.794,83.18,4.66691,26.8,1101.69648,1415.77,0,8,20,2023,10,232,420,50,1.00978,50,0.36972,0.11853,0.66527,0.495710181818182,0.57006973024341,11.0202141347422,0.6890609204,0.322189305792171,78.683462995127
"1592","2024-8-20",2,23.487,80.0817,5.76288,26.8,1169.70086,1605.04,0,8,20,2023,10.5,232,420,50,1.06585,50,0.39546,0.12472,0.65808,0.523235454545455,0.460803597376319,11.0813477989882,0.6787289141,0.27691851105288,64.8289941133734
"1593","2024-8-20",2,24.918,71.2156,9.07381,26.7,1260.84527,1444.15,0,8,20,2023,12.5,232,420,50,1.00714,50,0.43729,0.13614,0.65422,0.494414181818182,0.461273635552609,11.1597650210782,0.6540506036,0.31495673462083,66.451489953546
"1594","2024-8-20",2,25.272,65.3574,11.15305,26.6,1236.46035,1538.47,0,8,20,2023,13,232,420,50,1.03242,50,0.6081,0.13878,0.65423,0.506824363636364,0.558591074388813,15.2239030333787,0.6472506176,0.292065846623607,81.5855029734067
"1595","2024-8-20",2,23.979,80.6487,5.76699,26.6,1132.86348,360.997,0,8,20,2023,14,232,420,50,0.41379,50,0.12847,0.14433,0.66407,0.203133272727273,0.31319094733444,3.13910908156427,0.6707523149,0.749163820816005,47.9096119551883
"1596","2024-8-20",2,24.197,80.6693,5.83667,26.5,1055.4241,476.719,0,8,20,2023,14.5,232,420,50,0.516,50,0.1214,0.1438,0.66483,0.253309090909091,0.245906313455055,2.98069708594286,0.6670477101,0.682921609356898,40.7815369891413
"1597","2024-8-20",2,24.515,76.8694,7.11822,26.5,962.56191,787.442,0,8,20,2023,15,232,420,50,0.71865,50,0.25078,0.14846,0.67143,0.352791818181818,0.389234366100467,6.02326010113466,0.6614562525,0.532616513839797,62.6805175867451
"1598","2024-8-20",2,24.772,71.5701,8.88436,26.5,855.86581,551.856,0,8,20,2023,15.5,232,420,50,0.55339,50,0.20045,0.16835,0.6841,0.271664181818182,0.298019272619672,4.32573553427383,0.6567748176,0.643080865385221,53.2307885339851
"1599","2024-8-20",2,24.988,72.4888,8.7087,26.4,608.47977,612.429,0,8,20,2023,16.5,232,420,50,0.60476,50,0.29462,0.17732,0.68259,0.296882181818182,0.354500066564963,6.02298605887602,0.6527278416,0.612661192351864,69.3576549796135
"1600","2024-8-20",2,24.687,73.8966,8.11605,26.4,472.02266,248.285,0,8,20,2023,17,232,420,50,0.3018,50,0.1195,0.153,0.66781,0.148156363636364,0.184116388171738,2.76998123088865,0.6583392341,0.819854822606574,43.7591028767837
"1601","2024-8-20",2,24.114,80.0322,5.99911,26.4,330.12491,61.7543,0,8,20,2023,17.5,232,420,50,0.08298,50,0.10673,0.15482,0.67193,0.0407356363636364,0.190136375193708,2.45997623661261,0.6684705044,0.951797059223445,47.2101463553556
"1602","2024-8-21",2,21.137,94.9359,1.27008,30.7,409.52042,83.2138,0,8,21,2023,7,233,420,50,0.12162,50,0.03595,0.13082,0.65735,0.0597043636363636,0.0810186585916775,0.959331822752437,0.7094819541,0.935596448723729,21.9192482270106
"1603","2024-8-21",2,21.265,94.5215,1.38484,30.7,548.7937,186.339,0,8,21,2023,7.5,233,420,50,0.25263,50,0.07367,0.1294,0.65554,0.124018363636364,0.21649227464111,1.9819971431207,0.7081197525,0.861507773361762,41.4251631596236
"1604","2024-8-21",2,21.867,90.8425,2.40162,30.7,681.2481,189.654,0,8,21,2023,8,233,420,50,0.25615,50,0.07842,0.13131,0.66243,0.125746363636364,0.235542909821492,2.100953609245,0.7012297421,0.859226081607354,42.3688699217945
"1605","2024-8-21",2,21.79,97.7716,0.58167,30.8,1234.27372,156.349,0,8,21,2023,13,233,420,50,0.20876,50,0.05654,0.12885,0.64206,0.102482181818182,0.211442034572288,1.4962164648467,0.70215549,0.88242701159763,31.1255417809322
"1606","2024-8-21",2,20.636,95.3341,1.13472,34.5,604.48922,45.793,1.1,8,21,2023,16.5,233,420,50,0.06249,50,0.01952,0.1104,0.48083,0.0306769090909091,0.0302860300786628,0.451491657689956,0.7144670544,0.964028519756082,10.8909457350938
"1607","2024-8-22",2,21.446,92.3412,1.95756,33.8,1166.44038,428.65,0,8,22,2023,10.5,234,420,50,0.52041,50,0.13021,0.13386,0.66477,0.255474,0.438271042795508,3.43409546709723,0.7061319924,0.709694984888036,58.5622400382356
"1608","2024-8-22",2,22.751,83.129,4.66888,33.7,1249.17911,1353.77,0,8,22,2023,11.5,234,420,50,0.91245,50,0.3598,0.13173,0.65101,0.44793,0.538420789046901,9.44303415984452,0.6896671989,0.338572848511922,71.0518806783189
"1609","2024-8-22",2,23.176,78.727,6.04043,33.7,1262.52181,1148.05,0,8,22,2023,12,234,420,50,0.85595,50,0.3001,0.13043,0.65936,0.420193636363636,0.518641547289185,8.05672485221472,0.6834963264,0.399141215958831,69.4452487300073
"1610","2024-8-22",2,23.002,81.9911,5.06009,33.6,1256.76806,774.858,0,8,22,2023,12.5,234,420,50,0.72145,50,0.18117,0.13833,0.6658,0.354166363636364,0.396157177276992,4.630854459902,0.6860707956,0.538005551553992,54.4483975302481
"1611","2024-8-22",2,23.624,78.6261,6.23526,33.5,1188.69005,1652.59,0,8,22,2023,13.5,234,420,50,0.96479,50,0.63217,0.13368,0.6602,0.473624181818182,0.683033443119108,16.58022421529,0.6765612864,0.266582370654835,92.4563974646215
"1612","2024-8-22",2,23.74,77.5189,6.60419,33.5,1127.53062,1485.06,0,8,22,2023,14,234,420,50,0.92795,50,0.55647,0.13984,0.66523,0.455539090909091,0.635618560661241,14.0581962253212,0.67469364,0.304815683939214,88.8752780458462
"1613","2024-8-22",2,23.952,76.7337,6.92249,33.2,848.93118,1041.71,0,8,22,2023,15.5,234,420,50,0.80443,50,0.46161,0.16901,0.68754,0.394902,0.555651567249854,9.9725956491018,0.6712038656,0.434583142696992,88.4726086195884
"1614","2024-8-22",2,23.09,79.8053,5.70453,33.1,463.38398,333.257,0,8,22,2023,17,234,420,50,0.4272,50,0.28307,0.24873,0.711,0.209716363636364,0.363111057580284,4.29717172658553,0.68477709,0.765975112483333,71.5037496639744
"1615","2024-8-22",2,22.903,79.9063,5.61216,33,320.94064,197.425,0,8,22,2023,17.5,234,420,50,0.27508,50,0.25083,0.24783,0.71135,0.135039272727273,0.334481507204001,3.82345841425937,0.6875058501,0.85390101449236,71.828766262516
"1616","2024-8-23",2,23.768,52.4149,14.00246,32.2,1096.78986,1471.29,0,8,23,2023,10,235,420,50,0.88889,50,0.52048,0.11223,0.65925,0.436364181818182,0.672255831111218,16.2365089149657,0.6742383936,0.308192096650162,103.568511363711
"1617","2024-8-23",2,24.177,49.9308,15.09968,32.2,1164.7488,1572.16,0,8,23,2023,10.5,235,420,50,0.89828,50,0.55029,0.11601,0.65297,0.440973818181818,0.582701760358346,16.4488998494998,0.6673919381,0.284299221111516,93.8341038769115
"1618","2024-8-23",2,24.491,47.6662,16.08213,32.1,1215.21796,1642.83,0,8,23,2023,11,235,420,50,0.90241,50,0.54662,0.11951,0.65,0.443001272727273,0.480398478082708,15.7885432786405,0.6618860109,0.268671993074717,83.0394610136482
"1619","2024-8-23",2,24.777,48.844,15.99106,32.1,1247.33381,1701.07,0,8,23,2023,11.5,235,420,50,0.90638,50,0.56622,0.12289,0.64842,0.444950181818182,0.456475584284302,15.8661843803664,0.6566822981,0.256441169333954,77.8250409748387
"1620","2024-8-23",2,24.913,50.5192,15.59336,32,1260.54683,1723.2,0,8,23,2023,12,235,420,50,0.90542,50,0.61264,0.12585,0.64842,0.444478909090909,0.484422415152814,16.7631628775693,0.6541446741,0.251941087138053,79.8793101893067
"1621","2024-8-23",2,25.236,52.5283,15.25066,31.9,1254.63096,1689.21,0,8,23,2023,12.5,235,420,50,0.89757,50,0.54459,0.12886,0.65072,0.440625272727273,0.422623196699371,14.6047162711747,0.6479547344,0.258885862432975,69.5901252458657
"1622","2024-8-23",2,25.617,53.6163,15.24205,31.9,1229.6874,1652.64,0,8,23,2023,13,235,420,50,0.88829,50,0.49135,0.13276,0.65334,0.436069636363636,0.357360325441506,12.8413415892366,0.6403582421,0.266571707573272,60.9505100924917
"1623","2024-8-23",2,25.375,52.2966,15.45221,31.8,1186.14295,1515.37,0,8,23,2023,13.5,235,420,50,0.86388,50,0.46789,0.13637,0.65644,0.424086545454545,0.374898420723528,11.9609973307125,0.6452203125,0.297513403865891,64.7177208705708
"1624","2024-8-23",2,24.881,50.5056,15.56792,31.6,845.32741,249.445,0,8,23,2023,15.5,235,420,50,0.33081,50,0.11461,0.16295,0.68667,0.162397636363636,0.18629630983158,2.56485994579226,0.6547454229,0.819094350244946,39.841035000244
"1625","2024-8-23",2,24.415,62.2932,11.53471,31.5,725.76598,301.587,0,8,23,2023,16,235,420,50,0.38029,50,0.09757,0.16046,0.64065,0.186687818181818,0.141203640690175,2.06879654121435,0.6632385525,0.785629792042424,32.0098117995356
"1626","2024-8-24",2,23.637,54.6597,13.23717,30.9,1163.01495,1550.03,0,8,24,2023,10.5,236,420,50,0.79329,50,0.49424,0.11752,0.65389,0.389433272727273,0.597147282644537,14.6042156662689,0.6763534541,0.289377272801162,88.3172205829527
"1627","2024-8-24",2,23.595,53.8171,13.44912,30.8,1213.41908,1624.19,0,8,24,2023,11,236,420,50,0.79787,50,0.59384,0.14149,0.64559,0.391681636363636,0.560771757332562,14.3895737525646,0.6770235725,0.272708450866855,82.2582544813262
"1628","2024-8-24",2,23.929,55.3458,13.26775,30.8,1245.43367,1701.12,0,8,24,2023,11.5,236,420,50,0.80374,50,0.52843,0.12437,0.6497,0.394563272727273,0.524382721349404,14.6599379351618,0.6715872549,0.256430911892331,76.8749685577658
"1629","2024-8-24",2,24.402,57.4129,13.01749,30.7,1258.51094,1777.8,0,8,24,2023,12,236,420,50,0.81049,50,0.47278,0.14282,0.64748,0.397876909090909,0.352492112968976,11.3826625106459,0.6634686356,0.241173183458778,54.1212385017818
"1630","2024-8-24",2,24.341,59.2865,12.39944,30.7,1252.42715,782.694,0,8,24,2023,12.5,236,420,50,0.61489,50,0.18966,0.13437,0.66495,0.301855090909091,0.345920357235944,4.98436517783139,0.6645432909,0.534643451528998,52.7911230133747
"1631","2024-8-24",2,24.096,61.9822,11.40972,30.6,1227.28638,493.343,0,8,24,2023,13,236,420,50,0.49443,50,0.11402,0.14668,0.66516,0.242720181818182,0.2305592686373,2.74589353052249,0.6687770624,0.673899425183739,37.3628283351701
"1632","2024-8-24",2,24.144,62.7061,11.22473,30.6,1183.5188,467.204,0,8,24,2023,13.5,236,420,50,0.47551,50,0.14874,0.15293,0.66398,0.233432181818182,0.30364566621899,3.42955301328716,0.6679579904,0.688139844052114,47.4755867585739
"1633","2024-8-24",2,24.331,63.7482,11.03401,30.6,1121.87328,1365.68,0,8,24,2023,14,236,420,50,0.75081,50,0.52691,0.13957,0.6639,0.368579454545454,0.600781732049293,13.3105029168043,0.6647186829,0.335362246010533,88.4987560092635
"1634","2024-8-24",2,24.259,60.2276,12.05349,30.5,949.45539,832.553,0,8,24,2023,15,236,420,50,0.62131,50,0.37748,0.15858,0.67559,0.305006727272727,0.544418239669414,8.54036002904084,0.6659750109,0.513737728288524,87.4775508468621
"1635","2024-8-24",2,24.419,59.2634,12.46453,30.4,841.63313,954.228,0,8,24,2023,15.5,236,420,50,0.64996,50,0.43733,0.17462,0.68623,0.319071272727273,0.487420812882663,9.12709183490566,0.6631676829,0.466087264272763,83.754713591846
"1636","2024-8-24",2,24.513,59.6179,12.42572,30.4,721.7827,794.657,0,8,24,2023,16,236,420,50,0.60067,50,0.41093,0.19106,0.69294,0.294874363636364,0.446117777021107,7.91482178211423,0.6614921141,0.529551106597798,81.9039601492713
"1637","2024-8-24",2,24.375,61.4924,11.75152,30.3,591.95476,604.024,0,8,24,2023,16.5,236,420,50,0.52562,50,0.31531,0.21931,0.6989,0.258031636363636,0.322319353833747,5.33631900697356,0.6639453125,0.616794607176501,65.0286447961336
"1638","2024-8-24",2,24.001,62.0875,11.31344,30.3,454.37071,332.72,0,8,24,2023,17,236,420,50,0.37429,50,0.2292,0.23255,0.69992,0.183742363636364,0.25777385503176,3.66348237770829,0.6703831989,0.766304246084492,57.0964517623282
"1639","2024-8-24",2,23.795,62.2859,11.11584,30.3,311.38466,208.608,0,8,24,2023,17.5,236,420,50,0.25789,50,0.18362,0.21036,0.69827,0.126600545454545,0.232830369410249,3.23688774571762,0.6737977725,0.846295745073329,56.583843568289
"1640","2024-8-25",2,21.257,77.6187,5.65471,30.1,797.25824,561.238,0,8,25,2023,8.5,237,420,50,0.58132,50,0.18233,0.12741,0.66984,0.285375272727273,0.517194402894151,5.09064870480352,0.7082059461,0.638272226077728,78.8609866277179
"1641","2024-8-25",2,21.476,76.0713,6.12731,30,909.78042,553.391,0,8,25,2023,9,237,420,50,0.57699,50,0.15717,0.13384,0.66419,0.283249636363636,0.428216594487763,4.14212777423537,0.7057955664,0.64229164676194,63.8242144648861
"1642","2024-8-25",2,21.781,73.1676,7.00015,30,1009.04067,651.434,0,8,25,2023,9.5,237,420,50,0.62452,50,0.149,0.13476,0.6638,0.306582545454545,0.370478117266718,3.89771381159555,0.7022628429,0.593838905062692,54.5940417852932
"1643","2024-8-25",2,22.69,75.2008,6.8376,29.9,1211.57061,909.119,0,8,25,2023,11,237,420,50,0.72309,50,0.15358,0.1352,0.66028,0.354971454545455,0.296371018493238,3.98321315984143,0.69052029,0.483214221926384,42.9454857213992
"1644","2024-8-25",2,22.863,76.981,6.41364,29.9,1256.41328,707.238,0,8,25,2023,12,237,420,50,0.66155,50,0.21907,0.14061,0.65997,0.324760909090909,0.512392791415466,5.46057439454956,0.6880795541,0.567911092387209,68.4090390455339
"1645","2024-8-25",2,22.859,77.0029,6.40599,29.9,1250.15589,489.218,0,8,25,2023,12.5,237,420,50,0.55823,50,0.16987,0.14102,0.66084,0.274040181818182,0.466486784732752,4.22746219793204,0.6881367309,0.676126966708868,63.0693715355633
"1646","2024-8-25",2,22.506,80.4665,5.32596,29.8,1224.81264,345.516,0,8,25,2023,13,237,420,50,0.45198,50,0.12581,0.14147,0.66268,0.221881090909091,0.38931932357552,3.12969564988714,0.6930439604,0.758499757426846,53.5972062550187
"1647","2024-8-25",2,22.11,82.107,4.76259,29.8,945.95833,320.348,0,8,25,2023,15,237,420,50,0.44515,50,0.1187,0.14218,0.66147,0.218528181818182,0.34197439138601,2.93271455842089,0.69822269,0.773926477665893,52.514214655455
"1648","2024-8-25",2,21.861,83.9479,4.20824,29.8,837.8488,253.103,0,8,25,2023,15.5,237,420,50,0.37814,50,0.08486,0.14534,0.66375,0.185632363636364,0.232604056379177,2.05811595537823,0.7013023469,0.816700856406694,39.4644752481231
"1649","2024-8-25",2,21.715,85.4735,3.77449,29.7,717.70811,272.795,0,8,25,2023,16,237,420,50,0.40822,50,0.08941,0.14738,0.66342,0.200398909090909,0.227199231709895,2.13738883529045,0.7030446525,0.80393569045385,40.6814669427637
"1650","2024-8-25",2,21.777,86.0183,3.64671,29.7,587.59188,308.663,0,8,25,2023,16.5,237,420,50,0.45024,50,0.11417,0.14926,0.66525,0.221026909090909,0.268577661049457,2.70234554496018,0.7023104981,0.781195062815675,49.804204943804
"1651","2024-8-26",2,22.101,80,5.3205,29.6,397.99042,200.233,0,8,26,2023,7,238,420,50,0.43443,50,0.13372,0.12125,0.66986,0.213265636363636,0.397395717403008,3.92325104958146,0.6983363789,0.851984964166879,77.3784020327641
"1652","2024-8-26",2,22.303,80.7575,5.1823,29.6,538.18255,405.353,0,8,26,2023,7.5,238,420,50,0.65925,50,0.18684,0.11448,0.67929,0.323631818181818,0.555545802718772,5.88766231177926,0.6957418101,0.723046025348196,97.3452268712672
"1653","2024-8-26",2,22.504,81.5602,5.02714,29.6,671.40241,397.043,0,8,26,2023,8,238,420,50,0.65253,50,0.16351,0.12892,0.66922,0.320332909090909,0.439013462809646,4.5075480727688,0.6930709824,0.727868848626883,74.0855086145598
"1654","2024-8-26",2,22.241,83.4621,4.43715,29.5,795.37057,263.986,0,8,26,2023,8.5,238,420,50,0.5197,50,0.09336,0.13487,0.66267,0.255125454545455,0.266760751316903,2.43607261269471,0.6965477109,0.809621195968917,45.2722990993132
"1655","2024-8-26",2,22.384,84.5302,4.18682,29.5,907.96591,366.528,0,8,26,2023,9,238,420,50,0.63298,50,0.15095,0.13298,0.66618,0.310735636363636,0.452077765198106,4.01592702788403,0.6946761984,0.745856243821547,68.149504148738
"1656","2024-8-26",2,23.37,84.4431,4.46938,29.5,1159.41642,1346.98,0,8,26,2023,10.5,238,420,50,1.01257,50,0.48453,0.12611,0.66045,0.497079818181818,0.727364557280032,13.4759231153309,0.68054741,0.340416980352611,97.7286076694519
"1657","2024-8-26",2,23.392,84.2157,4.54073,29.4,1209.67158,1433.31,0,8,26,2023,11,238,420,50,1.02988,50,0.36155,0.1248,0.65868,0.505577454545455,0.500437183326831,10.1338784574414,0.6802077696,0.317699916669419,68.4804290087106
"1658","2024-8-26",2,23.618,83.2635,4.88066,29.4,1241.46511,1018.87,0,8,26,2023,11.5,238,420,50,0.95063,50,0.28396,0.13682,0.6602,0.466672909090909,0.493184075052652,7.27663406558235,0.6766570836,0.442596836025541,67.3975518807663
"1659","2024-8-26",2,24.237,80.0803,6.02895,29.3,1247.81649,1177.57,0,8,26,2023,12.5,238,420,50,0.99355,50,0.32347,0.13533,0.66134,0.487742727272727,0.466612003792928,8.39483475020364,0.6663566141,0.389825529581984,65.3591840915226
"1660","2024-8-26",2,24.429,78.9717,6.43806,29.3,1222.26565,1048.64,0,8,26,2023,13,238,420,50,0.96403,50,0.35938,0.14073,0.66361,0.473251090909091,0.548176197592191,8.99969046003599,0.6629903549,0.432180480088634,76.5169410852057
"1661","2024-8-26",2,25.136,73.9326,8.32469,29.2,1115.88938,1209.33,0,8,26,2023,14,238,420,50,1.00726,50,0.37538,0.14285,0.66654,0.494473090909091,0.427268905408248,9.30174728646504,0.6498956544,0.380045612716755,65.6215359335859
"1662","2024-8-27",2,20.903,99.8843,0.0286,28.5,1089.73939,84.1484,1.2,8,27,2023,10,239,420,50,0.19759,50,0.05966,0.08193,0.30268,0.0969987272727273,0.172237181572723,1.1705000950614,0.7118790501,0.934897183416865,27.0375091251286
"1663","2024-8-27",2,20.948,99.8873,0.02794,30.1,1157.54971,107.796,1.1,8,27,2023,10.5,239,420,50,0.24574,50,0.06746,0.07518,0.24983,0.120636,0.176329556538643,1.19051819516252,0.7114274256,0.917376970630867,26.9252299066901
"1664","2024-8-27",2,21.092,99.9194,0.02016,33.4,1252.02939,124.799,0,8,27,2023,12,239,420,50,0.2687,50,0.05725,0.07112,0.25153,0.131907272727273,0.155327879259547,1.075278513504,0.7099522896,0.904982927591435,23.8188657515083
"1665","2024-8-27",2,21.186,99.9252,0.01882,33.7,1245.4083,93.3748,0.3,8,27,2023,12.5,239,420,50,0.20476,50,0.05481,0.07339,0.25997,0.100518545454545,0.14983001410134,1.03108289533337,0.7089647444,0.928021999610592,23.3093890757813
"1666","2024-8-27",2,21.396,99.9758,0.00617,36.8,830.01222,76.2957,6.5,8,27,2023,15.5,239,420,50,0.15487,50,0.0559,0.09766,0.41461,0.0760270909090909,0.156998371804155,1.26032425522916,0.7066883024,0.940788843907124,28.5675484351518
"1667","2024-8-27",2,20.769,99.7456,0.06238,37.1,709.28825,173.548,1.8,8,27,2023,16,239,420,50,0.34035,50,0.09783,0.1196,0.64089,0.167080909090909,0.371956028512664,2.78401648749499,0.7131975029,0.870368668671074,60.25622743522
"1668","2024-8-27",2,21.274,97.1867,0.71153,36.4,578.59516,224.871,0.2,8,27,2023,16.5,239,420,50,0.44127,50,0.10123,0.13071,0.6508,0.216623454545455,0.301374583973116,2.67667350628544,0.7080226164,0.835356415745157,54.2207013344313
"1669","2024-8-27",2,21.477,95.9908,1.02668,35.9,440.16915,116.899,0.2,8,27,2023,17,239,420,50,0.26123,50,0.07046,0.11797,0.62534,0.128240181818182,0.208837526969299,1.98351140776236,0.7057843181,0.910720531424131,43.3337244438825
"1670","2024-8-28",2,14.8,99.6146,0.06488,35.4,393.34043,238.949,0,8,28,2023,7,240,420,50,0.4473,50,0.11061,0.11833,0.65115,0.219583636363636,0.429987907179356,3.23242164732026,0.731856,0.826001078311621,72.8729204915467
"1671","2024-8-28",2,15.099,98.4966,0.25802,35.3,533.86983,225.034,0,8,28,2023,7.5,240,420,50,0.41892,50,0.10369,0.12558,0.6543,0.205651636363636,0.424243419042638,2.86906739407396,0.7327862189,0.835247492370502,65.7164918141502
"1672","2024-8-28",2,15.869,98.5849,0.25516,35,1087.87927,751.77,0,8,28,2023,10,240,420,50,0.86307,50,0.21416,0.12378,0.66198,0.423688909090909,0.6754026809231,6.08247289418735,0.7342763229,0.548035068756747,92.11233739774
"1673","2024-8-28",2,15.563,99.8587,0.02498,34.5,573.96367,117.859,0.1,8,28,2023,16.5,240,420,50,0.23116,50,0.04665,0.08314,0.33141,0.113478545454545,0.140976947854313,0.987539942844381,0.7338403341,0.910021366569666,24.7779627278167
"1674","2024-8-28",2,15.474,99.9342,0.01157,34.6,435.25896,55.4858,0,8,28,2023,17,240,420,50,0.11607,50,0.06368,0.08358,0.28413,0.0569798181818182,0.164861129254547,1.14964886023822,0.7336748564,0.956582119147318,30.2955567143919
"1675","2024-8-28",2,15.565,99.9863,0.00242,34.8,291.20397,29.5253,0.1,8,28,2023,17.5,240,420,50,0.06419,50,0.03446,0.08323,0.34003,0.0315114545454545,0.0883770831719281,0.747652944034572,0.7338438525,0.976656534426778,20.1330265684876
"1676","2024-8-30",2,18.73,77.8403,4.78793,33.2,900.43171,994.635,0,8,30,2023,9,242,420,50,0.90838,50,0.22333,0.10725,0.68423,0.445932,0.65374312098265,7.56657447057042,0.72838581,0.451261628562269,91.5665262162781
"1677","2024-8-30",2,20.158,72.9421,6.38904,33,1201.55088,1344.58,0,8,30,2023,11,242,420,50,1.06593,50,0.27901,0.13206,0.662,0.523274727272727,0.504616948419945,7.42769221647854,0.7187085396,0.341071208813231,64.7284514495547
"1678","2024-8-30",2,19.913,71.9663,6.51984,33,1232.83032,769.958,0,8,30,2023,11.5,242,420,50,0.73832,50,0.20844,0.13654,0.66186,0.362448,0.59918904724303,5.36580313398304,0.7206876741,0.540118672326878,74.779218017527
"1679","2024-8-30",2,19.623,75.7738,5.5339,32.7,817.59816,381.385,0,8,30,2023,15.5,242,420,50,0.43268,50,0.09796,0.14966,0.66851,0.212406545454545,0.285494066433938,2.32379802096526,0.7228596581,0.737043769365942,44.6730800232474
"1680","2024-8-30",2,19.511,77.53,5.09716,32.7,695.99624,360.551,0,8,30,2023,16,242,420,50,0.41744,50,0.10534,0.14669,0.66491,0.204925090909091,0.304357399180309,2.53573055552898,0.7236489669,0.749431170159559,49.7624449422678
"1681","2024-8-30",2,19.292,80.2201,4.42623,32.6,564.44097,344.423,0,8,30,2023,16.5,242,420,50,0.39985,50,0.06693,0.15922,0.67335,0.19629,0.155259576507267,1.50318178228096,0.7251126096,0.759163279664387,30.1021375678727
"1682","2024-8-31",2,23.71512,69.3008,9.00491,32,1162.96465,1299.63767,0,8,31,2023,13.5,243,420,50,1.02898,50,0.51027,0.13444,0.66105,0.505135636363636,0.705453166081937,13.324572232331,0.67509671172416,0.353557150596979,97.8869476754802
"1683","2024-8-31",2,23.86246,69.13806,9.13319,31.9,1099.49714,1244.52934,0,8,31,2023,14,243,420,50,1.00397,50,0.45198,0.13983,0.66668,0.492858,0.601070986493394,11.4441547228157,0.67268986302324,0.369493004172666,86.9051209158226
"1684","2024-8-31",2,23.92305,69.05869,9.19007,31.8,1019.1004,1177.08565,0,8,31,2023,14.5,243,420,50,0.97218,50,0.44355,0.14798,0.67334,0.477252,0.569727021791943,10.7181889543114,0.67168624656725,0.389976608446315,85.5140246537543
"1685","2024-8-31",2,23.88212,69.12723,9.14719,31.8,923.15004,1089.72831,0,8,31,2023,15,243,420,50,0.9289,50,0.42928,0.15922,0.68221,0.456005454545455,0.534344951364147,9.76806522064086,0.67236509873616,0.418205371390111,83.8326433910626
"1686","2024-8-31",2,23.74765,69.21502,9.04775,31.7,813.2878,978.40124,0,8,31,2023,15.5,243,420,50,0.86987,50,0.4048,0.17541,0.69131,0.427027090909091,0.485484718830447,8.47239954528811,0.67456943142525,0.457160387650239,80.2866491451659
"1687","2024-8-31",2,23.53397,69.29865,8.90787,31.7,691.39346,849.56972,0,8,31,2023,16,243,420,50,0.79534,50,0.3852,0.19784,0.69833,0.390439636363636,0.437857856260448,7.22071674054905,0.67799040164301,0.506791412111179,77.0485169604186
"1688","2024-8-31",2,23.19424,69.39399,8.7001,31.7,559.55266,709.18054,0,8,31,2023,16.5,243,420,50,0.70517,50,0.30699,0.2336,0.7047,0.346174363636364,0.308185159072964,4.91816501030248,0.68322259390464,0.567029225778426,60.1473587812987
"1689","2024-8-31",2,22.14502,79.24506,5.53615,31.6,275.18659,413.8089,0,8,31,2023,17.5,243,420,50,0.4753,50,0.23406,0.1779,0.69934,0.233329090909091,0.380436544423855,4.88637795050099,0.69777861811956,0.718171328010306,81.0228636100567
"1690","2024-9-1",2,23.52053,65.51287,9.9982,30.8,1159.7142,1333.30291,0,9,1,2023,13.5,244,420,50,1.03854,50,0.53372,0.13394,0.65987,0.509828727272727,0.727813073895407,13.9639730142599,0.67820221537101,0.344162163211647,101.285733554615
"1691","2024-9-1",2,23.64839,65.62546,10.04258,30.7,1095.974,1283.63579,0,9,1,2023,14,244,420,50,1.0168,50,0.47928,0.13884,0.66478,0.499156363636364,0.630594770505939,12.1870917464887,0.67617105544869,0.358112308100546,91.1297628527595
"1692","2024-9-1",2,23.68154,65.76322,10.0223,30.7,1015.29237,1210.19016,0,9,1,2023,14.5,244,420,50,0.98548,50,0.46819,0.14648,0.67159,0.483781090909091,0.602641195934996,11.3997534018492,0.67563856955124,0.379784182648359,90.1815211918802
"1693","2024-9-1",2,23.61166,65.95718,9.9237,30.6,919.04977,1114.2561,0,9,1,2023,15,244,420,50,0.94198,50,0.44293,0.1587,0.68103,0.462426545454545,0.553961716915093,10.0941986419002,0.67675822324884,0.410079235761836,86.6653873930552
"1694","2024-9-1",2,23.44962,66.16671,9.76682,30.6,808.89296,1000.97361,0,9,1,2023,15.5,244,420,50,0.88599,50,0.42937,0.17541,0.6902,0.434940545454546,0.519826674903458,8.97221635010073,0.67931317404116,0.448979123440057,85.3325655242662
"1695","2024-9-1",2,23.22234,66.26058,9.60709,30.5,686.70675,869.51245,0,9,1,2023,16,244,420,50,0.81468,50,0.39369,0.20092,0.69882,0.399933818181818,0.445009442140328,7.27183429166707,0.68279945741684,0.498770125356594,78.0735006029756
"1696","2024-9-1",2,22.82851,66.35935,9.35353,30.5,554.58177,722.11829,0,9,1,2023,16.5,244,420,50,0.72499,50,0.33009,0.24085,0.70544,0.355904181818182,0.331623264666784,5.13444176396399,0.68857140429789,0.561190627338918,63.708024282866
"1697","2024-9-1",2,21.66892,74.16061,6.6951,30.4,269.68968,417.35114,0,9,1,2023,17.5,244,420,50,0.49483,50,0.25347,0.17019,0.6993,0.242916545454545,0.452486025626401,5.5309978369786,0.70358481663696,0.716139060717748,94.0192676246071
"1698","2024-9-2",2,17.15213,82.84479,3.3564,30.3,781.52365,409.6264,0,9,2,2023,8.5,245,420,50,0.49821,50,0.13136,0.13808,0.65866,0.244575818181818,0.464439397910573,3.32767638751992,0.73386156010941,0.720578353982582,66.1193887534899
"1699","2024-9-2",2,21.20996,67.87052,8.09425,30.2,1077.94313,938.51075,0,9,2,2023,10,245,420,50,0.85718,50,0.22669,0.12291,0.66248,0.420797454545455,0.543082962274564,6.48881435654406,0.70870991647824,0.471984751529501,74.5136996388485
"1700","2024-9-2",2,21.40288,67.36819,8.31856,30.2,1145.34341,1063.25734,0,9,2,2023,10.5,245,420,50,0.919,50,0.23064,0.12771,0.65889,0.451145454545455,0.476928515150855,6.31931602380557,0.70661208047616,0.427156051641161,65.0122907084107
"1701","2024-9-2",2,23.75564,65.26429,10.21379,29.9,1156.38523,1204.92453,0,9,2,2023,13.5,245,420,50,0.97679,50,0.30695,0.13737,0.66237,0.479515090909091,0.419116712176848,7.86002319245457,0.67443956500944,0.381387399444704,62.1014281016282
"1702","2024-9-2",2,23.82459,65.55965,10.169,29.9,1092.36996,1155.96668,0,9,2,2023,14,245,420,50,0.95711,50,0.34216,0.14348,0.66672,0.469854,0.459650768151971,8.44362206638878,0.67331304246509,0.396621305486577,69.022400074663
"1703","2024-9-3",2,18.60868,89.58624,2.23304,29.5,520.63019,67.73374,0,9,3,2023,7.5,246,420,50,0.1098,50,0.04441,0.13861,0.65279,0.0539018181818182,0.145163773757734,1.1107265073905,0.72900121152336,0.947254960840266,28.3031599374498
"1704","2024-9-3",2,18.51358,89.79609,2.17505,29.5,654.80683,121.48186,0,9,3,2023,8,246,420,50,0.1918,50,0.06225,0.14211,0.65269,0.0941563636363636,0.220795906433464,1.51834026401031,0.72946097114196,0.907387680996436,37.1478874960034
"1705","2024-9-3",2,18.42208,89.8987,2.14087,29.5,779.44372,154.78008,0,9,3,2023,8.5,246,420,50,0.23828,50,0.06425,0.14994,0.65782,0.116973818181818,0.226403552022237,1.49695978264404,0.72988454532096,0.883535272871077,35.7387007336643
"1706","2024-9-3",2,19.66919,86.44431,3.10537,29.5,892.40829,188.76633,0,9,3,2023,9,246,420,50,0.28276,50,0.09522,0.14422,0.65408,0.138809454545455,0.350550469412235,2.29340623850346,0.72252610121829,0.859836465682244,51.3485581484836
"1707","2024-9-3",2,20.90919,82.60498,4.30207,29.4,991.76768,225.98804,0,9,3,2023,9.5,246,420,50,0.32837,50,0.07587,0.13754,0.65428,0.161199818181818,0.260777428327858,1.91669117353694,0.71181719089829,0.834610247969998,39.5126591251858
"1708","2024-9-3",2,20.7927,81.89646,4.44534,29.4,1075.82182,262.63902,0,9,3,2023,10,246,420,50,0.37052,50,0.1093,0.1423,0.65812,0.181891636363636,0.389469730076379,2.68452705218809,0.712967189381,0.810494101045559,54.0450152327161
"1709","2024-9-3",2,21.03375,73.50043,6.60412,29.2,1088.68545,441.50042,0.000639,9,3,2023,14,246,420,50,0.5459,50,0.15814,0.14237,0.65476,0.267987272727273,0.485804811929375,3.86236064534241,0.71055449703125,0.702436455970484,66.6024879009652
"1710","2024-9-3",2,20.84255,74.79858,6.20724,29.2,799.85452,270.53072,0.00283,9,3,2023,15.5,246,420,50,0.38284,50,0.10637,0.14284,0.65925,0.187939636363636,0.324677825757555,2.60715523119759,0.71247872044725,0.805393278614523,52.0327520014125
"1711","2024-9-3",2,20.74371,75.20006,6.07132,29.1,677.08728,220.46103,0.00429,9,3,2023,16,246,420,50,0.32588,50,0.06124,0.14629,0.66647,0.159977454545455,0.16159904742476,1.48166008401947,0.71344190497949,0.838308737930057,30.9242024155935
"1712","2024-9-3",2,20.61969,75.6342,5.91966,29.1,544.39907,171.19071,0.00429,9,3,2023,16.5,246,420,50,0.26441,50,0.07422,0.14357,0.66026,0.129801272727273,0.204186774056882,1.81267385607096,0.71462006273429,0.872011586404768,39.581631661816
"1713","2024-9-3",2,20.45776,79.83989,4.84924,29.1,404.06021,123.26246,0.00401,9,3,2023,17,246,420,50,0.19844,50,0.04925,0.14186,0.66068,0.097416,0.117964354410899,1.21810541346433,0.71610742136064,0.906096045565439,27.8408982606273
"1714","2024-9-3",2,20.27315,84.05598,3.79166,29.1,258.47194,84.33289,0.00401,9,3,2023,17.5,246,420,50,0.13953,50,0.04925,0.14016,0.6605,0.0684965454545454,0.113847439287477,1.23254391458683,0.71773272798525,0.934759210253888,29.2957336792855
"1715","2024-9-4",2,18.36716,87.95279,2.54452,28.9,518.37135,56.72175,0.03859,9,4,2023,7.5,247,420,50,0.09763,50,0.04016,0.13248,0.66076,0.0479274545454545,0.140866321673067,1.06373772857844,0.73012993688784,0.955636756456616,27.5025430912559
"1716","2024-9-4",2,18.16675,88.50857,2.3968,28.9,652.64185,99.17982,0.02572,9,4,2023,8,247,420,50,0.16833,50,0.05965,0.13165,0.65726,0.0826347272727273,0.240589534521675,1.58151829750238,0.73096911388125,0.923722242394397,39.6928704567381
"1717","2024-9-4",2,19.63994,85.36037,3.3476,28.9,890.31835,238.80122,0.40411,9,4,2023,9,247,420,50,0.35836,50,0.07583,0.13303,0.65967,0.175922181818182,0.285918970708534,1.99694283462854,0.72273787247604,0.826098737235804,43.0019205644252
"1718","2024-9-4",2,20.46988,79.48908,4.93731,28.8,1223.60543,395.73417,0.00593,9,4,2023,12.5,247,420,50,0.52144,50,0.13566,0.13914,0.65884,0.255979636363636,0.488428600907348,3.41135727629052,0.71599809406416,0.728631373031263,62.6650924388771
"1719","2024-9-4",2,20.59801,79.48524,4.9774,28.7,906.25291,284.05075,0.000547,9,4,2023,15,247,420,50,0.41329,50,0.11495,0.14065,0.65686,0.202887818181818,0.382959826204286,2.85094926611494,0.71482254244389,0.796729066214289,56.9355076517048
"1720","2024-9-4",2,20.5008,79.62008,4.91514,28.7,795.21348,252.94428,0.000547,9,4,2023,15.5,247,420,50,0.37897,50,0.10347,0.13918,0.65136,0.186039818181818,0.334490467340219,2.57161609845515,0.715717719296,0.81680456439871,52.8830226319042
"1721","2024-9-4",2,20.35968,79.84504,4.81875,28.7,672.15762,220.41651,0.0094,9,4,2023,16,247,420,50,0.34077,50,0.08,0.14196,0.65722,0.167287090909091,0.238531873009443,1.96689964175329,0.71698025332736,0.838338595665771,41.7726588168292
"1722","2024-9-4",2,20.22783,80.24142,4.68567,28.7,539.19085,226.6004,0.0094,9,4,2023,16.5,247,420,50,0.3486,50,0.07316,0.13966,0.65327,0.171130909090909,0.201095981547154,1.81736352571453,0.71812026284021,0.834201482557651,38.6230074794549
"1723","2024-9-4",2,20.08922,83.92533,3.77951,28.7,252.75567,163.1977,0.01049,9,4,2023,17.5,247,420,50,0.2673,50,0.06264,0.13402,0.64703,0.13122,0.151779003855302,1.60603123265865,0.71927748377076,0.877605449931454,36.1137440505122
"1724","2024-9-5",2,23.17791,76.29701,6.73119,28.6,1229.05649,1042.7427,0.10253,9,5,2023,12,248,420,50,0.91731,50,0.33667,0.13447,0.65741,0.450315818181818,0.610908394526092,8.74103288048325,0.68346769683509,0.434224255757252,81.9552517370039
"1725","2024-9-5",2,23.57971,75.09124,7.24711,28.6,1220.55752,1100.7362,0.10253,9,5,2023,12.5,248,420,50,0.93957,50,0.2749,0.13844,0.66289,0.461243454545455,0.430519493876656,6.99040037395146,0.67726656394749,0.414538693062476,60.8110914141683
"1726","2024-9-5",2,23.73592,76.10318,7.01836,28.5,1145.92939,977.58981,0.15517,9,5,2023,13.5,248,420,50,0.89106,50,0.24616,0.14495,0.66463,0.437429454545455,0.385390657698675,5.99413662874003,0.67475983192896,0.4574572469147,56.8882002579602
"1727","2024-9-5",2,23.78209,76.29539,6.98126,28.5,1081.07713,850.94968,0.04068,9,5,2023,14,248,420,50,0.8345,50,0.34007,0.14001,0.66902,0.409663636363636,0.630635022037189,8.62970203280765,0.67400865475509,0.506232239320757,90.3243829542176
"1728","2024-9-5",2,23.27082,77.66052,6.37968,28.4,667.15021,549.62743,0.13026,9,5,2023,16,248,420,50,0.66165,50,0.34589,0.19943,0.70121,0.32481,0.520569685520231,6.45866935569178,0.68206535018036,0.64422840861276,89.2629117944976
"1729","2024-9-5",2,23.0439,78.19276,6.14289,28.4,533.90729,451.17307,0.13026,9,5,2023,16.5,248,420,50,0.58782,50,0.24792,0.23683,0.70864,0.288566181818182,0.306870106633296,3.93956204832317,0.685456940069,0.697021894662343,59.8403928263631
"1730","2024-9-5",2,22.80835,82.34113,4.90393,28.3,393.04413,352.96002,0.00228,9,5,2023,17,248,420,50,0.50145,50,0.20933,0.26272,0.71208,0.246166363636364,0.22903763150326,3.01310703796953,0.68885768730525,0.753996150820358,50.2983944613108
"1731","2024-9-5",2,22.55874,86.56421,3.67512,28.3,246.97095,257.29665,0.00228,9,5,2023,17.5,248,420,50,0.401,50,0.20933,0.15571,0.67947,0.196854545454545,0.411899719661294,4.85101579924845,0.69232821457364,0.813965481417312,88.8511464563027
"1732","2024-9-6",2,23.90897,76.56316,6.95523,28.2,1185.18606,1062.37383,0.03649,9,6,2023,11,249,420,50,0.92697,50,0.36773,0.121,0.66058,0.455058,0.679811079418782,10.6614566636997,0.67192018889301,0.427458075679639,93.3358004583184
"1733","2024-9-6",2,24.04887,76.42536,7.05513,28.1,1215.35346,1086.63551,0.03649,9,6,2023,11.5,249,420,50,0.93564,50,0.35054,0.12438,0.65898,0.459314181818182,0.60795465452234,9.86294696116688,0.66957635689541,0.419241393002745,83.7914773904665
"1734","2024-9-6",2,24.31506,74.70643,7.69129,28.1,1226.16554,1063.37541,0.03284,9,6,2023,12,249,420,50,0.92742,50,0.32222,0.12702,0.66015,0.455278909090909,0.536798391837674,8.89345365772688,0.66499780291604,0.427115706094617,75.4029857859354
"1735","2024-9-6",2,24.53563,73.26411,8.23787,28,1217.43727,1035.07247,0.03284,9,6,2023,12.5,249,420,50,0.91716,50,0.32866,0.12626,0.66407,0.450242181818182,0.552286605239971,9.17999322692456,0.66108582655341,0.436896927303917,78.2329065638274
"1736","2024-9-6",2,24.57668,74.20862,7.96637,28,1142.2889,877.78642,0.02572,9,6,2023,13.5,249,420,50,0.8541,50,0.35393,0.14001,0.66666,0.419285454545455,0.598198803401737,8.94973450915964,0.66034596019536,0.495479580475348,86.2125824633989
"1737","2024-9-6",2,23.92838,78.88075,6.27476,27.8,528.55039,495.61955,0.02007,9,6,2023,16.5,249,420,50,0.63821,50,0.2424,0.21438,0.70272,0.313303090909091,0.28525493094204,4.21966619739856,0.67159757363316,0.672673209550036,58.0476963899638
"1738","2024-9-6",2,23.59337,81.84409,5.28674,27.7,387.43001,389.06171,0.000274,9,6,2023,17,249,420,50,0.55155,50,0.20165,0.17136,0.68085,0.270760909090909,0.304882628519566,4.25488325533337,0.67704950124741,0.732531183255327,65.3428734123315
"1739","2024-9-7",2,24.13577,75.77306,7.28824,27.6,1066.85744,871.33757,0.00712,9,7,2023,10,250,420,50,0.85746,50,0.32493,0.12216,0.67344,0.420934909090909,0.660089775331351,9.51277289702863,0.66809878715781,0.498042404492087,95.3685750917957
"1740","2024-9-7",2,23.523,74.9756,7.25593,27.5,1212.60089,771.483,0,9,7,2023,11.5,250,420,50,0.94945,50,0.24294,0.13761,0.66176,0.466093636363636,0.508288817038392,6.20435985189432,0.6781633181,0.539460129339543,70.5269469558258
"1741","2024-9-7",2,25.15172,71.64576,9.06348,27.5,1223.20556,1132.63153,0.02436,9,7,2023,12,250,420,50,0.95159,50,0.30298,0.12688,0.66581,0.467144181818182,0.424042202734553,8.44342283698831,0.64959199914576,0.404095022689617,63.2511889267067
"1742","2024-9-7",2,23.734,81.9346,5.30509,27.3,1073.15414,367.664,0,9,7,2023,14,250,420,50,0.5392,50,0.13336,0.13498,0.66839,0.264698181818182,0.355175332058335,3.50698202976209,0.6747909684,0.745178717581717,54.2251355655566
"1743","2024-9-7",2,24.097,79.623,6.11581,27.3,892.73499,408.076,0,9,7,2023,15,250,420,50,0.57772,50,0.12659,0.14787,0.67751,0.283608,0.254674376862837,3.0802252069741,0.6687600501,0.721472656222422,44.867302309796
"1744","2024-9-7",2,23.973,78.6818,6.35087,27.3,780.82028,361.317,0,9,7,2023,15.5,250,420,50,0.53313,50,0.13419,0.13091,0.67741,0.261718363636364,0.318124522934648,3.68762174578152,0.6708527981,0.748972059424382,56.2923075747187
"1745","2024-9-8",2,23.663,70.8703,8.51778,27.1,643.73884,762.941,0,9,8,2023,8,251,420,50,0.85584,50,0.18234,0.0819,0.71509,0.420139636363636,0.546886515933074,8.45485545666559,0.6759366741,0.543159208698769,95.7876370320367
"1746","2024-9-8",2,23.993,71.416,8.52564,27.1,768.5967,1055.94,0,9,8,2023,8.5,251,420,50,0.95537,50,0.24146,0.09773,0.69607,0.468999818181818,0.471426768012325,9.13308811777996,0.6705175461,0.429663901646415,79.8590925179463
"1747","2024-9-8",2,23.972,73.6955,7.83586,27.1,881.59107,1153.07,0,9,8,2023,9,251,420,50,0.98025,50,0.263,0.10402,0.68532,0.481213636363636,0.462981499769898,9.20194724479359,0.6708695376,0.397541479256917,74.5645121473976
"1748","2024-9-8",2,23.972,74.9232,7.47014,27,980.78859,1344.37,0,9,8,2023,9.5,251,420,50,1.02063,50,0.30507,0.11367,0.67644,0.501036545454545,0.430244584456487,9.64118367606326,0.6708695376,0.341128513589778,67.0375865851534
"1749","2024-9-8",2,23.418,76.7595,6.69618,27,1131.26898,591.515,0,9,8,2023,10.5,251,420,50,0.73677,50,0.14433,0.12993,0.66755,0.361687090909091,0.349702343882332,3.93802444130424,0.6798050036,0.622997981604558,52.0876618177975
"1750","2024-9-8",2,23.423,79.0912,6.02617,27,1179.9771,394.2,0,9,8,2023,11,251,420,50,0.59568,50,0.13075,0.13554,0.66313,0.292424727272727,0.361719593544241,3.39719382428226,0.6797273781,0.729526197558965,52.5988399186329
"1751","2024-9-8",2,23.948,76.9984,6.84209,26.9,1209.78289,1058.22,0,9,8,2023,11.5,251,420,50,0.93052,50,0.3171,0.12726,0.66504,0.456800727272727,0.55489517996804,8.8003414807896,0.6712706256,0.428880908996192,77.0717764081628
"1752","2024-9-8",2,24.178,75.8377,7.28721,26.9,1220.17637,1059.31,0,9,8,2023,12,251,420,50,0.92943,50,0.37182,0.15519,0.64119,0.456265636363636,0.496604389779552,8.15836605671771,0.6673747476,0.428507087853253,70.1416132085615
"1753","2024-9-8",2,24.945,68.2759,10.0166,26.9,1210.97972,1281,0,9,8,2023,12.5,251,420,50,0.98702,50,0.38403,0.12899,0.66366,0.484537090909091,0.481184639716543,10.493060722427,0.6535416725,0.35886823187544,71.0328895485268
"1754","2024-9-8",2,24.718,70.0447,9.33093,26.9,1182.35028,1131.82,0,9,8,2023,13,251,420,50,0.94344,50,0.39704,0.13389,0.6679,0.463143272727273,0.564950790895067,10.5182865451283,0.6577705236,0.40435745605643,81.7461764631216
"1755","2024-9-8",2,24.865,70.0054,9.42547,26.8,1134.77791,989.426,0,9,8,2023,13.5,251,420,50,0.88251,50,0.41653,0.13245,0.66869,0.433232181818182,0.659796913897632,11.1677732142778,0.6550449525,0.453146049673641,96.0977866212666
"1756","2024-9-8",2,25.129,65.3704,11.05445,26.8,1069.07658,1127.17,0,9,8,2023,14,251,420,50,0.90822,50,0.47097,0.13674,0.661,0.445853454545455,0.591837638153636,12.0905640462786,0.6500306949,0.405864467095608,91.1447173847644
"1757","2024-9-8",2,25.003,68.5867,9.9528,26.8,986.37048,636.575,0,9,8,2023,14.5,251,420,50,0.75027,50,0.30566,0.1393,0.65881,0.368314363636364,0.547754646490831,7.67706307582666,0.6524429901,0.60094010999684,86.604970507703
"1758","2024-9-8",2,24.904,70.6187,9.25424,26.7,888.07472,497.881,0,9,8,2023,15,251,420,50,0.66709,50,0.19879,0.1454,0.66292,0.327480545454545,0.353562967724538,4.81325291721073,0.6543138624,0.671457336272531,61.1732090069182
"1759","2024-9-8",2,24.646,71.3536,8.88494,26.7,775.87116,230.794,0,9,8,2023,15.5,251,420,50,0.40711,50,0.10245,0.14805,0.66934,0.199854,0.195063981412766,2.45978848562537,0.6590881524,0.83140752600288,39.5378569938515
"1760","2024-9-8",2,23.568,76.2163,6.9149,26.7,517.62513,62.3862,0.5,9,8,2023,16.5,251,420,50,0.12532,50,0.06359,0.15534,0.66279,0.0615207272727273,0.111436842264216,1.44088362320707,0.6774523136,0.951316028369669,28.7897914266512
"1761","2024-9-8",2,23.563,75.9578,6.98795,26.7,376.00132,106.44,0,9,8,2023,17,251,420,50,0.22849,50,0.07584,0.16217,0.67611,0.112167818181818,0.118688277658125,1.67916201322112,0.6775315341,0.918372681144345,32.4006571655495
"1762","2024-9-9",2,22.33,74.4705,6.88678,26.5,641.44713,686.865,0,9,9,2023,8,252,420,50,0.81415,50,0.19077,0.09382,0.69728,0.399673636363636,0.592279729284385,7.52955471453489,0.69538821,0.577242975341756,99.2221342724682
"1763","2024-9-9",2,22.424,77.5989,6.07749,26.5,766.33044,824.05,0,9,9,2023,8.5,252,420,50,0.8573,50,0.24565,0.10313,0.68557,0.420856363636364,0.649739508033301,8.67223403465325,0.6941446464,0.5172442908104,101.803002539379
"1764","2024-9-9",2,22.631,77.6268,6.14668,26.5,879.31216,1085.6,0,9,9,2023,9,252,420,50,0.93629,50,0.30922,0.10238,0.68466,0.459633272727273,0.69206384015368,10.9818331283166,0.6913376229,0.419588839820631,103.20607553687
"1765","2024-9-9",2,23.331,75.6158,6.98894,26.5,978.45914,1345.72,0,9,9,2023,9.5,252,420,50,0.9963,50,0.30139,0.1082,0.67446,0.489092727272727,0.480351335770712,9.97712032238404,0.6811468829,0.340760293669649,72.6280359949614
"1766","2024-9-9",2,24.624,71.5713,8.80584,26.3,1178.75472,333.983,0,9,9,2023,13,252,420,50,0.51563,50,0.11935,0.14411,0.66431,0.253127454545455,0.270137632641983,2.92177338725614,0.6594884864,0.765530363305666,43.3195928938503
"1767","2024-9-9",2,25.096,69.3794,9.75552,26.3,1130.9086,679.316,0,9,9,2023,13.5,252,420,50,0.74876,50,0.25962,0.13925,0.66333,0.367573090909091,0.464928632659066,6.56780144463389,0.6506658624,0.5807396089258,71.0425361037923
"1768","2024-9-9",2,26.217,67.1827,11.17362,26.2,981.92653,592.321,0,9,9,2023,14.5,252,420,50,0.68351,50,0.22504,0.15011,0.66821,0.335541272727273,0.309904350138807,5.31998611455094,0.6277478021,0.622596401989201,55.8553831755248
"1769","2024-9-9",2,25.148,70.518,9.42188,26.2,883.3397,249.727,0,9,9,2023,15,252,420,50,0.41499,50,0.17887,0.15645,0.67174,0.203722363636364,0.354311951315228,4.07859500743943,0.6496639056,0.818909583402015,61.9370321577714
"1770","2024-9-9",2,25.128,69.4263,9.75915,26.1,770.84922,198.661,0,9,9,2023,15.5,252,420,50,0.35337,50,0.10571,0.14665,0.66908,0.173472545454545,0.195545127439091,2.56129432699971,0.6500499776,0.853057094472048,40.5861922989026
"1771","2024-9-9",2,25.582,65.9004,11.18216,26.1,646.37984,550.793,0,9,9,2023,16,252,420,50,0.66052,50,0.3326,0.16401,0.68089,0.324255272727273,0.433938594019179,7.33290917705139,0.6410694036,0.643627973950735,84.2957709023407
"1772","2024-9-9",2,25.281,69.632,9.78209,26.1,370.19169,269.516,0,9,9,2023,17,252,420,50,0.4469,50,0.17627,0.17207,0.6779,0.219387272727273,0.218894084368171,3.68796094728638,0.6470741429,0.806047342989627,54.5026265457569
"1773","2024-9-10",2,23.331,75.871,6.91579,25.9,764.02941,942.936,0,9,10,2023,8.5,253,420,50,0.89681,50,0.26209,0.09054,0.69918,0.440252181818182,0.674070094678417,10.7484636322996,0.6811468829,0.470316785321175,107.990854244254
"1774","2024-9-10",2,23.763,77.6441,6.5765,25.8,876.99235,1038.7,0,9,10,2023,9,253,420,50,0.92265,50,0.28087,0.09958,0.68778,0.452937272727273,0.597783055114899,10.3022055087712,0.6743198141,0.435630879873895,92.9230487063797
"1775","2024-9-10",2,23.284,78.6152,6.1119,25.8,976.0829,1141.68,0,9,10,2023,9.5,253,420,50,0.94909,50,0.28013,0.10468,0.67757,0.465916909090909,0.558084326621781,9.62936192306934,0.6818648784,0.401180431102477,82.7987832967836
"1776","2024-9-10",2,23.384,79.5156,5.88999,25.8,1059.60561,1297.32,0,9,10,2023,10,253,420,50,0.98871,50,0.32945,0.11631,0.67007,0.485366727272727,0.524462815017112,10.0795249539908,0.6803313984,0.354213301746715,75.9845794571422
"1777","2024-9-10",2,24.118,75.6188,7.32683,25.7,1204.23334,393.424,0,9,10,2023,12.5,253,420,50,0.56619,50,0.13616,0.13977,0.66905,0.277947818181818,0.3411647634172,3.4613186821966,0.6684022836,0.729979228028517,50.9305636549101
"1778","2024-9-10",2,24.32,75.3056,7.51132,25.6,1175.08527,559.735,0,9,10,2023,13,253,420,50,0.68383,50,0.22256,0.13374,0.66165,0.335698363636364,0.516464513815663,5.84738304939268,0.66491136,0.639040146183412,74.1470257756501
"1779","2024-9-10",2,24.413,77.4393,6.90061,25.6,1126.96435,590.21,0,9,10,2023,13.5,253,420,50,0.69778,50,0.23487,0.13638,0.65997,0.342546545454545,0.506593805588788,6.03598969918683,0.6632739741,0.623648731129499,74.1489157374104
"1780","2024-9-10",2,24.12,79.4768,6.16819,25.6,1060.69396,514.942,0,9,10,2023,14,253,420,50,0.64978,50,0.15318,0.13601,0.65799,0.318982909090909,0.334440395197057,3.93548219379905,0.66836816,0.662355008611521,52.5349482227981
"1781","2024-9-10",2,24.036,80.1079,5.94847,25.6,977.408,448.026,0,9,10,2023,14.5,253,420,50,0.59389,50,0.13873,0.13765,0.65922,0.291546,0.30464198482953,3.52835260136771,0.6697937744,0.69877896694124,50.0112434980054
"1782","2024-9-10",2,23.74,82.9663,5.00393,25.5,878.53151,296.997,0,9,10,2023,15,253,420,50,0.44564,50,0.11782,0.13574,0.65624,0.218768727272727,0.290162589393967,3.02497162996965,0.67469364,0.788519927680387,49.4706983915368
"1783","2024-9-10",2,22.821,87.4784,3.47995,25.5,765.75631,246.485,0,9,10,2023,15.5,253,420,50,0.401,50,0.10803,0.13718,0.66159,0.196854545454545,0.289341301836625,2.7668775756288,0.6886781549,0.821036263984767,50.2526530382425
"1784","2024-9-11",2,21.6,84.306,4.04929,25.4,502.02167,299.557,0,9,11,2023,7.5,254,420,50,0.48387,50,0.1082,0.12346,0.66418,0.237536181818182,0.306987436636201,3.09125061538812,0.704384,0.78690669138633,57.9614178150579
"1785","2024-9-11",2,21.886,81.5721,4.83845,25.4,636.77712,437.617,0,9,11,2023,8,254,420,50,0.62581,50,0.11214,0.10959,0.68422,0.307215818181818,0.351328763373378,3.71820065717496,0.7009993044,0.704622134000292,61.4234905897248
"1786","2024-9-11",2,22.533,79.0534,5.72062,25.3,761.69255,979.005,0,9,11,2023,8.5,254,420,50,0.95707,50,0.2344,0.09459,0.69695,0.469834363636364,0.595408318638039,9.17194492287394,0.6926783021,0.456939628844147,94.4623232360343
"1787","2024-9-11",2,22.787,76.7602,6.44543,25.3,874.63063,1056.82,0,9,11,2023,9,254,420,50,0.97797,50,0.25349,0.10015,0.68838,0.480094363636364,0.576763865133777,9.25306377731584,0.6891598941,0.429361524708827,88.0829046092396
"1788","2024-9-11",2,23.246,68.2543,9.05232,25.3,973.65894,1254.39,0,9,11,2023,9.5,254,420,50,1.03802,50,0.27921,0.10422,0.67884,0.509573454545455,0.499395352985582,9.6581680649595,0.6824418324,0.366589714659442,76.0882135281736
"1789","2024-9-11",2,23.664,67.6562,9.45818,25.2,1171.7007,821.732,0,9,11,2023,11,254,420,50,0.86819,50,0.20335,0.13378,0.6629,0.426202363636364,0.391203970675955,5.35116617780571,0.6759206144,0.518204358522938,57.8354054435104
"1790","2024-9-11",2,23.837,62.8523,10.97657,25.2,1200.93301,733.905,0,9,11,2023,11.5,254,420,50,0.80832,50,0.21203,0.13528,0.66098,0.396811636363636,0.427506405353807,5.50173250814044,0.6731091741,0.555923824729451,62.97925738091
"1791","2024-9-11",2,24.065,64.9148,10.51004,25.2,1210.67243,1068.25,0,9,11,2023,12,254,420,50,0.95899,50,0.29801,0.13395,0.66046,0.470776909090909,0.461207953938897,7.80336773452015,0.6693033525,0.425453338385899,67.193492903862
"1792","2024-9-11",2,24.629,58.6033,12.82652,25.1,1171.34244,883.612,0,9,11,2023,13,254,420,50,0.84691,50,0.23721,0.13942,0.66476,0.415755818181818,0.359571545947657,6.00648266632734,0.6593975949,0.493175788267978,57.3484420185419
"1793","2024-9-11",2,24.574,59.2645,12.58025,25.1,1122.94596,831.126,0,9,11,2023,13.5,254,420,50,0.82653,50,0.26693,0.14087,0.66427,0.405751090909091,0.422985034621639,6.68453104800687,0.6603943764,0.514324546171054,66.855430475157
"1794","2024-9-11",2,25.181,60.2276,12.73547,25,1056.39098,831.729,0,9,11,2023,14,254,420,50,0.82552,50,0.35719,0.13934,0.66386,0.405255272727273,0.532904372114738,9.03748149374235,0.6490249629,0.514076495844531,85.9132881947558
"1795","2024-9-11",2,22.621,84.2802,4.31614,25,873.65183,171.257,0,9,11,2023,15,254,420,50,0.29909,50,0.06571,0.1332,0.66346,0.146826,0.189171581567496,1.73815867614375,0.6914753949,0.871965343112516,33.9684375010516
"1796","2024-9-12",2,19.387,98.1626,0.4136,24.8,971.18635,119.72,0,9,12,2023,9.5,255,420,50,0.2327,50,0.06379,0.13727,0.63034,0.114234545454545,0.252066950855156,1.55560478261217,0.7244906541,0.908667534801553,37.1706994301283
"1797","2024-9-12",2,18.489,98.9038,0.23331,24.8,1054.50666,113.857,0,9,12,2023,10,255,420,50,0.21395,50,0.04052,0.09796,0.39846,0.10503,0.138578201502175,0.875291729088593,0.7295765669,0.912939559928122,21.558642251223
"1798","2024-9-12",2,17.974,99.3051,0.14319,24.8,1120.76127,130.793,0,9,12,2023,10.5,255,420,50,0.24405,50,0.04949,0.1034,0.42118,0.119806363636364,0.186441928253676,1.07056265391372,0.7316928564,0.900653741409257,26.294597408911
"1799","2024-9-12",2,17.598,99.5392,0.09273,24.8,1197.85026,133.084,0,9,12,2023,11.5,255,420,50,0.24294,50,0.04952,0.1011,0.44061,0.119261454545455,0.21235194506593,1.14612309491243,0.7328694356,0.899004535026393,28.2680710637391
"1800","2024-9-12",2,17.529,99.5979,0.08057,24.8,1207.36562,143.057,0.1,9,12,2023,12,255,420,50,0.26083,50,0.06006,0.07964,0.27587,0.128043818181818,0.202797129045524,1.10485678034871,0.7330515749,0.891860454307195,27.0588952103145
"1801","2024-9-12",2,17.451,99.6255,0.07467,24.8,1197.19983,255.351,0,9,12,2023,12.5,255,420,50,0.42643,50,0.09387,0.09787,0.40539,0.209338363636364,0.372640438115149,2.06489367923299,0.7332448589,0.815233421499504,46.2717472555314
"1802","2024-9-12",2,17.373,99.7033,0.05887,24.8,1118.85431,108.452,0.3,9,12,2023,13.5,255,420,50,0.20591,50,0.03583,0.08233,0.31882,0.101083090909091,0.123334406823449,0.736854404857421,0.7334247581,0.916895657504291,18.588200753167
"1803","2024-9-12",2,17.307,99.739,0.05157,24.8,1052.0151,88.8125,0,9,12,2023,14,255,420,50,0.17045,50,0.05557,0.0825,0.30103,0.0836754545454546,0.195728181385221,1.07682135746656,0.7335665261,0.931415320197294,27.6145363554617
"1804","2024-9-12",2,16.53,99.8002,0.03758,24.8,868.70238,53.0473,0.2,9,12,2023,15,255,420,50,0.10837,50,0.03035,0.09178,0.38494,0.0531998181818182,0.107140318645747,0.676006882978447,0.73451501,0.958450040923868,17.9259137012239
"1805","2024-9-12",2,16.269,99.8232,0.0327,24.8,755.36542,62.5995,0.1,9,12,2023,15.5,255,420,50,0.12814,50,0.03035,0.1148,0.5304,0.0629050909090909,0.114048821232571,0.74467668467274,0.7345356029,0.951153709652015,19.5985991253293
"1806","2024-9-13",2,15.647,99.7239,0.04908,37.1,497.14695,130.416,0.1,9,13,2023,7.5,256,420,50,0.24675,50,0.06622,0.11991,0.6253,0.121131818181818,0.273245433014467,1.83387460246603,0.7339805301,0.900925419544669,45.5858012527496
"1807","2024-9-13",2,15.77,99.6084,0.07016,36.5,756.90709,169.776,0,9,13,2023,8.5,256,420,50,0.30304,50,0.09241,0.17007,0.54954,0.148765090909091,0.257901357145869,1.58576198262351,0.73415781,0.872999059903939,38.2311441142215
"1808","2024-9-13",2,16.103,99.5953,0.07407,36.1,968.66426,666.607,0,9,13,2023,9.5,256,420,50,0.84222,50,0.1889,0.1139,0.61313,0.413453454545455,0.631479417483547,5.40017997483837,0.7344707301,0.586674222757915,87.6329299828067
"1809","2024-9-13",2,16.156,99.6733,0.06,35.1,1114.69036,173.005,0,9,13,2023,13.5,256,420,50,0.3009,50,0.05954,0.10293,0.48651,0.147714545454545,0.281114309079766,1.49453490611504,0.7344980304,0.870746838953383,36.0015216923456
"1810","2024-9-13",2,16.259,99.4843,0.09533,35,963.41917,258.089,0,9,13,2023,14.5,256,420,50,0.43307,50,0.09856,0.1292,0.65417,0.212598,0.457832020724997,2.65018528747981,0.7345334109,0.813449688470638,59.6497490533366
"1811","2024-9-13",2,16.273,98.718,0.2372,34.8,750.07156,112.307,0,9,13,2023,15.5,256,420,50,0.19976,50,0.04261,0.11675,0.54682,0.098064,0.167882990333247,1.05985503993348,0.7345364181,0.914072307140562,26.8062092803798
"1812","2024-9-13",2,16.083,99.5234,0.08712,34.8,624.52277,86.1991,0,9,13,2023,16,256,420,50,0.15977,50,0.0288,0.09584,0.46976,0.0784325454545455,0.104306099950969,0.749668306081329,0.7344588221,0.933364685914408,19.3533472959348
"1813","2024-9-13",2,15.991,99.7173,0.05137,34.7,489.18681,62.4707,0,9,13,2023,16.5,256,420,50,0.11878,50,0.02541,0.11751,0.57042,0.0583101818181818,0.0815146787061196,0.655046328698487,0.7343927109,0.951251721579745,17.2288321958462
"1814","2024-9-13",2,15.981,99.3787,0.11283,34.7,346.37932,58.2009,0,9,13,2023,17,256,420,50,0.11241,50,0.01963,0.13305,0.65355,0.0551830909090909,0.0505160026864093,0.512072759572121,0.7343844029,0.954506601169518,13.5138931542056
"1815","2024-9-14",2,16.405,94.9747,0.93765,33.7,629.5394,159.723,0,9,14,2023,8,257,420,50,0.29935,50,0.07668,0.12878,0.65706,0.146953636363636,0.324649539606486,2.07771582032978,0.7345435725,0.880048376258345,50.5960962530448
"1816","2024-9-14",2,16.772,91.6809,1.58887,33.6,867.28405,313.403,0,9,14,2023,9,257,420,50,0.51289,50,0.09702,0.12707,0.66169,0.251782363636364,0.418962299917072,2.6829973609385,0.7343620176,0.778238380549963,57.7235356037691
"1817","2024-9-14",2,18.229,80.8435,4.01117,33.4,1200.54435,1004.87,0,9,14,2023,12,257,420,50,1.03887,50,0.28793,0.13185,0.66311,0.509990727272727,0.729061956507376,7.69023824040929,0.7307179149,0.44758178418953,93.4016376559761
"1818","2024-9-14",2,18.532,79.9806,4.27224,33.4,1189.88197,1151.58,0,9,14,2023,12.5,257,420,50,1.10127,50,0.34031,0.1343,0.66492,0.540623454545455,0.739316046967692,8.94778475688556,0.7293734736,0.398015631238631,95.9832073488266
"1819","2024-9-14",2,18.732,78.9465,4.54949,33.4,1159.67998,999.61,0,9,14,2023,13,257,420,50,1.03032,50,0.27203,0.1376,0.66652,0.505793454545454,0.679852328667619,6.99775909072835,0.7283753936,0.44946917662604,84.3422256698349
"1820","2024-9-14",2,18.816,80.3381,4.27114,33,483.32629,553.028,0,9,14,2023,16.5,257,420,50,0.65974,50,0.33748,0.2725,0.7193,0.323872363636364,0.475610422145727,4.73084836357793,0.7279299584,0.642478195341703,81.3216705133355
"1821","2024-9-15",2,17.951,83.5083,3.39339,32.5,492.16624,178.41,0,9,15,2023,7.5,258,420,50,0.26735,50,0.06694,0.13264,0.65972,0.131244545454545,0.231799242541046,1.76814663545167,0.7317737589,0.866989858068102,41.8222953295863
"1822","2024-9-15",2,17.969,83.4787,3.40333,32.5,627.06044,267.83,0,9,15,2023,8,258,420,50,0.37394,50,0.08356,0.13148,0.66202,0.183570545454545,0.301899971917683,2.23438125705665,0.7317105429,0.807135273181036,49.185751669573
"1823","2024-9-15",2,18.27,82.7786,3.61527,32.5,751.9657,362.406,0,9,15,2023,8.5,258,420,50,0.46981,50,0.11314,0.12889,0.66592,0.230634,0.421033121810881,3.10431971538597,0.73054781,0.74831983911463,62.9826062158859
"1824","2024-9-15",2,19.501,84.3151,3.5558,32.4,1112.26019,879.707,0,9,15,2023,10.5,258,420,50,0.82564,50,0.21236,0.12443,0.66177,0.405314181818182,0.604471919406565,5.99794010756656,0.7237180989,0.494718878482476,77.7280202243277
"1825","2024-9-15",2,19.06,91.0723,1.96912,32.3,1188.20177,239.23,0,9,15,2023,11.5,258,420,50,0.34576,50,0.0485,0.13421,0.67971,0.169736727272727,0.204695040343058,1.304451556936,0.72654804,0.825815414138652,28.6216215711002
"1826","2024-9-15",2,19.62,88.9657,2.52006,32.3,1106.14978,250.152,0,9,15,2023,13.5,258,420,50,0.33921,50,0.06482,0.13027,0.67297,0.166521272727273,0.271547004819966,1.77831115134269,0.72288116,0.818631201471268,37.9749227424425
"1827","2024-9-15",2,19.283,92.0028,1.78856,32.2,953.74793,292.986,0.3,9,15,2023,14.5,258,420,50,0.36744,50,0.08231,0.13163,0.66954,0.180379636363636,0.323267812459184,2.22342089240855,0.7251705021,0.791054194227091,46.4092665833434
"1828","2024-9-15",2,19.643,92.2421,1.77431,32.2,739.298,143.37,0,9,15,2023,15.5,258,420,50,0.20061,50,0.07185,0.13488,0.6744,0.0984812727272727,0.273347295323759,1.90784993089699,0.7227158061,0.891637160407,44.3378683668267
"1829","2024-9-15",2,19.909,87.086,3.00269,32.2,613.23237,149.404,0,9,15,2023,16,258,420,50,0.20768,50,0.0754,0.13135,0.65358,0.101952,0.260868069263293,1.99245011425557,0.7207188909,0.887343421212875,45.6250691261318
"1830","2024-9-15",2,19.91,87.4509,2.91802,32.1,334.16797,202.485,0,9,15,2023,17,258,420,50,0.26587,50,0.11024,0.19284,0.68706,0.130518,0.219416900828762,2.08585531631683,0.72071109,0.850451409895919,45.7763540946123
"1831","2024-9-16",2,21.806,68.4735,8.23733,31.6,1151.55104,584.057,0,9,16,2023,13,259,420,50,0.53961,50,0.1702,0.14114,0.66594,0.264899454545455,0.454229683497911,4.26473429203356,0.7019642004,0.626726147567127,62.9529842680176
"1832","2024-9-16",2,21.507,66.3425,8.63488,31.6,1101.77548,568.373,0,9,16,2023,13.5,259,420,50,0.52324,50,0.17017,0.14067,0.67025,0.256863272727273,0.467317445176168,4.30591812731944,0.7054458461,0.634639346313768,65.4472331020076
"1833","2024-9-16",2,22.346,64.3877,9.61604,31.5,948.81384,1045.47,0,9,16,2023,14.5,259,420,50,0.76577,50,0.37561,0.14742,0.67481,0.375923454545455,0.606332929784867,9.13081792806987,0.6951779124,0.433277880701974,90.2247595260889
"1834","2024-9-16",2,22.084,68.1972,8.45158,31.4,607.50547,409.178,0,9,16,2023,16,259,420,50,0.38573,50,0.22698,0.19388,0.69949,0.189358363636364,0.409047293833129,4.34894108780986,0.6985506384,0.720836886217292,72.644719639392
"1835","2024-9-16",2,22.126,67.2278,8.7315,31.3,471.45397,350.334,0,9,16,2023,16.5,259,420,50,0.34401,50,0.23123,0.23376,0.70827,0.168877636363636,0.331488058622431,3.72066236482528,0.6980201364,0.755581823017513,64.981798864612
"1836","2024-9-16",2,21.737,69.632,7.90127,31.3,327.99629,206.731,0,9,16,2023,17,259,420,50,0.21468,50,0.16955,0.2527,0.71693,0.105388363636364,0.231252521902713,2.55456371926328,0.7027851141,0.847567497356783,51.1968252303882
"1837","2024-9-17",2,21.839,74.2453,6.74282,30.7,1106.29005,1261.19,0,9,17,2023,10.5,260,420,50,0.83053,50,0.35248,0.12268,0.67071,0.407714727272727,0.645657292015003,10.2339414475578,0.7015678869,0.364600881143584,87.717205904013
"1838","2024-9-17",2,22.045,72.632,7.25577,30.7,1153.44061,1695.53,0,9,17,2023,11,260,420,50,0.97942,50,0.40169,0.11839,0.66709,0.480806181818182,0.52556210246798,12.0200939976795,0.6990397725,0.257580238910098,71.9139568381349
"1839","2024-9-17",2,22.486,73.5196,7.21132,30.7,1181.43599,1323.97,0,9,17,2023,11.5,260,420,50,0.84834,50,0.36013,0.13551,0.66358,0.416457818181818,0.537815629119639,9.365450605699,0.6933137844,0.346741407567672,73.4124915578063
"1840","2024-9-17",2,22.794,74.3946,7.10452,30.7,1189.79717,1095.53,0,9,17,2023,12,260,420,50,0.75603,50,0.28785,0.12774,0.66518,0.371142,0.535808107069123,7.96023590810393,0.6890609204,0.416268830613338,73.4314565620964
"1841","2024-9-17",2,22.536,75.6595,6.64872,30.6,1178.38109,1208.88,0,9,17,2023,12.5,260,420,50,0.80213,50,0.30298,0.13312,0.66795,0.393772909090909,0.50350678708752,8.07350354553915,0.6926375744,0.380182453767244,69.1686632259229
"1842","2024-9-17",2,22.161,78.5702,5.72173,30.6,1147.38308,447.483,0,9,17,2023,13,260,420,50,0.39797,50,0.13554,0.14437,0.66763,0.195367090909091,0.379195935798093,3.32869345563756,0.6975750869,0.699082582464996,53.6754484261549
"1843","2024-9-17",2,23.101,74.5445,7.19536,30.4,601.72764,537.727,0,9,17,2023,16,260,420,50,0.42802,50,0.17689,0.18572,0.69318,0.210118909090909,0.252823336932315,3.50621113393129,0.6846141789,0.650390972997492,49.5012646286079
"1844","2024-9-17",2,23.151,75.2801,7.00858,30.4,465.44789,454.699,0,9,17,2023,16.5,260,420,50,0.36724,50,0.20811,0.24232,0.71387,0.180281454545455,0.228336789007831,3.25589397511094,0.6838703189,0.69505854469073,48.9553458015764
"1845","2024-9-17",2,22.79,77.6619,6.19647,30.3,321.78471,250.228,0,9,17,2023,17,260,420,50,0.20502,50,0.16525,0.26194,0.71835,0.100646181818182,0.181459786651324,2.4067067439078,0.68911749,0.81858143020728,43.6698847859901
"1846","2024-9-18",2,22.254,83.193,4.51291,30.1,744.24346,697.929,0,9,18,2023,8.5,261,420,50,0.57004,50,0.17147,0.10734,0.69039,0.279837818181818,0.473057645881566,5.85690908861999,0.6963794324,0.572156227439455,76.8595540094664
"1847","2024-9-18",2,23.074,81.1305,5.32504,30.1,856.84339,1018.68,0,9,18,2023,9,261,420,50,0.739,50,0.22892,0.10456,0.69208,0.362781818181818,0.492326018438252,8.04677569571332,0.6850135764,0.442664115857755,77.4646488876161
"1848","2024-9-18",2,23.166,79.8921,5.70615,30,1037.87696,1319.32,0,9,18,2023,10,261,420,50,0.85584,50,0.29003,0.12139,0.67634,0.420139636363636,0.433507214851273,8.58168399093935,0.6836460884,0.348033687754714,64.5434128845836
"1849","2024-9-18",2,23.188,79.8895,5.71448,30,1103.21306,865.922,0,9,18,2023,10.5,261,420,50,0.64488,50,0.19152,0.12872,0.67052,0.316577454545455,0.38763123194736,5.29818687139906,0.6833163216,0.500204832224758,57.1835704638746
"1850","2024-9-18",2,23.472,82.705,4.99937,30,1177.95344,1063.57,0,9,18,2023,11.5,261,420,50,0.74083,50,0.2689,0.12822,0.6713,0.363680181818182,0.480207106987028,7.47651330835101,0.6789637376,0.427049221313461,67.5257683165113
"1851","2024-9-18",2,23.273,82.9955,4.85676,29.9,1186.07888,533.161,0,9,18,2023,12,261,420,50,0.44996,50,0.15421,0.1301,0.67013,0.220889454545455,0.416434500353046,4.21834149514342,0.6820322181,0.652771065498147,59.064210615662
"1852","2024-9-18",2,23.973,77.3702,6.7416,29.8,1092.82529,421.261,0,9,18,2023,13.5,261,420,50,0.37374,50,0.13894,0.14595,0.6687,0.183472363636364,0.313985619404059,3.38066355890169,0.6708527981,0.713902557532571,49.1901286187298
"1853","2024-9-18",2,24.086,76.8298,6.94956,29.8,1024.30468,481.998,0,9,18,2023,14,261,420,50,0.40625,50,0.12896,0.15443,0.67036,0.199431818181818,0.241022963129364,2.97289026689489,0.6689470644,0.680043576348339,40.8516808812815
"1854","2024-9-18",2,24.558,73.6017,8.14473,29.8,938.75811,777.682,0,9,18,2023,14.5,261,420,50,0.58215,50,0.3186,0.15331,0.68301,0.285782727272727,0.494198989496462,7.53788979874813,0.6606830996,0.536791461364591,78.7849183711965
"1855","2024-9-18",2,24.458,74.2384,7.90091,29.7,837.6493,648.776,0,9,18,2023,15,261,420,50,0.50178,50,0.215,0.15659,0.68899,0.246328363636364,0.335892621618479,5.02382830235139,0.6624748596,0.595102987606674,58.6800120040591
"1856","2024-9-18",2,24.354,75.7694,7.38526,29.7,722.70824,596.9,0,9,18,2023,15.5,261,420,50,0.46675,50,0.28592,0.16564,0.69054,0.229131818181818,0.442235110518037,6.33017312274068,0.6643149524,0.620319879074532,77.709357341527
"1857","2024-9-18",2,24.248,77.6012,6.78375,29.7,595.90162,316.009,0,9,18,2023,16,261,420,50,0.269,50,0.13901,0.20958,0.70056,0.132054545454545,0.171574261651,2.46768077625077,0.6661659456,0.776617599263651,38.2426515788201
"1858","2024-9-19",2,21.454,99.5198,0.1228,29.5,1034.90464,77.9766,0,9,19,2023,10,262,420,50,0.08741,50,0.03504,0.11442,0.58068,0.0429103636363636,0.116179776462809,0.944379293308632,0.7060424724,0.939524596552805,21.3108538883899
"1859","2024-9-19",2,22.596,95.8043,1.15026,29.5,1170.37242,707.158,0,9,19,2023,12.5,262,420,50,0.63886,50,0.20232,0.12288,0.65804,0.313622181818182,0.542395877302005,5.75383417204161,0.6918188624,0.567947439860228,73.3587347550251
"1860","2024-9-19",2,23.412,93.3879,1.90442,29.5,1088.25221,601.076,0,9,19,2023,13.5,262,420,50,0.5733,50,0.17837,0.13341,0.66207,0.281438181818182,0.422607219244655,4.70094068442387,0.6798980816,0.618250972248727,61.7312566968169
"1861","2024-9-19",2,24.082,88.9524,3.31277,29.5,832.2675,295.694,0,9,19,2023,15,262,420,50,0.32624,50,0.12041,0.14251,0.67166,0.160154181818182,0.271295914592805,3.01379796486041,0.6690150036,0.789342309403889,48.0847173133102
"1862","2024-9-19",2,24.328,88.4004,3.52995,29.5,717.07376,363.061,0,9,19,2023,15.5,262,420,50,0.38517,50,0.21351,0.15637,0.67921,0.189083454545455,0.416927325080811,4.92511402490179,0.6647712576,0.747927822236326,73.0477703594625
"1863","2024-9-19",2,24.702,84.9477,4.68424,29.5,590.03025,356.018,0,9,19,2023,16,262,420,50,0.38503,50,0.1675,0.15214,0.68069,0.189014727272727,0.28717316012546,3.97986374460491,0.6580643156,0.752153841118239,57.6101222191761
"1864","2024-9-19",2,24.538,87.5573,3.83439,29.5,453.31072,197.37,0,9,19,2023,16.5,262,420,50,0.22484,50,0.07967,0.1472,0.68435,0.110376,0.122176862098545,1.96703783118664,0.6610432116,0.853938586963586,32.7585646698941
"1865","2024-9-19",2,24.22,89.6348,3.13396,29.4,309.25448,57.9682,2.1,9,19,2023,17,262,420,50,0.06589,50,0.0617,0.12269,0.62802,0.032346,0.106362651647004,1.67724654511379,0.66665076,0.954684308658891,32.0225269402786
"1866","2024-9-20",2,18.787,99.546,0.09844,37.7,479.19377,97.184,0.2,9,20,2023,7.5,263,420,50,0.15096,50,0.05028,0.11619,0.61826,0.0741076363636364,0.182057933355326,1.42083975686013,0.7280854941,0.9251982871093,35.1989673593139
"1867","2024-9-20",2,19.011,99.7054,0.06478,37.4,614.12005,147.852,0.1,9,20,2023,8,263,420,50,0.22714,50,0.06261,0.11256,0.58871,0.111505090909091,0.236691572103618,1.73903557413643,0.7268360669,0.888445831039052,41.1104785615679
"1868","2024-9-20",2,18.824,99.7562,0.05299,36.8,851.33077,300.919,0.1,9,20,2023,9,263,420,50,0.41924,50,0.09807,0.11752,0.62003,0.205808727272727,0.397345572142105,2.7477962695897,0.7278867264,0.786049744804675,57.7761546196474
"1869","2024-9-20",2,18.521,98.9822,0.21705,36.2,1096.87396,942.177,0,9,20,2023,10.5,263,420,50,0.9602,50,0.23061,0.1187,0.63389,0.471370909090909,0.657688438103576,6.5401656940139,0.7294258149,0.470602448391754,82.9731740128487
"1870","2024-9-20",2,18.049,99.4989,0.10375,35.9,1170.79029,283.552,0.2,9,20,2023,11.5,263,420,50,0.39181,50,0.09638,0.11292,0.55042,0.192343090909091,0.43181481031689,2.49492613461156,0.7314209589,0.797047024540177,54.1547953696205
"1871","2024-9-20",2,17.41,99.3837,0.12256,35.5,1083.6158,562.682,0,9,20,2023,13.5,263,420,50,0.70496,50,0.14063,0.12631,0.63214,0.346071272727273,0.520123761515615,3.73766993821822,0.73334109,0.637535319721223,65.5322557690828
"1872","2024-9-20",2,17.144,98.92,0.21119,35.3,928.46578,365.324,0,9,20,2023,14.5,263,420,50,0.52016,50,0.11288,0.12319,0.59412,0.255351272727273,0.442088020884702,2.89110025323946,0.7338755904,0.746574998652353,59.5215628241256
"1873","2024-9-20",2,16.839,99.4471,0.10605,35.3,826.83288,330.959,0,9,20,2023,15,263,420,50,0.47827,50,0.12477,0.127,0.59652,0.234787090909091,0.474955307297908,3.11228168592606,0.7342968869,0.767384576312309,66.0035063323401
"1874","2024-9-20",2,16.694,99.5471,0.08607,35.2,711.39134,256.923,0,9,20,2023,15.5,263,420,50,0.40149,50,0.08474,0.11825,0.55151,0.197095090909091,0.312870023710415,2.09888254384946,0.7344254004,0.814208828347838,47.2590618358175
"1875","2024-9-21",2,14.664,100,0,38.7,848.49863,93.9563,0,9,21,2023,9,264,420,50,0.19378,50,0.05143,0.12057,0.61753,0.0951283636363636,0.251638501364437,1.39888739859671,0.7313678144,0.927590384177906,35.3278163950025
"1876","2024-9-21",2,13.066,100,0,38.5,1139.98492,302.164,0.1,9,21,2023,11,264,420,50,0.54913,50,0.09046,0.11441,0.60783,0.269572909090909,0.447477906288744,2.55224383193384,0.7225836084,0.785267229016401,52.2030194634865
"1877","2024-9-21",2,12.463,93.4442,0.94794,36.9,1078.91769,153.441,0.2,9,21,2023,13.5,264,420,50,0.29901,50,0.06789,0.12484,0.65461,0.146786727272727,0.355319673278837,1.89052366433295,0.7178089941,0.884482279558154,42.5340740027235
"1878","2024-9-21",2,12.154,94.2543,0.81409,36.8,1009.58531,144.196,0.2,9,21,2023,14,264,420,50,0.2883,50,0.06211,0.12499,0.65487,0.141529090909091,0.313492960274659,1.72817926708572,0.7150523124,0.891048161198174,38.6422714902003
"1879","2024-9-21",2,12.284,95.1442,0.69392,36.7,923.23624,138.147,0.2,9,21,2023,14.5,264,420,50,0.27932,50,0.05544,0.12192,0.65241,0.137120727272727,0.276031222074911,1.57549239315949,0.7162376784,0.895370571528751,35.6058667256714
"1880","2024-9-21",2,12.319,97.2635,0.39196,36.6,821.34793,99.2935,0.1,9,21,2023,15,264,420,50,0.20757,50,0.03628,0.12043,0.64874,0.101898,0.171747291425133,1.03788850583234,0.7165504629,0.923638239218635,24.233918101472
"1881","2024-9-21",2,12.677,96.768,0.47395,36.5,705.66372,61.6748,0.5,9,21,2023,15.5,264,420,50,0.13305,50,0.02375,0.12302,0.64659,0.0653154545454546,0.0991116567318931,0.662924864850323,0.7195950381,0.951857595441443,16.1934264898133
"1882","2024-9-21",2,12.343,98.7932,0.17313,36.6,578.163,40.3751,0.8,9,21,2023,16,264,420,50,0.08785,50,0.02375,0.11424,0.50278,0.0431263636363636,0.0741687222480416,0.555099513875226,0.7167633861,0.968215996225729,13.6009586173608
"1883","2024-9-22",2,14.291,99.7909,0.03406,35,473.77407,210.376,0,9,22,2023,7.5,265,420,50,0.48645,50,0.11334,0.12255,0.65573,0.238802727272727,0.443725017179074,3.22064146363458,0.7298200509,0.845099590491429,73.5212608759866
"1884","2024-9-22",2,14.901,98.2556,0.29559,34.9,608.67026,284.538,0,9,22,2023,8,265,420,50,0.61403,50,0.10219,0.12395,0.65938,0.301432909090909,0.415739758630357,2.88698862073918,0.7321922189,0.796418561745532,62.8620244946743
"1885","2024-9-22",2,15.257,96.9475,0.52923,34.9,733.32821,361.62,0,9,22,2023,8.5,265,420,50,0.72486,50,0.1388,0.12403,0.66091,0.355840363636364,0.538826637658222,3.92782815926318,0.7331983461,0.74879053059936,80.8250128077734
"1886","2024-9-22",2,15.326,96.6637,0.58101,34.9,845.61498,322.914,0,9,22,2023,9,265,420,50,0.65632,50,0.11591,0.12811,0.65842,0.322193454545455,0.498466572762607,3.16364921443703,0.7333610964,0.772339390935691,67.2033404661707
"1887","2024-9-22",2,15.327,97.5896,0.41979,34.9,943.60932,411.276,0,9,22,2023,9.5,265,420,50,0.79462,50,0.1585,0.1273,0.65647,0.390086181818182,0.607345083323925,4.34073407701735,0.7333633781,0.719628048327999,85.9153341045575
"1888","2024-9-22",2,15.389,96.6681,0.58259,34.8,1025.63451,260.053,0,9,22,2023,10,265,420,50,0.54624,50,0.10024,0.12688,0.65447,0.268154181818182,0.489189592002374,2.74590220444111,0.7335005469,0.812172599863649,61.3815031182713
"1889","2024-9-22",2,14.924,98.8766,0.19064,34.8,1090.28709,244.726,0,9,22,2023,10.5,265,420,50,0.52531,50,0.10135,0.12396,0.63358,0.257879454545455,0.510169240504237,2.75100309428649,0.7322656464,0.822192439509756,61.8627351688933
"1890","2024-9-22",2,15.719,98.7141,0.22965,34.7,1157.86485,244.002,0,9,22,2023,12.5,265,420,50,0.5058,50,0.1016,0.11261,0.53614,0.248301818181818,0.486350863160899,2.56887157557863,0.7340883429,0.822668791308884,58.3416042251712
"1891","2024-9-22",2,15.821,99.2147,0.14117,34.7,1074.15954,222.818,0.5,9,22,2023,13.5,265,420,50,0.47327,50,0.08652,0.09898,0.46273,0.232332545454545,0.395808350414205,2.14804884168676,0.7342215549,0.836729532417125,49.6519859170062
"1892","2024-9-22",2,15.575,99.4705,0.0937,34.7,1004.56286,186.051,0.9,9,22,2023,14,265,420,50,0.39759,50,0.07626,0.10465,0.51439,0.195180545454545,0.366805838418124,1.99066196778831,0.7338613125,0.861706287620709,47.3001767496965
"1893","2024-9-22",2,15.531,99.6169,0.0676,34.6,917.9541,247.356,0.7,9,22,2023,14.5,265,420,50,0.50759,50,0.10145,0.09332,0.46711,0.249180545454545,0.465441841998581,2.69677007257823,0.7337828429,0.820464365188702,60.9867029002226
"1894","2024-9-22",2,15.798,99.6964,0.05449,34.7,815.81517,318.744,0.2,9,22,2023,15,265,420,50,0.63346,50,0.14201,0.10368,0.5129,0.310971272727273,0.561747783015298,3.73081807197026,0.7341935156,0.774920217569198,79.8557212590374
"1895","2024-9-22",2,15.904,99.7171,0.05112,34.7,699.89368,205.32,0,9,22,2023,15.5,265,420,50,0.44436,50,0.0708,0.08638,0.36969,0.218140363636364,0.246150265167427,1.60918210755874,0.7343130624,0.848524771731811,37.7381643375536
"1896","2024-9-22",2,15.646,99.801,0.03537,34.7,572.17309,103.073,0,9,22,2023,16,265,420,50,0.23647,50,0.03707,0.08766,0.3694,0.116085272727273,0.114959639649492,0.829593698720734,0.7339789524,0.92084974440939,21.0776322733685
"1897","2024-9-22",2,15.377,99.8643,0.02371,34.7,434.83873,115.926,0,9,22,2023,16.5,265,420,50,0.27113,50,0.05134,0.0989,0.44875,0.133100181818182,0.170689495571605,1.23711897495127,0.7334746581,0.911429712263166,31.0299627830835
"1898","2024-9-22",2,15.372,99.9013,0.01724,34.7,290.24043,57.6538,0,9,22,2023,17,265,420,50,0.13872,50,0.05134,0.0843,0.34761,0.0680989090909091,0.146103999502321,1.1242631738673,0.7334637776,0.954924461056505,29.5433293601756
"1899","2024-9-24",2,18.814,100,0,36.3,994.35623,274.961,0,9,24,2023,14,267,420,50,0.46545,50,0.10199,0.08843,0.36287,0.228493636363636,0.343943560112029,2.22257520639017,0.7279407444,0.802543836939581,47.7262984073069
"1900","2024-9-24",2,18.741,100,0,36.1,907.24153,177.851,0,9,24,2023,14.5,267,420,50,0.31475,50,0.06043,0.0917,0.38896,0.154513636363636,0.2058900540665,1.36124291990915,0.7283284109,0.867377662639269,31.6538759393454
"1901","2024-9-24",2,18.944,100,0,36,804.61675,251.822,0,9,24,2023,15,267,420,50,0.44558,50,0.10378,0.10805,0.51554,0.218739272727273,0.385969997338944,2.62965452542093,0.7272213504,0.817538240446635,57.3143033417951
"1902","2024-9-24",2,18.905,100,0,35.9,688.23783,176.298,0,9,24,2023,15.5,267,420,50,0.3228,50,0.07431,0.10279,0.48675,0.158465454545455,0.265139738167414,1.86874390535086,0.7274410725,0.86845596234841,43.3146687188855
"1903","2024-9-24",2,18.898,100,0,35.8,560.09605,109.736,0,9,24,2023,16,267,420,50,0.2068,50,0.0468,0.11581,0.58347,0.10152,0.162041602014465,1.25217709787883,0.7274801556,0.915954305845886,30.6169964364332
"1904","2024-9-24",2,18.948,100,0,35.8,422.38395,72.8252,0,9,24,2023,16.5,267,420,50,0.14162,50,0.05917,0.11932,0.61175,0.0695225454545454,0.209111032677801,1.61105266054234,0.7271986256,0.94340447939834,40.514843516903
"1905","2024-9-25",2,18.222,99.3896,0.12776,34.6,465.37179,134.404,0,9,25,2023,7.5,268,420,50,0.23932,50,0.07555,0.11683,0.61778,0.117484363636364,0.28733729648757,2.12158956262035,0.7307465876,0.89805568731717,51.7094856215681
"1906","2024-9-25",2,18.198,99.59443,0.08476,34.6,600.17867,162.236,0.0083,9,25,2023,8,268,420,50,0.27888,50,0.0644,0.10087,0.47066,0.136904727272727,0.21857809481411,1.5958004045901,0.7308440756,0.878280904260867,38.0568464940711
"1907","2024-9-25",2,18.327,99.6205,0.07995,34.5,836.6488,248.742,0,9,25,2023,9,268,420,50,0.40338,50,0.10871,0.11335,0.55004,0.198022909090909,0.430720610868377,2.80149388292551,0.7303051781,0.819555138469027,62.172685660767
"1908","2024-10-12",2,13.072,75.6232,3.66832,32.4,776.56551,493.194,0,10,12,2023,9,285,420,50,0.49949,50,0.14867,0.12052,0.65217,0.245204181818182,0.496887278321049,4.27240553990046,0.7226270976,0.673979758783008,75.0187002518488
"1909","2024-10-12",2,14.568,74.178,4.28255,32.3,950.33449,1301.63,0,10,12,2023,10,285,420,50,0.92794,50,0.3358,0.10952,0.67059,0.455534181818182,0.662802638620677,10.9192236991582,0.7309987136,0.352994077432925,104.742138847448
"1910","2024-10-12",2,15.025,72.8174,4.64304,32.3,1011.3126,772.23,0,10,12,2023,10.5,285,420,50,0.68891,50,0.11364,0.11737,0.6644,0.338192181818182,0.389651224069649,3.41626206196965,0.7325743125,0.539137844274618,50.454459849265
"1911","2024-10-12",2,14.703,78.2747,3.63466,32.3,1076.25715,459.168,0,10,12,2023,11.5,285,420,50,0.4804,50,0.10612,0.12437,0.65683,0.235832727272727,0.454154198145375,2.97633643836752,0.7315119701,0.692578008230923,56.1626029025911
"1912","2024-10-12",2,13.668,79.5583,3.19808,32.2,1025.34528,155.571,0,10,12,2023,13,285,420,50,0.1765,50,0.05838,0.12675,0.64613,0.0866454545454545,0.291969713502857,1.58045983148985,0.7265523536,0.882976405123178,37.0787671129019
"1913","2024-10-12",2,13.099,89.9144,1.5204,32.2,580.36118,151.275,0,10,12,2023,15.5,285,420,50,0.1734,50,0.05719,0.12628,0.64144,0.0851236363636364,0.231804350934779,1.54272670051107,0.7228218189,0.886016239090889,35.6453506202195
"1914","2024-10-12",2,12.924,89.4837,1.56729,32.2,449.76291,95.978,0,10,12,2023,16,285,420,50,0.11259,50,0.05147,0.12577,0.64741,0.0552714545454546,0.203736103456408,1.40703190218885,0.7215312464,0.926091349160561,33.7626435837021
"1915","2024-10-13",2,13.794,78.7468,3.35239,32.1,772.54716,1045.08,0,10,13,2023,9,286,420,50,0.83496,50,0.25114,0.10055,0.68575,0.409889454545455,0.628200365612233,9.09592907072013,0.7272821204,0.433413084491448,105.132836709364
"1916","2024-10-13",2,13.492,84.8518,2.34291,32.1,1048.84226,349.735,0,10,13,2023,11,286,420,50,0.37295,50,0.07997,0.11842,0.64796,0.183084545454545,0.373932566352418,2.32379423449542,0.7254745296,0.755943984594087,46.4223167495761
"1917","2024-10-13",2,13.446,85.5968,2.22102,32.1,1074.08069,198.757,0,10,13,2023,12,286,420,50,0.21214,50,0.05423,0.12284,0.65042,0.104141454545455,0.273902693463693,1.52489913326815,0.7251815924,0.852991582202896,34.3231245096074
"1918","2024-10-13",2,13.035,91.0129,1.34915,32.1,1056.84668,95.0549,0,10,13,2023,12.5,286,420,50,0.09966,50,0.04387,0.1239,0.64804,0.048924,0.231763896946991,1.21855623227736,0.7223576525,0.926775501685476,29.3823610194341
"1919","2024-10-13",2,12.382,88.4974,1.6544,32,574.43416,56.0916,0.1,10,13,2023,15.5,286,420,50,0.06162,50,0.03474,0.11561,0.63917,0.0302498181818182,0.155237124763812,1.01999543848563,0.7171066836,0.956118633510006,24.7212880459616
"1920","2024-10-14",2,15.097,76.2525,4.07513,31.9,768.47858,994.852,0,10,14,2023,9,287,420,50,0.81995,50,0.23999,0.09873,0.68464,0.402520909090909,0.650739380603923,8.83799418943954,0.7327806501,0.451183296342984,109.348496051646
"1921","2024-10-14",2,14.964,79.1094,3.55432,31.9,941.6078,1280.79,0,10,14,2023,10,287,420,50,0.9301,50,0.31286,0.10905,0.66562,0.456594545454545,0.646116480596491,10.1414059563365,0.7323905744,0.358928526803028,99.6202172977984
"1922","2024-10-14",2,15.078,79.9443,3.4374,31.9,1044.11708,979.547,0,10,14,2023,11,287,420,50,0.77923,50,0.22243,0.11927,0.65948,0.382531090909091,0.600635523972707,6.53147404992873,0.7327273076,0.456741542769245,81.7842186619647
"1923","2024-10-14",2,15.626,70.6222,5.21544,31.8,1069.02058,870.272,0,10,14,2023,12,287,420,50,0.72137,50,0.14025,0.12161,0.65799,0.354127090909091,0.438459635875191,4.02995603897157,0.7339469364,0.498467144738516,55.4157537258844
"1924","2024-10-14",2,15.429,65.3148,6.08038,31.8,1051.62753,791.173,0,10,14,2023,12.5,287,420,50,0.67825,50,0.11395,0.12412,0.65717,0.332959090909091,0.364574648912427,3.20403850021965,0.7335845549,0.531029130259048,46.8497040274951
"1925","2024-10-14",2,16.101,58.2229,7.64541,31.8,958.63472,1264.81,0,10,14,2023,13.5,287,420,50,0.89611,50,0.30539,0.13388,0.66847,0.439908545454545,0.583236640412653,8.09782642691971,0.7344695789,0.363546524437195,81.4306663952673
"1926","2024-10-14",2,17.059,54.8323,8.78505,31.8,884.62609,1061.06,0,10,14,2023,14,287,420,50,0.80055,50,0.32144,0.145,0.66897,0.392997272727273,0.614240716307146,7.87564248770002,0.7340135709,0.427907597671303,92.9994973654903
"1927","2024-10-14",2,15.036,77.1024,3.91389,31.7,437.83269,172.202,0,10,14,2023,16,287,420,50,0.16752,50,0.06787,0.17192,0.6799,0.0822370909090909,0.194017142771581,1.42542352390124,0.7326065744,0.871306386430133,34.0278810243505
"1928","2024-10-14",2,15.075,74.1418,4.43105,31.7,298.01705,129.582,0,10,14,2023,16.5,287,420,50,0.12015,50,0.04507,0.18332,0.68252,0.0589827272727273,0.104357280646411,0.89112889392981,0.7327188125,0.9015267175553,22.0235881716396
"1929","2024-10-15",2,17.87,68.3478,6.47977,31.3,1039.35405,1436.46,0,10,15,2023,11,288,420,50,0.97805,50,0.36768,0.11064,0.66533,0.480133636363636,0.696852911696362,11.7420082221808,0.73204941,0.316900320793362,101.660147681119
"1930","2024-10-15",2,18.152,63.9245,7.5174,31.3,1061.5759,1500.53,0,10,15,2023,11.5,288,420,50,0.99612,50,0.42055,0.11518,0.66327,0.489004363636364,0.713230539747171,12.8611069982443,0.7310273856,0.301066532636271,105.236504584628
"1931","2024-10-15",2,18.255,54.7431,9.49179,31.3,1063.93456,1468.96,0,10,15,2023,12,288,420,50,0.98206,50,0.3893,0.11326,0.65827,0.482102181818182,0.682913467949251,12.0159840526236,0.7306104725,0.308767102457242,100.62260351002
"1932","2024-10-15",2,18.172,49.2709,10.5842,31.3,1046.38966,1452,0,10,15,2023,12.5,288,420,50,0.95886,50,0.4064,0.12127,0.66465,0.470713090909091,0.665457793908171,11.8288020640365,0.7309482576,0.312985004041584,100.580808137079
"1933","2024-10-15",2,17.715,51.4599,9.84049,31.3,1009.2414,1385.2,0,10,15,2023,13,288,420,50,0.94336,50,0.41698,0.12655,0.66696,0.463104,0.680696595278178,11.6707911621953,0.7325366525,0.330165907783299,105.535265843007
"1934","2024-10-15",2,18.515,40.2504,12.73728,31.2,788.13896,991.673,0,10,15,2023,14.5,288,420,50,0.71731,50,0.31607,0.15614,0.68171,0.352134,0.537402353059931,7.32851869311925,0.7294542525,0.45233220603656,89.3780878216877
"1935","2024-10-15",2,18.47,37.1028,13.37054,31.2,562.67388,677.723,0,10,15,2023,15.5,288,420,50,0.53846,50,0.27323,0.20442,0.70024,0.264334909090909,0.435389902575451,4.97049163758022,0.72966501,0.581480175272062,78.0109416172808
"1936","2024-10-15",2,18.137,42.3042,12.01131,31.1,431.92943,438.096,0,10,15,2023,16,288,420,50,0.39158,50,0.18996,0.25137,0.71025,0.192230181818182,0.290826901667125,2.85041038749335,0.7310861541,0.704352174526081,54.5824023955411
"1937","2024-10-15",2,17.794,49.947,10.19782,31.1,292.09522,214.33,0,10,15,2023,16.5,288,420,50,0.2068,50,0.1597,0.25011,0.70149,0.10152,0.277303097447099,2.378717009772,0.7322949204,0.842430594975555,54.815870956892
"1938","2024-10-16",2,18.896,33.2866,14.5647,30.8,854.64738,1128.15,0,10,16,2023,9.5,289,420,50,0.774,50,0.31542,0.09891,0.68106,0.379963636363636,0.581213396722005,11.534050098196,0.7274913024,0.40554639405433,124.873365003651
"1939","2024-10-16",2,18.994,32.2769,14.87585,30.7,932.69804,1253.74,0,10,16,2023,10,289,420,50,0.80761,50,0.34917,0.10361,0.67412,0.396463090909091,0.553267575497197,12.0647935610878,0.7269347604,0.366780390882587,117.802639459015
"1940","2024-10-16",2,19.199,32.3651,15.04755,30.7,993.01134,1352.87,0,10,16,2023,10.5,289,420,50,0.83138,50,0.34899,0.10687,0.6694,0.408132,0.518329974674874,11.6088798217614,0.7257022389,0.338816708741998,104.061800256948
"1941","2024-10-16",2,19.338,32.2974,15.19353,30.7,1034.55529,1434.28,0,10,16,2023,11,289,420,50,0.84636,50,0.37624,0.11055,0.66498,0.415485818181818,0.508098566415539,12.0188312157513,0.7248139316,0.317453477164978,100.494527709227
"1942","2024-10-16",2,18.776,30.9091,14.97111,30.7,1056.61908,1476.33,0,10,16,2023,11.5,289,420,50,0.85924,50,0.37937,0.11387,0.66281,0.421808727272727,0.502783649040182,11.7270870756896,0.7281440064,0.306951967896103,96.4137419204469
"1943","2024-10-16",2,19.143,35.6476,14.26739,30.6,1058.82518,1454.78,0,10,16,2023,12,289,420,50,0.86227,50,0.37695,0.11693,0.66043,0.423296181818182,0.548377479028507,11.3065999087082,0.7260481061,0.312289698858551,93.5795113923017
"1944","2024-10-16",2,19.06,37.852,13.70755,30.6,1041.13584,1422.52,0,10,16,2023,12.5,289,420,50,0.856,50,0.39499,0.12098,0.66166,0.420218181818182,0.584007472473574,11.4724146380224,0.72654804,0.320454172616839,97.6796423473127
"1945","2024-10-16",2,19.72,37.03,14.47086,30.6,1003.85374,1355.56,0,10,16,2023,13,289,420,50,0.81632,50,0.37,0.12654,0.66374,0.400738909090909,0.534421708477902,10.3066924931617,0.72215376,0.338088359170013,90.5679816261414
"1946","2024-10-16",2,19.385,38.0036,13.9537,30.6,947.61679,1263.04,0,10,16,2023,13.5,289,420,50,0.78708,50,0.36902,0.13367,0.66719,0.386384727272727,0.55186252016176,9.78166800787768,0.7245039525,0.364061670953456,93.6511820526758
"1947","2024-10-16",2,19.739,38.1699,14.22566,30.5,873.3872,1137.43,0,10,16,2023,14,289,420,50,0.72922,50,0.34109,0.14238,0.67122,0.357980727272727,0.520017260903151,8.5394975988383,0.7220130669,0.402546766021352,89.2831158223701
"1948","2024-10-16",2,19.803,39.5425,13.96517,30.5,782.43508,970.426,0,10,16,2023,14.5,289,420,50,0.65649,50,0.31395,0.1555,0.67752,0.322276909090909,0.505695463712777,7.26439829356316,0.7215333101,0.46008648329826,86.6008700354919
"1949","2024-10-16",2,19.321,40.6729,13.29986,30.5,676.31663,779.607,0,10,16,2023,15,289,420,50,0.56506,50,0.29401,0.1724,0.68344,0.277393090909091,0.500826334231149,6.18974371879748,0.7249248549,0.53596543871478,87.4281105711531
"1950","2024-10-16",2,19.074,41.6767,12.8752,30.5,556.84758,615.678,0,10,16,2023,15.5,289,420,50,0.47061,50,0.2416,0.20286,0.69654,0.231026727272727,0.402339755982592,4.40548781339119,0.7264647764,0.611070831109526,71.4968421571394
"1951","2024-10-16",2,18.847,42.7145,12.46821,30.5,426.07206,419.309,0,10,16,2023,16,289,420,50,0.34132,50,0.15484,0.24575,0.7057,0.167557090909091,0.2286021044613,2.361332733178,0.7277616501,0.715018258679141,45.1350764243699
"1952","2024-10-16",2,18.718,44.069,12.07566,30.5,286.2277,218.603,0,10,16,2023,16.5,289,420,50,0.18214,50,0.12729,0.24156,0.69674,0.0894141818181818,0.205120838930059,1.94978822625101,0.7284481236,0.839555746719822,43.9119580772344
"1953","2024-10-17",2,17.832,30.7573,14.14134,30.1,928.17857,1275.99,0,10,17,2023,10,290,420,50,0.79097,50,0.36318,0.10134,0.6699,0.388294363636364,0.596783162876623,12.7496550839855,0.7321737536,0.360309462044723,125.584235192514
"1954","2024-10-17",2,18.185,34.5176,13.6735,30.1,1029.72298,1464.34,0,10,17,2023,11,290,420,50,0.84871,50,0.41694,0.10857,0.6571,0.416639454545454,0.609618209651476,13.4011671862936,0.7308963525,0.309910417212078,112.801535164056
"1955","2024-10-17",2,18.406,36.5896,13.42569,30,1051.63468,1504.26,0,10,17,2023,11.5,290,420,50,0.86011,50,0.38605,0.11099,0.65541,0.422235818181818,0.58555979425239,12.1065444981354,0.7299570804,0.30016948915738,98.2316139226173
"1956","2024-10-17",2,18.245,36.7175,13.264,30,1053.69508,1484.04,0,10,17,2023,12,290,420,50,0.85035,50,0.40897,0.11459,0.65358,0.417444545454546,0.604365297201358,12.3877068649409,0.7306519725,0.305064515046594,102.513101985163
"1957","2024-10-17",2,18.52,37.5507,13.31697,30,1035.86892,1439.63,0,10,17,2023,12.5,290,420,50,0.82695,50,0.39199,0.11877,0.65528,0.405957272727273,0.590222676289152,11.4853062050363,0.72943056,0.31609767975883,97.8743966589798
"1958","2024-10-17",2,18.607,36.9349,13.52173,30,998.4612,1375.69,0,10,17,2023,13,290,420,50,0.79582,50,0.39556,0.12464,0.65832,0.390675272727273,0.582360368888291,11.0953092396696,0.7290095061,0.332687389564123,99.3012888588477
"1959","2024-10-17",2,18.811,38.8227,13.28535,30,942.112,1280.9,0,10,17,2023,13.5,290,420,50,0.75351,50,0.38038,0.13189,0.66176,0.369904909090909,0.57934926322176,10.1357001110181,0.7279569069,0.3588969424824,97.340030468637
"1960","2024-10-17",2,18.963,37.2292,13.76139,29.9,867.78546,1166.83,0,10,17,2023,14,290,420,50,0.69644,50,0.36649,0.14138,0.66656,0.341888727272727,0.54721936912943,9.17615696353528,0.7271130941,0.393189340771311,96.1350680477873
"1961","2024-10-17",2,18.95,34.559,14.33515,29.9,776.75332,1022.64,0,10,17,2023,14.5,290,420,50,0.62301,50,0.35368,0.15467,0.67258,0.305841272727273,0.507205263195749,8.1676251751458,0.72718725,0.441263974932953,96.0673617854707
"1962","2024-10-17",2,18.925,35.3687,14.13571,29.9,670.57318,853.452,0,10,17,2023,15,290,420,50,0.53345,50,0.32237,0.17485,0.68277,0.261875454545455,0.478886729184713,6.68514523827187,0.7273288125,0.505219848943046,90.0912876520658
"1963","2024-10-17",2,18.777,35.6549,13.94362,29.9,551.06179,670.709,0,10,17,2023,15.5,290,420,50,0.42927,50,0.27021,0.20715,0.69344,0.210732545454545,0.409598312645934,4.80366600137907,0.7281386981,0.584752148093508,75.2335144346101
"1964","2024-10-17",2,18.629,40.3062,12.81652,29.8,420.26405,476.796,0,10,17,2023,16,290,420,50,0.31045,50,0.20237,0.26099,0.70334,0.152402727272727,0.273933206029242,2.89624312066347,0.7289003949,0.682879542681429,53.1763370346895
"1965","2024-10-18",2,20.611,54.8839,10.95507,29.4,1048.54694,1429.92,0,10,18,2023,12,291,420,50,0.78895,50,0.34946,0.11601,0.65418,0.387302727272727,0.589778063219906,10.4651809526741,0.7147013469,0.318562688232863,83.5153929477077
"1966","2024-10-18",2,20.551,53.5019,11.24898,29.2,862.1999,1110.74,0,10,18,2023,14,291,420,50,0.63592,50,0.33766,0.14147,0.66467,0.312178909090909,0.574130241052028,8.42497796553646,0.7152580389,0.411234363298456,87.0300929234916
"1967","2024-10-18",2,20.444,54.2988,10.98348,29.2,771.09707,942.567,0,10,18,2023,14.5,291,420,50,0.55501,50,0.30456,0.15458,0.67027,0.272459454545455,0.529860446434785,7.01320891706937,0.7162311504,0.470455643330636,83.27678391232
"1968","2024-10-18",2,20.212,57.7454,10.01071,29.2,545.31997,614.545,0,10,18,2023,15.5,291,420,50,0.37443,50,0.243,0.2047,0.69037,0.183811090909091,0.38564975822589,4.35228950152673,0.7182545616,0.611624956802671,67.8616591125678
"1969","2024-10-18",2,19.848,58.7117,9.56389,29.2,414.50881,422.975,0,10,18,2023,16,291,420,50,0.26125,50,0.18571,0.25552,0.69997,0.12825,0.255418099300014,2.7017008040748,0.7211905856,0.712924325175059,49.822245778663
"1970","2024-10-18",2,19.554,58.5503,9.42772,29.2,274.66927,211.77,0,10,18,2023,16.5,291,420,50,0.12733,50,0.14789,0.23683,0.6856,0.0625074545454545,0.238358809989423,2.2736328567833,0.7233491924,0.84415766074576,50.1833860498054
"1971","2024-10-19",2,18.716,59.9256,8.6511,28.8,1019.96677,1363.17,0,10,19,2023,11,292,420,50,0.75072,50,0.27307,0.10995,0.65166,0.368535272727273,0.567887520771781,8.59502718312519,0.7284584784,0.336036329954305,77.4822176792734
"1972","2024-10-19",2,18.682,58.1725,9.01037,28.8,1041.59312,1147.9,0,10,19,2023,11.5,292,420,50,0.66444,50,0.25879,0.12331,0.64242,0.326179636363636,0.567417611916645,7.16004381182369,0.7286331636,0.399189115778678,76.7443714752198
"1973","2024-10-19",2,15.338,83.1441,2.93766,28.7,659.19413,146.794,0,10,19,2023,15,292,420,50,0.09896,50,0.04587,0.12,0.62217,0.0485803636363636,0.195333416248174,1.26300187196448,0.7333883316,0.889198129918418,30.8928074991738
"1974","2024-10-20",2,10.656,74.4187,3.28207,34.9,974.09476,1351.62,0,10,20,2023,10.5,293,420,50,0.74631,50,0.37867,0.10653,0.65386,0.366370363636364,0.600479933207817,12.3430127216091,0.6987106304,0.339155694915578,97.0809086555754
"1975","2024-10-20",2,10.934,72.5496,3.58767,34.9,1015.0476,1447.72,0,10,20,2023,11,293,420,50,0.77557,50,0.36349,0.10798,0.65053,0.380734363636364,0.564114881036412,11.6295767061935,0.7021164084,0.31405850147424,86.0868868449672
"1976","2024-10-20",2,11.727,67.7466,4.44295,34.8,1036.54111,1434.7,0,10,20,2023,11.5,293,420,50,0.76934,50,0.38226,0.11746,0.64772,0.377676,0.579327046934134,11.1944716288508,0.7108972181,0.317346830714257,87.3559134812698
"1977","2024-10-20",2,12.472,41.3882,8.48005,34.6,925.65258,1270.15,0,10,20,2023,13.5,293,420,50,0.68432,50,0.3551,0.13183,0.65497,0.335938909090909,0.549250108014592,9.36925938129832,0.7178861376,0.361996766325047,86.306020797334
"1978","2024-10-20",2,12.327,42.491,8.24158,34.5,851.09056,1145.18,0,10,20,2023,14,293,420,50,0.62663,50,0.35039,0.1411,0.65838,0.307618363636364,0.546351917033806,8.68257918460556,0.7166215781,0.400058697055921,87.8406564108555
"1979","2024-10-20",2,12.342,40.3259,8.5603,34.5,759.87457,1009.78,0,10,20,2023,14.5,293,420,50,0.56199,50,0.33955,0.16275,0.66309,0.275886,0.510777088320891,7.34687498316287,0.7167545396,0.44582713133551,82.8851329440037
"1980","2024-10-20",2,11.487,47.5721,7.10827,34.4,533.98185,273.32,0,10,20,2023,15.5,293,420,50,0.18071,50,0.07236,0.14938,0.65279,0.0887121818181818,0.210321171517983,1.67929513505553,0.7083857141,0.803598108361061,32.7813574970283
"1981","2024-10-20",2,11.264,51.619,6.46335,34.3,403.17021,383.898,0,10,20,2023,16,293,420,50,0.24812,50,0.15604,0.20701,0.67886,0.121804363636364,0.298141768338227,2.71751700204971,0.7059385344,0.735563505032283,47.9867364749286
"1982","2024-10-21",2,11.932,37.6903,8.70022,33.3,969.28504,1360.32,0,10,21,2023,10.5,294,420,50,0.74579,50,0.36001,0.10362,0.65348,0.366115090909091,0.597338514728838,12.0573178735227,0.7129421136,0.336803366876412,100.858364486607
"1983","2024-10-21",2,12.112,37.4185,8.84248,33.3,1010.10431,1445.52,0,10,21,2023,11,294,420,50,0.76939,50,0.36441,0.10734,0.64911,0.377700545454545,0.569759216501288,11.7029251912739,0.7146614016,0.31461173113613,92.2166081932488
"1984","2024-10-21",2,12.372,36.4962,9.12766,33.3,1031.47181,1478.3,0,10,21,2023,11.5,294,420,50,0.77707,50,0.36638,0.11052,0.64586,0.381470727272727,0.558290864849522,11.37042516378,0.7170189776,0.306468592594486,88.2949809492816
"1985","2024-10-21",2,12.747,34.5439,9.64274,33.2,1033.02193,1457.06,0,10,21,2023,12,294,420,50,0.76521,50,0.37063,0.1141,0.6444,0.375648545454545,0.559912197747108,11.1162393894685,0.7201573901,0.311720601622293,89.1737387916145
"1986","2024-10-21",2,13.119,36.3587,9.60646,33.2,1014.72816,1414.42,0,10,21,2023,12.5,294,420,50,0.74401,50,0.36678,0.11876,0.64656,0.365241272727273,0.564754815961544,10.6045373043,0.7229650229,0.322537458210893,89.2595237832906
"1987","2024-10-21",2,13.651,39.8359,9.40218,33.2,976.90351,1349.39,0,10,21,2023,13,294,420,50,0.71531,50,0.35475,0.12438,0.64948,0.351152181818182,0.568690292916565,9.8375072969071,0.7264512189,0.339761288704351,88.7627268535342
"1988","2024-10-21",2,13.768,41.4774,9.21552,33.1,920.19515,1253,0,10,21,2023,13.5,294,420,50,0.67271,50,0.36209,0.13216,0.65313,0.330239454545455,0.580891807135271,9.5030620998197,0.7271343936,0.366997589158336,92.937859946559
"1989","2024-10-21",2,12.963,49.5381,7.53976,32.9,397.59353,381.517,0,10,21,2023,16,294,420,50,0.22632,50,0.16211,0.24091,0.69066,0.111102545454545,0.282780109020536,2.46812252914654,0.7218246941,0.736965941653273,47.1984020285568
"1990","2024-10-22",2,13.089,44.9397,8.2949,32.3,905.00875,1230.81,0,10,22,2023,10,295,420,50,0.70212,50,0.27273,0.09633,0.66406,0.344677090909091,0.589596729814528,9.98449507539497,0.7227498869,0.373570700682564,97.2333423089421
"1991","2024-10-24",2,18.905,55.4225,9.73752,30.6,511.98164,535.986,0,10,24,2023,15.5,297,420,50,0.39243,50,0.14761,0.20878,0.67612,0.192647454545455,0.241739756381379,2.53862237552912,0.7274410725,0.651297468681736,44.1280666673651
"1992","2024-10-24",2,18.684,55.8747,9.50655,30.6,381.27306,345.827,0,10,24,2023,16,297,420,50,0.26977,50,0.11586,0.23353,0.68045,0.132432545454545,0.180351643170358,1.79281095415022,0.7286229584,0.758311066161366,36.5015778927284
"1993","2024-10-24",2,18.827,55.5119,9.67076,30.6,241.6444,150.252,0,10,24,2023,16.5,297,420,50,0.11648,50,0.11652,0.18732,0.66051,0.0571810909090909,0.247802925928371,2.18194177773366,0.7278704781,0.886741651579263,51.7509959993631
"1994","2024-10-25",2,17.438,58.3103,8.3053,30.2,491.83844,298.989,0,10,25,2023,8,298,420,50,0.2874,50,0.07584,0.11038,0.62383,0.141087272727273,0.267529794381381,2.27625873087931,0.7332757716,0.787264343039197,49.265974128064
"1995","2024-10-25",2,17.576,59.3678,8.16545,30.2,612.7778,296.107,0,10,25,2023,8.5,298,420,50,0.27806,50,0.07934,0.11641,0.61724,0.136502181818182,0.281249769024434,2.23410408847475,0.7329286464,0.789081553784062,48.3793114673822
"1996","2024-10-25",2,18.362,60.6247,8.31385,30.2,813.94117,413.018,0,10,25,2023,9.5,298,420,50,0.36172,50,0.09741,0.11817,0.62061,0.177571636363636,0.340325051851704,2.71683029173928,0.7301526516,0.718625873157703,52.8275989269762
"1997","2024-10-25",2,17.819,64.3376,7.27732,30.2,890.72321,341.214,0,10,25,2023,10,298,420,50,0.30546,50,0.09461,0.12038,0.61335,0.149953090909091,0.364093489258149,2.55999140350369,0.7322155629,0.761114707416861,53.2773043670821
"1998","2024-10-25",2,17.876,65.5504,7.05511,30.2,949.79361,485.638,0,10,25,2023,10.5,298,420,50,0.40955,50,0.11053,0.11942,0.61678,0.201051818181818,0.397451959685898,3.03166227562777,0.7320294864,0.678066169955046,56.1557798876813
"1999","2024-10-25",2,18.128,64.3384,7.41996,30.2,990.14166,567.733,0,10,25,2023,11,298,420,50,0.46234,50,0.13346,0.11864,0.61759,0.226966909090909,0.462046776838699,3.68950133339701,0.7311211776,0.634964364856728,63.7015193407776
"2000","2024-10-25",2,17.974,65.4291,7.12373,30.1,1011.07699,565.471,0,10,25,2023,11.5,298,420,50,0.4618,50,0.12685,0.12,0.61738,0.226701818181818,0.441563370342375,3.46584563475463,0.7316928564,0.636114436642484,60.1230559615251
"2001","2024-10-25",2,18.054,68.3916,6.54612,30.1,1012.2414,604.516,0,10,25,2023,12,298,420,50,0.48536,50,0.13528,0.12053,0.6199,0.238267636363636,0.458795227906522,3.69494100130401,0.7314023924,0.616551884590054,62.0342269105985
"2002","2024-10-25",2,18.131,66.3895,6.99451,30.1,993.61497,565.488,0,10,25,2023,12.5,298,420,50,0.46309,50,0.13341,0.12106,0.61877,0.227335090909091,0.45995968952809,3.62129911035872,0.7311095229,0.636105785544973,62.6326464533022
"2003","2024-10-25",2,18.13,67.215,6.82229,30.1,955.51638,560.354,0,10,25,2023,13,298,420,50,0.46102,50,0.13176,0.12193,0.61981,0.226318909090909,0.448008823293668,3.55696035815026,0.73111341,0.638723771843773,61.7742827003428
"2004","2024-10-25",2,17.793,71.2362,5.85998,30.1,823.83232,405.735,0,10,25,2023,14,298,420,50,0.35899,50,0.10157,0.12188,0.61821,0.176231454545455,0.371905649029774,2.73600235306931,0.7322980661,0.722825096242537,54.0986051855834
"2005","2024-10-25",2,17.412,71.9337,5.58211,30.1,732.49998,235.514,0,10,25,2023,14.5,298,420,50,0.2243,50,0.0654,0.12061,0.61421,0.110110909090909,0.259316062753185,1.76871861925442,0.7333364816,0.828274050908807,40.2877013239932
"2006","2024-10-25",2,17.15,71.6665,5.54267,30.1,626.16325,182.447,0,10,25,2023,15,298,420,50,0.18007,50,0.05031,0.12109,0.61136,0.088398,0.190609995463326,1.34893335108264,0.73386525,0.864194344248043,32.1452383378468
"2007","2024-10-25",2,16.935,73.1329,5.18471,30,506.64158,165.04,0,10,25,2023,15.5,298,420,50,0.1667,50,0.03525,0.12186,0.6125,0.0818345454545455,0.117158115934253,0.940917344927068,0.7341863525,0.876312952616213,22.7740221030838
"2008","2024-10-25",2,16.854,69.4047,5.87391,30,375.98001,133.867,0,10,25,2023,16,298,420,50,0.13971,50,0.03631,0.12243,0.61236,0.0685849090909091,0.11512417049284,0.964478714920313,0.7342809524,0.898441574923165,23.9453981980205
"2009","2024-10-25",2,16.992,69.7454,5.85955,30,236.41421,76.0443,0,10,25,2023,16.5,298,420,50,0.08175,50,0.04209,0.12157,0.61296,0.0401318181818182,0.134505321823577,1.12702117936166,0.7341111296,0.94097807438779,29.2801455311877
"2010","2024-10-26",2,17.811,56.9983,8.77057,29.8,809.24847,1093.76,0,10,26,2023,9.5,299,420,50,0.73769,50,0.23842,0.09605,0.65519,0.362138727272727,0.608803867135046,8.63694210714515,0.7322411069,0.41685868479569,98.4598261020689
"2011","2024-10-26",2,18.605,51.0801,10.48755,29.8,885.911,1207.94,0,10,26,2023,10,299,420,50,0.7722,50,0.28498,0.10076,0.65068,0.37908,0.623710000716677,9.7732974147879,0.7290193725,0.380468458496778,100.03698612182
"2012","2024-10-26",2,19.071,49.7524,11.09037,29.7,944.87013,1308.4,0,10,26,2023,10.5,299,420,50,0.79885,50,0.27943,0.10396,0.64527,0.392162727272727,0.584450970526678,9.21076427954261,0.7264826549,0.351087429373143,85.8917250909789
"2013","2024-10-26",2,19.354,48.9401,11.47006,29.7,985.11707,1391.53,0,10,26,2023,11,299,420,50,0.81883,50,0.28662,0.10773,0.6405,0.401971090909091,0.540490910882837,9.0497462031212,0.7247089524,0.328498173892455,78.2601898630575
"2014","2024-10-26",2,19.76,48.876,11.77777,29.7,1005.96317,1417.49,0,10,26,2023,11.5,299,420,50,0.82244,50,0.29433,0.11159,0.63866,0.403743272727273,0.513643677329276,8.94594869871941,0.72185664,0.3217462781803,74.700273902658
"2015","2024-10-26",2,20.079,49.5244,11.86045,29.7,1007.05175,1389.12,0,10,26,2023,12,299,420,50,0.8106,50,0.26129,0.11606,0.63784,0.397930909090909,0.435754288305075,7.62604577144351,0.7193611349,0.329132129308363,64.338190456336
"2016","2024-10-26",2,20.405,54.2019,10.98031,29.7,988.36419,1322.52,0,10,26,2023,12.5,299,420,50,0.78867,50,0.2588,0.12546,0.64004,0.387165272727273,0.415146636306409,7.01154198904198,0.7165795725,0.3471438609783,61.5398315916912
"2017","2024-10-26",2,20.819,55.5965,10.92098,29.7,950.22023,1048.84,0,10,26,2023,13,299,420,50,0.69147,50,0.23855,0.1204,0.64172,0.339448909090909,0.485375911568385,6.75221002882186,0.7127101629,0.432111336743435,72.3826187862544
"2018","2024-10-26",2,19.997,56.7412,10.11324,29.6,893.27253,810.953,0,10,26,2023,13.5,299,420,50,0.58471,50,0.22091,0.13078,0.64357,0.287039454545454,0.5267587533781,5.77320883728937,0.7200239901,0.522692260576004,77.604960857056
"2019","2024-10-26",2,19.706,53.2919,10.72446,29.6,727.16853,737.549,0,10,26,2023,14.5,299,420,50,0.5409,50,0.20707,0.1567,0.65379,0.265532727272727,0.412483151227097,4.58811076989206,0.7222569204,0.554305555530841,66.1350354901852
"2020","2024-10-26",2,19.79,49.3882,11.68148,29.6,620.85432,744.959,0,10,26,2023,15,299,420,50,0.53877,50,0.24136,0.17768,0.66301,0.264487090909091,0.400802408945666,4.78293263669675,0.72163149,0.551029352457695,68.3225975560777
"2021","2024-10-26",2,19.525,42.6521,13.02028,29.6,501.37191,382.424,0,10,26,2023,15.5,299,420,50,0.3283,50,0.10144,0.17682,0.6588,0.161165454545455,0.195261759383806,2.00714560430968,0.7235518125,0.736431393123669,38.6871788461698
"2022","2024-10-27",2,16.654,51.4216,9.20874,29.2,603.87043,332.674,0,10,27,2023,8.5,300,420,50,0.31206,50,0.08395,0.11504,0.61521,0.153193090909091,0.297618570541934,2.38419980113105,0.7344527124,0.766332446599634,50.5337852890528
"2023","2024-10-27",2,16.877,55.0078,8.65054,29.2,711.59714,372.899,0,10,27,2023,9,300,420,50,0.34013,50,0.09193,0.11623,0.61145,0.166972909090909,0.330700372104491,2.56830977965553,0.7342555581,0.742064434972141,52.6589355292283
"2024","2024-10-27",2,17.766,38.954,12.41563,29.2,804.5296,522.497,0,10,27,2023,9.5,300,420,50,0.44578,50,0.10339,0.11485,0.61842,0.218837454545455,0.329723543855892,2.95650417122673,0.7323821684,0.658363808496071,53.2680942251422
"2025","2024-10-27",2,17.972,41.133,12.1287,29.1,881.07769,585.476,0,10,27,2023,10,300,420,50,0.48369,50,0.10467,0.11556,0.61659,0.237447818181818,0.325181619155419,2.96591432627496,0.7316999376,0.62601509171607,50.6355637142714
"2026","2024-10-27",2,18.159,41.7464,12.1442,29.1,939.93166,670.215,0,10,27,2023,10.5,300,420,50,0.52941,50,0.13021,0.11627,0.61594,0.259892181818182,0.388354435383377,3.66321584445682,0.7309997909,0.584983287812634,58.2331929304134
"2027","2024-10-27",2,18.158,49.6659,10.49255,29.1,980.0845,667.786,0,10,27,2023,11,300,420,50,0.52672,50,0.12031,0.11761,0.6166,0.258571636363636,0.369887390773127,3.34971941977585,0.7310037396,0.586121132509375,53.3542681764277
"2028","2024-10-27",2,18.507,40.4481,12.68878,29.1,1000.84919,935.315,0,10,27,2023,11.5,300,420,50,0.65839,50,0.19975,0.11681,0.61863,0.323209636363636,0.490672453239013,5.61804449968562,0.7294920461,0.473192971554822,71.6908916200861
"2029","2024-10-27",2,18.106,36.8611,13.1189,29.1,1001.87043,680.421,0,10,27,2023,12,300,420,50,0.53602,50,0.09934,0.11864,0.62107,0.263137090909091,0.288376521934528,2.76172863651364,0.7312060404,0.580226461955887,43.5911975371293
"2030","2024-10-27",2,17.805,42.354,11.75296,29,983.13076,506.911,0,10,27,2023,12.5,300,420,50,0.4309,50,0.09634,0.12082,0.61546,0.211532727272727,0.326533652243106,2.60624402655587,0.7322601725,0.666624206757633,47.5169537891674
"2031","2024-10-27",2,18.545,37.5227,13.34381,29,944.95081,686.938,0,10,27,2023,13,300,420,50,0.53686,50,0.12671,0.12315,0.61916,0.263549454545455,0.342566449726582,3.38319320714268,0.7293112725,0.577209265336337,52.6141852585138
"2032","2024-10-27",2,18.586,38.183,13.23671,29,887.98385,515.768,0,10,27,2023,13.5,300,420,50,0.434,50,0.1078,0.12214,0.61551,0.213054545454545,0.327928914355708,2.88498388896456,0.7291126644,0.661917469000839,51.3988231584767
"2033","2024-10-27",2,17.71,59.0319,8.30281,29,813.2046,318.525,0,10,27,2023,14,300,420,50,0.28975,50,0.08087,0.12079,0.60944,0.142240909090909,0.306472671610865,2.16687994951145,0.73255149,0.775055995485115,46.0008550669375
"2034","2024-10-27",2,17.422,62.5972,7.44375,29,721.89257,311.295,0,10,27,2023,14.5,300,420,50,0.28414,50,0.09092,0.12065,0.61117,0.139486909090909,0.344094247715782,2.44591614015715,0.7333133076,0.77955190901082,52.4293922565606
"2035","2024-10-27",2,17.26,61.2706,7.62925,29,615.61011,303.076,0,10,27,2023,15,300,420,50,0.27782,50,0.07122,0.12565,0.61423,0.136384363636364,0.241713003112411,1.84891920915107,0.73366164,0.784694507000508,39.9650755303393
"2036","2024-10-27",2,17.31,64.0222,7.10966,29,496.17575,207.599,0,10,27,2023,15.5,300,420,50,0.1991,50,0.04576,0.12164,0.61063,0.09774,0.151438899249865,1.21993074136589,0.73356029,0.84697915078419,28.4475426015345
"2037","2024-10-27",2,16.765,68.4836,6.01666,28.9,365.63306,178.148,0,10,27,2023,16,300,420,50,0.17356,50,0.0434,0.12805,0.61724,0.0852021818181818,0.131658959946603,1.11099381998004,0.7343682525,0.867171598188053,26.6348713050277
"2038","2024-10-27",2,16.528,68.388,5.9447,28.9,226.21564,92.663,0,10,27,2023,16.5,300,420,50,0.09037,50,0.04662,0.12833,0.62048,0.0443634545454545,0.14461693092117,1.19706930858617,0.7345157376,0.928550602947708,30.7529793155198
"2039","2024-11-16",2,4.076,45.561,4.45105,36.3,882.48257,1223.93,0,11,16,2023,11,320,420,50,0.67142,50,0.32034,0.11308,0.63895,0.329606181818182,0.324730230051181,9.612573637239,0.5684608464,0.375632502693235,47.5645284428561
"2040","2024-11-16",2,4.064,43.5801,4.60912,36.2,903.38892,1254.93,0,11,16,2023,11.5,320,420,50,0.67432,50,0.31427,0.1157,0.63937,0.331029818181818,0.313724006297443,9.22293727948099,0.5681362944,0.366431382105004,44.4598244251219
"2041","2024-11-16",2,4.215,46.8741,4.38634,36.2,904.92998,1242.68,0,11,16,2023,12,320,420,50,0.67082,50,0.30238,0.11943,0.64074,0.329311636363636,0.308792576288343,8.61527016811465,0.5721971525,0.370040063306086,42.6402428033642
"2042","2024-11-16",2,4.284,47.5073,4.35512,36.1,887.0794,1207.01,0,11,16,2023,12.5,320,420,50,0.66386,50,0.30596,0.12418,0.64385,0.325894909090909,0.311369601960565,8.42451932030191,0.5740360784,0.380751632357513,43.2268189100474
"2043","2024-11-16",2,4.402,47.1022,4.42522,36.1,850.1426,1128.03,0,11,16,2023,13,320,420,50,0.64941,50,0.29035,0.13016,0.6477,0.318801272727273,0.306258019111199,7.67300747584279,0.5771566356,0.405585328376976,42.4778015128613
"2044","2024-11-16",2,4.508,48.1326,4.37139,36,794.75158,1036.56,0,11,16,2023,13.5,320,420,50,0.63184,50,0.29408,0.13791,0.64953,0.310176,0.310751045967642,7.3555707955374,0.5799337296,0.436377318709569,44.3138115990469
"2045","2024-11-16",2,4.816,48.0513,4.47367,35.9,721.8541,916.623,0,11,16,2023,14,320,420,50,0.60564,50,0.2637,0.14981,0.65229,0.297314181818182,0.294936264496716,6.09757962436427,0.5878627584,0.480322080048055,41.7757369206545
"2046","2024-11-16",2,4.823,48.3528,4.44988,35.9,632.69745,773.267,0,11,16,2023,14.5,320,420,50,0.56699,50,0.25051,0.16751,0.65668,0.278340545454546,0.278932449650864,5.21537512995261,0.5880405381,0.538690760994794,40.103092399904
"2047","2024-11-16",2,4.816,46.4895,4.60816,35.8,528.80713,630.529,0,11,16,2023,15,320,420,50,0.51864,50,0.22142,0.1932,0.66398,0.254605090909091,0.243569908833634,4.04121686002791,0.5878627584,0.603853777854873,34.8079167806927
"2048","2024-11-16",2,4.398,48.2677,4.32651,35.7,284.15751,269.012,0,11,16,2023,16,320,420,50,0.31826,50,0.1568,0.21086,0.64683,0.156236727272727,0.176472615559194,2.55440316891299,0.5770513556,0.806372406806782,28.1029513029043
"2049","2024-11-17",2,5.138,51.8204,4.24342,34.9,506.48868,624.28,0,11,17,2023,8.5,321,420,50,0.55628,50,0.24593,0.09338,0.67042,0.273082909090909,0.465349552260035,9.37674349263649,0.5959290516,0.606880122008107,83.925102295173
"2050","2024-11-17",2,5.358,50.9191,4.38956,34.8,612.53231,784.15,0,11,17,2023,9,321,420,50,0.59883,50,0.24621,0.09881,0.66395,0.293971090909091,0.410497332398621,8.78592715021289,0.6013090196,0.534021061387045,70.7631718270026
"2051","2024-11-17",2,5.206,54.4006,4.03525,34.8,704.13363,927.835,0,11,17,2023,9.5,321,420,50,0.62961,50,0.28301,0.1036,0.65708,0.309081272727273,0.403242948190409,9.53251962943955,0.5976033204,0.476033047328479,67.3912365344926
"2052","2024-11-17",2,5.255,54.0581,4.07946,34.8,779.72532,1046.67,0,11,17,2023,10,321,420,50,0.65131,50,0.29086,0.10642,0.65344,0.319734,0.382887875269309,9.48448808118652,0.5988034725,0.432862133527074,61.2760321837468
"2053","2024-11-17",2,5.834,56.684,4.0042,34.7,838.01399,1140.65,0,11,17,2023,10.5,321,420,50,0.66576,50,0.2966,0.10968,0.64806,0.326827636363636,0.383272517440912,9.30692802281257,0.6125848884,0.401511140011064,59.0872362666444
"2054","2024-11-17",2,6.311,58.6178,3.9538,34.7,878.0023,1217.54,0,11,17,2023,11,321,420,50,0.67622,50,0.27209,0.11254,0.64415,0.331962545454546,0.359671714414493,8.27065899242663,0.6233844069,0.377557652537585,51.6869647522594
"2055","2024-11-17",2,7.063,57.679,4.25834,34.7,899.00605,1236.78,0,11,17,2023,11.5,321,420,50,0.67746,50,0.29089,0.11569,0.64374,0.332571272727273,0.390001118745585,8.59589100595246,0.6393934341,0.371790780848025,56.6661959129851
"2056","2024-11-17",2,7.377,52.9739,4.83471,34.6,900.66585,1219.91,0,11,17,2023,12,321,420,50,0.6726,50,0.26854,0.11896,0.64302,0.330185454545455,0.377027974989531,7.70867869073862,0.6457098581,0.376842481424831,52.9441703826988
"2057","2024-11-17",2,7.476,50.9062,5.0816,34.6,882.9533,1184.69,0,11,17,2023,12.5,321,420,50,0.66345,50,0.28281,0.12331,0.64487,0.325693636363636,0.389165736342325,7.8544552823696,0.6476563664,0.387611395206541,55.9616895477467
"2058","2024-11-17",2,7.428,54.1095,4.73446,34.6,846.17146,1117.57,0,11,17,2023,13,321,420,50,0.6481,50,0.28148,0.12926,0.64816,0.318158181818182,0.387396049887269,7.49571473904495,0.6467152976,0.408993506333738,56.1200132257554
"2059","2024-11-17",2,7.935,51.7,5.15858,34.5,790.9497,1039.85,0,11,17,2023,13.5,321,420,50,0.62898,50,0.26445,0.1374,0.64975,0.308772,0.381112120657577,6.64126118962773,0.6563993525,0.435230283766876,55.2184024173207
"2060","2024-11-17",2,7.966,50.6799,5.27867,34.5,718.23286,916.931,0,11,17,2023,14,321,420,50,0.59593,50,0.27263,0.14925,0.65172,0.292547454545454,0.385716883028269,6.32219353668638,0.6569731284,0.480203743267221,58.1450557620518
"2061","2024-11-17",2,8.212,47.5478,5.70867,34.5,629.26515,778.139,0,11,17,2023,14.5,321,420,50,0.5515,50,0.24434,0.16705,0.65585,0.270736363636364,0.355024295194115,5.09448216625546,0.6614513616,0.53659524627662,53.4101392843336
"2062","2024-11-17",2,8.237,46.9895,5.77925,34.4,525.56884,609.18,0,11,17,2023,15,321,420,50,0.48501,50,0.19157,0.19242,0.66292,0.238095818181818,0.291261354933606,3.50498242357895,0.6618990141,0.614255692637915,42.1483260992014
"2063","2024-11-17",2,7.599,49.4417,5.27738,34.4,408.91819,431.312,0,11,17,2023,15.5,321,420,50,0.39509,50,0.15712,0.22281,0.66114,0.193953272727273,0.211640030175976,2.47592599239199,0.6500447189,0.708185226609421,32.569808452832
"2064","2024-11-17",2,7.49,50.8759,5.0896,34.4,281.30913,252.392,0,11,17,2023,16,321,420,50,0.27258,50,0.15616,0.20781,0.64234,0.133812,0.236999423328753,2.56339633580723,0.64792989,0.817165527993889,38.5500242874055
"2065","2024-11-18",2,9.042,38.1708,7.11853,33.8,607.9343,805.132,0,11,18,2023,9,322,420,50,0.57841,50,0.24871,0.0964,0.66744,0.283946727272727,0.545478757911689,9.14483508628828,0.6755784596,0.525132010199088,100.002413605254
"2066","2024-11-18",2,9.372,39.0955,7.16988,33.8,699.54207,947.784,0,11,18,2023,9.5,322,420,50,0.62165,50,0.27936,0.10118,0.66071,0.305173636363636,0.541603439564133,9.68786014818343,0.6807741776,0.468496241381842,96.7919036753921
"2067","2024-11-18",2,9.415,39.0945,7.19078,33.8,775.16631,1062.24,0,11,18,2023,10,322,420,50,0.65125,50,0.27679,0.10435,0.65606,0.319704545454545,0.49716755580489,9.24163763320249,0.6814335525,0.427503843501053,84.5108442878759
"2068","2024-11-18",2,8.995,38.2676,7.08486,33.7,833.51307,1161.86,0,11,18,2023,10.5,322,420,50,0.67524,50,0.29467,0.10777,0.65053,0.331481454545455,0.471679741495174,9.44610575520895,0.6748189725,0.394755773595082,77.3826109971477
"2069","2024-11-18",2,9.181,37.1285,7.30676,33.7,873.58401,1252.71,0,11,18,2023,11,322,420,50,0.6948,50,0.30052,0.11146,0.64479,0.341083636363636,0.45228569869464,9.23251599445462,0.6777961629,0.367082742476423,71.2939101019599
"2070","2024-11-18",2,9.108,41.62526,6.75082,33.7,894.69352,1252.4,0,11,18,2023,11.5,322,420,50,0.69175,50,0.28595,0.11481,0.64319,0.339586363636364,0.434568881223035,8.5074048675134,0.6766367696,0.367173790286019,65.3632643826152
"2071","2024-11-18",2,9.035,46.6758,6.13643,33.7,896.4804,1252.09,0,11,18,2023,12,322,420,50,0.68861,50,0.30973,0.11858,0.64278,0.338044909090909,0.450157805660518,8.91623724300988,0.6754656525,0.367264860678272,68.1559217623819
"2072","2024-11-18",2,9.238,45.249,6.38752,33.6,878.91407,1215.77,0,11,18,2023,12.5,322,420,50,0.67614,50,0.30348,0.12308,0.64486,0.331923272727273,0.447035198027227,8.44414069008814,0.6786932916,0.378092652864418,67.4384317233085
"2073","2024-11-18",2,9.455,46.0173,6.39063,33.6,842.29511,1137.67,0,11,18,2023,13,322,420,50,0.65063,50,0.31145,0.12985,0.64895,0.319400181818182,0.462218339754375,8.26618368942029,0.6820432725,0.402469484461543,71.364449550229
"2074","2024-11-18",2,9.674,46.2666,6.45549,33.5,787.25007,1031.34,0,11,18,2023,13.5,322,420,50,0.61459,50,0.28725,0.13698,0.65025,0.301707818181818,0.448583391801615,7.24153560243758,0.6853190964,0.43820344068137,69.1080913182448
"2075","2024-11-18",2,9.85,45.3017,6.64953,33.5,714.72079,926.775,0,11,18,2023,14,322,420,50,0.57451,50,0.27998,0.14972,0.65165,0.282032181818182,0.435808661464272,6.4715606284722,0.68787525,0.476436894559639,67.951005189581
"2076","2024-11-18",2,10.121,44.5422,6.86542,33.5,625.94827,796.718,0,11,18,2023,14.5,322,420,50,0.51871,50,0.25654,0.16943,0.65663,0.254639454545455,0.402664271878299,5.27998798447075,0.6916778949,0.528678702141112,62.621574556418
"2077","2024-11-18",2,9.912,45.3963,6.66569,33.5,522.45142,639.077,0,11,18,2023,15,322,420,50,0.44124,50,0.20072,0.19665,0.66334,0.216608727272727,0.322104399778005,3.59567406695296,0.6887594816,0.599738471273891,47.7214561034131
"2078","2024-11-18",2,9.483,43.9232,6.65106,33.4,406.00111,457.159,0,11,18,2023,15.5,322,420,50,0.34082,50,0.17265,0.2333,0.66108,0.167311636363636,0.246338729899202,2.5980846448341,0.6824679821,0.693692014581456,38.7359979679237
"2079","2024-11-18",2,9.364,44.6251,6.5154,33.4,278.58984,260.263,0,11,18,2023,16,322,420,50,0.20865,50,0.18313,0.2204,0.6373,0.102428181818182,0.28849476810615,2.81215502041236,0.6806510544,0.81203616632761,48.6713805205823
"2080","2024-11-19",2,11.327,45.1679,7.35584,32.9,770.65638,1050.4,0,11,19,2023,10,323,420,50,0.64471,50,0.26616,0.10413,0.65246,0.316494,0.540372831044928,8.85662476680173,0.7066409781,0.431572398162804,92.070664090929
"2081","2024-11-19",2,11.327,45.8706,7.26157,32.9,829.06916,1148.11,0,11,19,2023,10.5,323,420,50,0.67068,50,0.27337,0.10734,0.64711,0.329242909090909,0.516844558195855,8.75215109947634,0.7066409781,0.399122057640268,84.1433708750123
"2082","2024-11-19",2,11.944,46.4916,7.47722,32.9,869.23091,1227.86,0,11,19,2023,11,323,420,50,0.68972,50,0.26858,0.11071,0.64141,0.338589818181818,0.498237236453303,8.26361317039344,0.7130589504,0.37445336867473,76.8954201268632
"2083","2024-11-19",2,12.532,47.5607,7.61696,32.9,890.45445,1258.91,0,11,19,2023,11.5,323,420,50,0.69467,50,0.28425,0.11411,0.64021,0.341019818181818,0.516364486783999,8.46928320115931,0.7183958736,0.365266520028907,78.9189570373227
"2084","2024-11-19",2,13.191,46.1769,8.16274,32.8,892.37664,1248.67,0,11,19,2023,12,323,420,50,0.68802,50,0.27159,0.1176,0.63967,0.337755272727273,0.507998158616968,7.84530568860341,0.7234732709,0.368271073208145,75.5897400205424
"2085","2024-11-19",2,12.94,47.3229,7.85891,32.8,874.96458,1208.81,0,11,19,2023,12.5,323,420,50,0.67184,50,0.291,0.12229,0.64177,0.329812363636364,0.523966202848696,8.11015005501116,0.72165204,0.380203744580793,79.9438538483258
"2086","2024-11-19",2,12.715,47.9554,7.65094,32.8,838.51621,1143.23,0,11,19,2023,13,323,420,50,0.64744,50,0.28692,0.1288,0.64568,0.317834181818182,0.513916118660891,7.63852892082453,0.7199016525,0.400683275667981,78.6635545179526
"2087","2024-11-19",2,12.913,48.9776,7.5986,32.8,783.65517,1050.64,0,11,19,2023,13.5,323,420,50,0.61348,50,0.2759,0.13751,0.64741,0.301162909090909,0.502489826862345,6.89833459665016,0.7214478741,0.43148954421659,77.0926567801614
"2088","2024-11-19",2,13.783,48.1104,8.179,32.7,711.32014,929.808,0,11,19,2023,14,323,420,50,0.56475,50,0.25807,0.1505,0.64915,0.277240909090909,0.486226144669963,5.91144314731669,0.7272198021,0.475282269436359,74.9027885455604
"2089","2024-11-19",2,13.473,48.3725,7.97514,32.7,622.74879,790.09,0,11,19,2023,14.5,323,420,50,0.50268,50,0.25491,0.16946,0.65321,0.246770181818182,0.463825799432623,5.21819049610876,0.7253540981,0.531489413263309,73.2472785880499
"2090","2024-11-19",2,13.62,47.0443,8.25901,32.7,519.45661,627.113,0,11,19,2023,15,323,420,50,0.42108,50,0.18523,0.19585,0.6576,0.206712,0.339977420043547,3.30291189616061,0.72626516,0.605506246363552,53.0616500937191
"2091","2024-11-19",2,13.093,47.2985,7.94162,32.7,403.21096,456.976,0,11,19,2023,15.5,323,420,50,0.32508,50,0.157,0.23759,0.65444,0.159584727272727,0.248773772354366,2.29661800184681,0.7227786861,0.69379357852669,41.5429908772262
"2092","2024-11-19",2,12.6,49.7349,7.33382,32.6,276.00082,275.211,0,11,19,2023,16,323,420,50,0.20499,50,0.14183,0.2168,0.62415,0.100631454545455,0.253213291735667,2.16842913446687,0.718964,0.802383344222,44.5115100775714
"2093","2024-11-20",2,14.596,44.3695,9.24296,32.3,824.6855,1150.82,0,11,20,2023,10.5,324,420,50,0.65622,50,0.26983,0.10647,0.64262,0.322144363636364,0.565752494309773,8.64897518242046,0.7311084624,0.39825769832336,93.65554740808
"2094","2024-11-20",2,14.884,44.2393,9.43834,32.3,864.94617,1233.2,0,11,20,2023,11,324,420,50,0.67265,50,0.2654,0.11001,0.63685,0.33021,0.53420588460353,8.15930825398388,0.7321371984,0.372857115907295,83.1526018664885
"2095","2024-11-20",2,15.111,41.743,10.00605,32.2,886.29193,1263.9,0,11,20,2023,11.5,324,420,50,0.67056,50,0.26912,0.11368,0.63643,0.329184,0.523565023928961,8.00128953780749,0.7328194469,0.363811282667288,79.8414270741155
"2096","2024-11-20",2,14.827,42.8142,9.64406,32.2,888.35752,1252.79,0,11,20,2023,12,324,420,50,0.67115,50,0.28983,0.11733,0.63501,0.329473636363636,0.540853560759416,8.33033112231008,0.7319480781,0.367059249932674,83.4948688165292
"2097","2024-11-20",2,14.781,44.9193,9.26154,32.2,871.10763,1207.17,0,11,20,2023,12.5,324,420,50,0.65568,50,0.28808,0.12195,0.63705,0.321879272727273,0.541764117337687,7.99194078880045,0.7317902429,0.380702899267556,83.0138361793573
"2098","2024-11-20",2,15.021,44.9038,9.40851,32.2,834.83738,1138.9,0,11,20,2023,13,324,420,50,0.63382,50,0.28281,0.12826,0.64103,0.311148,0.536829583398893,7.50635871839119,0.7325625149,0.402073649271685,82.6717896220261
"2099","2024-11-20",2,15.191,43.825,9.69821,32.2,780.16739,1049.96,0,11,20,2023,13.5,324,420,50,0.60442,50,0.29353,0.13691,0.64237,0.296715272727273,0.54315996463587,7.31391667494769,0.7330328709,0.431724338386868,86.7006192752561
"2100","2024-11-20",2,15.293,42.9066,9.92158,32.1,708.03306,936.116,0,11,20,2023,14,324,420,50,0.56483,50,0.27214,0.14977,0.64373,0.277280181818182,0.506426900253715,6.2118181551212,0.7332845661,0.472889846630248,80.7612662892074
"2101","2024-11-20",2,15.345,41.9136,10.12791,32.1,619.66864,802.503,0,11,20,2023,14.5,324,420,50,0.43552,50,0.24868,0.16868,0.64827,0.213800727272727,0.460238346917405,5.0755209462353,0.7334040725,0.526237630105277,73.4771547921709
"2102","2024-11-20",2,15.169,42.6119,9.89364,32.1,516.58607,642.905,0,11,20,2023,15,324,420,50,0.44097,50,0.21839,0.19725,0.65461,0.216476181818182,0.392874337076378,3.84898134050967,0.7329755829,0.597904641572683,63.1707833511667
"2103","2024-11-20",2,14.848,42.3771,9.73094,32.1,400.54911,470.729,0,11,20,2023,15.5,324,420,50,0.35269,50,0.16138,0.23649,0.64731,0.173138727272727,0.252290307298773,2.34583077756365,0.7320185856,0.686202023303337,43.9709761472846
"2104","2024-11-20",2,14.53,44.7273,9.14444,32.1,273.54319,278.577,0,11,20,2023,16,324,420,50,0.2302,50,0.1699,0.20055,0.61478,0.113007272727273,0.334298761206954,2.7659089333118,0.73084701,0.800225592852974,60.1004300625659
"2105","2024-11-21",2,14.861,31.4417,11.58734,31.5,398.01687,472.209,0,11,21,2023,15.5,325,420,50,0.18153,50,0.17287,0.23798,0.64161,0.0891147272727273,0.259845162975959,2.47512837973995,0.7320617469,0.685390040896188,46.3498690738337
"2106","2024-11-21",2,14.501,35.0528,10.72489,31.5,271.21797,282.371,0,11,21,2023,16,325,420,50,0.1645,50,0.12921,0.19867,0.60484,0.0807545454545455,0.24097285841153,2.08906413543236,0.7307290989,0.797800430421857,45.2285867788516
"2107","2024-11-22",2,15.123,48.2487,8.89551,31.2,681.62337,867.937,0,11,22,2023,9.5,326,420,50,0.56988,50,0.19974,0.10014,0.63618,0.279759272727273,0.537423684425485,6.73883626126373,0.7328523581,0.499399151588271,92.3204364353799
"2108","2024-11-22",2,15.354,49.1835,8.86546,31.2,757.45355,797.216,0,11,22,2023,10,326,420,50,0.54652,50,0.14705,0.10838,0.62314,0.268291636363636,0.438370753454897,4.49002693179613,0.7334241524,0.528468118497227,65.2833071651171
"2109","2024-11-22",2,15.038,51.4139,8.3059,31.2,816.11177,945.257,0,11,22,2023,10.5,326,420,50,0.58406,50,0.17403,0.11154,0.61959,0.286720363636364,0.462681299755932,5.13387527667025,0.7326124116,0.469444311369677,66.0332118870457
"2110","2024-11-22",2,15.22,51.9274,8.31488,31.2,856.59436,680.782,0,11,22,2023,11,326,420,50,0.50446,50,0.10329,0.11339,0.60995,0.247644,0.328218502196454,2.95070091676661,0.73310676,0.580058916748367,47.0139725148473
"2111","2024-11-22",2,15.232,54.6543,7.84927,31.2,878.20867,732.264,0,11,22,2023,11.5,326,420,50,0.52077,50,0.09546,0.1149,0.60902,0.255650727272727,0.288320800495617,2.68707872323154,0.7331367936,0.556654120788003,41.0924593765879
"2112","2024-11-22",2,15.147,56.5715,7.47644,31.2,880.58485,579.898,0,11,22,2023,12,326,420,50,0.46646,50,0.08697,0.11426,0.60169,0.228989454545455,0.298118318046288,2.43217868345328,0.7329172301,0.62881486366653,41.9688758494778
"2113","2024-11-22",2,14.804,58.1384,7.04926,31.2,863.68226,476.716,0,11,22,2023,12.5,326,420,50,0.41917,50,0.07933,0.11534,0.59887,0.205774363636364,0.290688893737594,2.18744679728203,0.7318697424,0.682923248370727,40.7753186386862
"2114","2024-11-22",2,14.919,55.7985,7.49866,31.1,827.7901,542.131,0,11,22,2023,13,326,420,50,0.44671,50,0.09257,0.11608,0.60311,0.219294,0.321018288517595,2.55421133338037,0.7322497829,0.64810354741647,45.2721006146177
"2115","2024-11-22",2,14.394,59.8682,6.58137,31.1,773.5225,370.04,0,11,22,2023,13.5,326,420,50,0.36167,50,0.07051,0.11525,0.59781,0.177547090909091,0.271983612169469,1.94231824627491,0.7302780404,0.743763627203298,39.1135523635451
"2116","2024-11-22",2,14.417,60.6714,6.45925,31.1,701.80799,332.502,0,11,22,2023,14,326,420,50,0.34036,50,0.06214,0.11472,0.59662,0.167085818181818,0.238119652484961,1.7162373619848,0.7303771221,0.766437901199396,35.632373035527
"2117","2024-11-22",2,14.253,61.167,6.31052,31.1,613.87363,251.508,0,11,22,2023,14.5,326,420,50,0.28511,50,0.03964,0.1159,0.59602,0.139963090909091,0.145195278624674,1.08257620437642,0.7296451901,0.817743631848715,23.8920420778962
"2118","2024-11-22",2,13.456,61.1554,5.99386,31.1,269.02609,115.672,0,11,22,2023,16,326,420,50,0.16415,50,0.03144,0.12304,0.60183,0.0805827272727273,0.0961227783142111,0.816690457918874,0.7252456704,0.911614933598548,19.6521247511397
"2119","2024-11-23",2,10.703,24.2884,9.74425,30.9,753.17237,992.313,0,11,23,2023,10,327,420,50,0.59982,50,0.2884,0.10361,0.6389,0.294457090909091,0.530632494558309,9.4443898179859,0.6992983701,0.452100671225039,99.2969228119572
"2120","2024-11-23",2,10.3,26.8801,9.16095,30.9,811.92805,1100.3,0,11,23,2023,10.5,327,420,50,0.61721,50,0.30387,0.10619,0.63325,0.302994,0.510476796047214,9.62336232107119,0.694101,0.41468337572757,90.5499209364102
"2121","2024-11-23",2,10.335,27.6883,9.08091,30.9,852.53348,1190.35,0,11,23,2023,11,327,420,50,0.62918,50,0.30617,0.1092,0.62785,0.308870181818182,0.484177899627778,9.34853004752051,0.6945665525,0.385860258374763,82.0296107029256
"2122","2024-11-23",2,10.395,27.9842,9.08008,30.9,874.2939,1221.68,0,11,23,2023,11.5,327,420,50,0.63199,50,0.29266,0.11258,0.62752,0.310249636363636,0.458406138788981,8.66317584450522,0.6953583725,0.376309250088017,74.411740858404
"2123","2024-11-23",2,10.692,28.0952,9.24752,30.9,876.83697,1208.28,0,11,23,2023,12,327,420,50,0.62737,50,0.28283,0.11571,0.62606,0.307981636363636,0.451041076874807,8.12677003621671,0.6991612496,0.38036498514908,71.8392972363581
"2124","2024-11-23",2,10.955,27.7628,9.45435,30.9,860.11917,1165.6,0,11,23,2023,12.5,327,420,50,0.6178,50,0.29623,0.12009,0.62808,0.303283636363636,0.468272604949366,8.22781639795208,0.7023667725,0.393576429499051,76.4180968204455
"2125","2024-11-23",2,11.028,27.2809,9.56372,30.9,824.42657,1100,0,11,23,2023,13,327,420,50,0.60407,50,0.30486,0.1263,0.63231,0.296543454545455,0.476641561462058,8.10540236577804,0.7032295376,0.414782911681581,79.6657896803714
"2126","2024-11-23",2,11.196,27.764,9.60677,30.8,770.36986,1015.19,0,11,23,2023,13.5,327,420,50,0.58572,50,0.27621,0.13443,0.63387,0.287535272727273,0.448390138759402,6.91657086451526,0.7051705424,0.443901761017892,73.4346428952538
"2127","2024-11-23",2,10.988,30.2154,9.15341,30.8,698.87397,900.496,0,11,23,2023,14,327,420,50,0.55889,50,0.27731,0.14649,0.63464,0.274364181818182,0.445555274418413,6.38017258961271,0.7027582416,0.486559150979369,73.3946151593388
"2128","2024-11-23",2,10.636,32.7373,8.61828,30.8,611.16222,755.731,0,11,23,2023,14.5,327,420,50,0.52007,50,0.24218,0.16446,0.63839,0.255307090909091,0.395296736816535,4.99242441278485,0.6984590544,0.546301203817334,63.173991113618
"2129","2024-11-23",2,10.399,33.9493,8.3302,30.8,508.73537,591.331,0,11,23,2023,15,327,420,50,0.46525,50,0.1918,0.18962,0.64352,0.228395454545455,0.321859476930633,3.45679753292489,0.6954108789,0.623089693657291,49.175819249981
"2130","2024-11-23",2,9.951,35.2875,7.92039,30.8,393.34599,417.976,0,11,23,2023,15.5,327,420,50,0.38945,50,0.14533,0.21982,0.63754,0.191184545454545,0.219889159330342,2.23842703250178,0.6893113589,0.71578116085734,35.5478439680233
"2131","2024-11-23",2,9.379,37.9226,7.3114,30.8,266.96842,238.43,0,11,23,2023,16,327,420,50,0.27365,50,0.13931,0.1838,0.60855,0.134337272727273,0.25617569046764,2.44951715739813,0.6808817949,0.826344105166783,43.1878476715038
"2132","2024-11-24",2,5.589,21.1105,7.16973,30.6,581.18153,705.802,0,11,24,2023,9,328,420,50,0.54078,50,0.24292,0.09624,0.64524,0.265473818181818,0.415137349538486,8.6492086600929,0.6068433869,0.568563883541589,75.9043528333435
"2133","2024-11-24",2,5.653,24.2492,6.91515,30.6,672.9778,848.203,0,11,24,2023,9.5,328,420,50,0.56885,50,0.25308,0.10037,0.63948,0.279253636363636,0.388560594363598,8.56304648787897,0.6083559501,0.50734582871586,67.4836591257641
"2134","2024-11-24",2,5.91,28.1667,6.67546,30.6,748.95638,969.023,0,11,24,2023,10,328,420,50,0.58717,50,0.26887,0.10325,0.63573,0.288247090909091,0.38687068046195,8.79169122840586,0.61433909,0.460603174279849,64.5062628501426
"2135","2024-11-24",2,7.229,27.4742,7.38111,30.6,807.81728,1074.54,0,11,24,2023,10.5,328,420,50,0.60089,50,0.26368,0.10589,0.63118,0.294982363636364,0.393045259066018,8.34685568300078,0.6427597149,0.423317834620708,63.5737299405437
"2136","2024-11-24",2,8.134,26.2145,7.98801,30.6,848.55336,1154.38,0,11,24,2023,11,328,420,50,0.60956,50,0.25091,0.10889,0.62564,0.299238545454545,0.381605344693084,7.65599980703864,0.6600458484,0.397125074021111,59.0313855853363
"2137","2024-11-24",2,8.699,25.9502,8.33003,30.6,870.46761,1179.74,0,11,24,2023,11.5,328,420,50,0.61158,50,0.2465,0.112,0.62475,0.300230181818182,0.381820519893948,7.30218109968253,0.6699241389,0.389149379530683,57.6740970201704
"2138","2024-11-24",2,8.537,26.2352,8.20737,30.5,873.18508,1170.83,0,11,24,2023,12,328,420,50,0.60848,50,0.24539,0.11534,0.62354,0.298708363636364,0.37402797336033,7.04512439852513,0.6671635941,0.391933145864646,55.3480309811187
"2139","2024-11-24",2,8.887,26.6163,8.36079,30.5,856.65927,1134.62,0,11,24,2023,12.5,328,420,50,0.60208,50,0.2382,0.11953,0.62518,0.295566545454545,0.37405409575337,6.61633288570741,0.6730553541,0.403452709049816,54.9523838880386
"2140","2024-11-24",2,9.124,25.8862,8.58025,30.5,821.17294,1070.89,0,11,24,2023,13,328,420,50,0.59124,50,0.24133,0.12571,0.62934,0.290245090909091,0.379420634353011,6.41614627095413,0.6768918864,0.424555729144239,57.0663908578365
"2141","2024-11-24",2,9.425,26.0165,8.74072,30.5,767.33327,983.522,0,11,24,2023,13.5,328,420,50,0.57593,50,0.22898,0.13389,0.63109,0.282729272727273,0.370667627634563,5.73176190763692,0.6815863125,0.455291411593833,55.8607461071387
"2142","2024-11-24",2,9.626,30.1229,8.36795,30.5,696.06147,864.167,0,11,24,2023,14,328,420,50,0.55287,50,0.22312,0.14614,0.63359,0.271408909090909,0.36902296679578,5.13718429535063,0.6846101364,0.500907613045893,55.8570984782641
"2143","2024-11-24",2,9.083,29.6759,8.11901,30.4,608.57703,722.551,0,11,24,2023,14.5,328,420,50,0.51876,50,0.21189,0.16397,0.63738,0.254664,0.336679426825104,4.37413245545836,0.6762370221,0.560996394722331,51.2535271379413
"2144","2024-11-24",2,8.754,28.2262,8.10412,30.4,506.37683,568.133,0,11,24,2023,15,328,420,50,0.47004,50,0.17665,0.18901,0.64401,0.230746909090909,0.276181117536873,3.19645727972058,0.6708482324,0.634761208766682,41.3530333002297
"2145","2024-11-24",2,8.078,27.5,7.81899,30.4,391.20954,399.994,0,11,24,2023,15.5,328,420,50,0.39867,50,0.12899,0.21896,0.63968,0.195710727272727,0.174994020586766,2.0012505516083,0.6590285076,0.726152522597434,28.0876526587396
"2146","2024-11-24",2,7.454,27.1732,7.52681,30.4,265.0457,229.226,0,11,24,2023,16,328,420,50,0.28406,50,0.11305,0.17964,0.61204,0.139447636363636,0.185052432546167,2.04547775402944,0.6472256724,0.832451097995012,31.2400883688252
"2147","2024-11-25",2,10.154,28.1985,8.90835,30.2,668.74466,831.136,0,11,25,2023,9.5,329,420,50,0.55691,50,0.22833,0.10051,0.63889,0.273392181818182,0.491212489895588,7.70774304535951,0.6921299124,0.514320431591143,89.1212212113969
"2148","2024-11-25",2,10.244,29.8654,8.75409,30.2,744.80876,961.467,0,11,25,2023,10,329,420,50,0.57457,50,0.2352,0.10381,0.63507,0.282061636363636,0.465524161073897,7.64129836850217,0.6933505104,0.463395860458811,80.0626390127526
"2149","2024-11-25",2,9.941,34.0408,8.06757,30.2,803.78255,1053.56,0,11,25,2023,10.5,329,420,50,0.58428,50,0.2498,0.10661,0.62921,0.286828363636364,0.456675974223424,7.82956332043883,0.6891701709,0.430482761021897,74.7303622384035
"2150","2024-11-25",2,10.009,35.8347,7.88401,30.2,844.65697,1139.39,0,11,25,2023,11,329,420,50,0.59182,50,0.24426,0.10955,0.62482,0.290529818181818,0.430597176025697,7.39847698627225,0.6901259109,0.401916067289257,66.2248168171561
"2151","2024-11-25",2,10.245,36.4333,7.93483,30.2,866.73266,1173.4,0,11,25,2023,11.5,329,420,50,0.59367,50,0.2436,0.11267,0.62408,0.291438,0.425297052832028,7.16566809620162,0.6933639725,0.391128159126681,63.3744005086391
"2152","2024-11-25",2,10.196,38.0191,7.71156,30.2,869.63189,1160.77,0,11,25,2023,12,329,420,50,0.59058,50,0.2374,0.11601,0.62295,0.289921090909091,0.416108330877957,6.76995702494084,0.6927017424,0.395100150756278,60.2947209423939
"2153","2024-11-25",2,10.154,41.1973,7.2956,30.1,853.30505,1118.76,0,11,25,2023,12.5,329,420,50,0.58419,50,0.23472,0.12027,0.62479,0.286784181818182,0.414542376906712,6.47551463510222,0.6921299124,0.408604329793135,59.4836181800979
"2154","2024-11-25",2,10.311,42.9991,7.14671,30.1,818.03151,1055.53,0,11,25,2023,13,329,420,50,0.57468,50,0.22233,0.12675,0.62871,0.282115636363636,0.403840931907573,5.85663153926501,0.6942476069,0.429804854521163,57.1562523262163
"2155","2024-11-25",2,10.299,44.7613,6.92021,30.1,764.41479,948.217,0,11,25,2023,13.5,329,420,50,0.55884,50,0.20737,0.13234,0.62814,0.274339636363636,0.391721403939055,5.2270743962027,0.6940876589,0.468333982388707,55.5432998443755
"2156","2024-11-25",2,10.64,45.5915,6.97315,30.1,693.37231,863.154,0,11,25,2023,14,329,420,50,0.54746,50,0.19077,0.14334,0.62675,0.268753090909091,0.36715388915311,4.42980343979859,0.69850944,0.501313713105024,51.4508556852898
"2157","2024-11-25",2,10.584,47.1206,6.75192,30.1,606.11961,711.364,0,11,25,2023,14.5,329,420,50,0.5138,50,0.20302,0.14929,0.63056,0.252229090909091,0.389852535137244,4.55388392684985,0.6978008384,0.566039621827651,59.5205616535987
"2158","2024-11-25",2,10.555,47.8072,6.65137,30,504.14961,542.113,0,11,25,2023,15,329,420,50,0.46036,50,0.15633,0.18152,0.64164,0.225994909090909,0.291215650742984,2.93465267794856,0.6974311725,0.648112880174748,43.8414120879244
"2159","2024-11-25",2,10.188,49.8415,6.2373,30,389.20705,225.635,0,11,25,2023,15.5,329,420,50,0.28643,50,0.09742,0.15312,0.62511,0.140611090909091,0.249296357187029,2.11212727608895,0.6925931216,0.834846001902213,39.7274829549782
"2160","2024-11-25",2,9.826,52.34,5.78458,30,263.25863,130.647,0,11,25,2023,16,329,420,50,0.20891,50,0.07868,0.13326,0.61511,0.102555818181818,0.224956874648895,1.92870036945815,0.6875306964,0.90075894390996,38.2259317668305
"2161","2024-11-26",2,4.134,99.5147,0.03984,29.9,850.05897,334.19,0,11,26,2023,12.5,330,420,50,0.37503,50,0.13328,0.08796,0.43784,0.184105636363636,0.278116942206328,3.52324328075336,0.5700250484,0.765403601973631,35.750647987215
"2162","2024-11-26",2,3.985,99.5331,0.03793,29.9,761.6164,269.506,0,11,26,2023,13.5,330,420,50,0.33737,50,0.09199,0.10045,0.52467,0.165618,0.213040584967051,2.55166903900271,0.5659917525,0.806053791394164,26.8225763045627
"2163","2024-11-26",2,4.227,99.2119,0.06512,29.9,502.05487,310.621,0,11,26,2023,15,330,420,50,0.34731,50,0.17077,0.09041,0.48141,0.170497636363636,0.316090514531443,4.82900494751498,0.5725177181,0.779972356742681,50.4437859292068
"2164","2024-11-27",2,11.044,44.5258,7.3035,29.8,795.95337,1067.44,0,11,27,2023,10.5,331,420,50,0.546,50,0.25944,0.10495,0.63032,0.268036363636364,0.507439971426839,8.27490495232942,0.7034170704,0.42572912149325,83.5532072738897
"2165","2024-11-27",2,10.752,47.1015,6.83041,29.8,837.12718,1154.62,0,11,27,2023,11,331,420,50,0.55335,50,0.27199,0.10767,0.62379,0.271644545454545,0.489844806218214,8.36843151067856,0.6999059456,0.39704883332624,77.4943932166507
"2166","2024-11-27",2,10.893,46.2123,7.01072,29.8,859.54796,1188.64,0,11,27,2023,11.5,331,420,50,0.5553,50,0.25384,0.11096,0.62425,0.272601818181818,0.459069936482772,7.58402220507064,0.7016248061,0.386388476426991,68.9074188760564
"2167","2024-11-27",2,11.287,39.7238,8.06476,29.7,862.8321,1180.38,0,11,27,2023,12,331,420,50,0.55281,50,0.26867,0.11467,0.62413,0.271379454545455,0.473173164337138,7.76590109097539,0.7061959941,0.388950186046247,72.6028008752193
"2168","2024-11-27",2,12.18,30.8482,9.8147,29.7,846.92339,1142.73,0,11,27,2023,12.5,331,420,50,0.5469,50,0.2498,0.11895,0.62592,0.268478181818182,0.452513307678794,6.98062406766729,0.71529236,0.400843581037185,70.299728640082
"2169","2024-11-27",2,12.972,27.3262,10.86494,29.7,812.09405,1084.11,0,11,27,2023,13,331,420,50,0.52256,50,0.24297,0.1249,0.63064,0.256529454545455,0.442743768963724,6.51507114664004,0.7218919376,0.420089287925512,71.0426875089532
"2170","2024-11-27",2,12.377,34.3235,9.44305,29.7,758.94,1003.26,0,11,27,2023,13.5,331,420,50,0.52626,50,0.24881,0.13292,0.63161,0.258345818181818,0.454579097166408,6.27876067941278,0.7170628581,0.448158640943568,71.3137000388334
"2171","2024-11-27",2,12.102,37.5834,8.81338,29.6,688.37073,887.376,0,11,27,2023,14,331,420,50,0.50726,50,0.23656,0.1454,0.63375,0.249018545454545,0.433513391761535,5.47573360087612,0.7145677556,0.49169297098448,67.4026068637921
"2172","2024-11-27",2,11.899,39.9455,8.36709,29.6,601.59371,752.563,0,11,27,2023,14.5,331,420,50,0.47996,50,0.2185,0.1635,0.63655,0.235616727272727,0.397455748257202,4.51766101843123,0.7126191789,0.547687505567828,61.3544686356362
"2173","2024-11-27",2,12.026,37.9213,8.72187,29.6,500.0937,597.934,0,11,27,2023,15,331,420,50,0.43874,50,0.17521,0.19054,0.64395,0.215381454545455,0.312825791785303,3.14464996151546,0.7138488564,0.619806962642045,48.6227527932259
"2174","2024-11-27",2,12.051,34.7634,9.18066,29.6,385.6074,427.747,0,11,27,2023,15.5,331,420,50,0.37547,50,0.14786,0.22425,0.63774,0.184321636363636,0.235888426477704,2.23310601532936,0.7140867389,0.710207853771056,39.6106054747281
"2175","2024-11-27",2,11.796,35.9417,8.86443,29.6,260.09371,247.282,0,11,27,2023,16,331,420,50,0.26988,50,0.14645,0.17739,0.60388,0.132486545454545,0.305305389774705,2.64763627399351,0.7115958224,0.820512938116866,53.6013340729773
"2176","2024-11-28",2,10.116,35.69,7.95862,29.5,732.80705,972.736,0,11,28,2023,10,332,420,50,0.5161,50,0.24735,0.10202,0.63431,0.253358181818182,0.489227045485157,8.16724507193248,0.6916091984,0.459237028615,84.1146865192608
"2177","2024-11-28",2,10.094,36.0223,7.90584,29.5,792.16489,1044.56,0,11,28,2023,10.5,332,420,50,0.52256,50,0.24527,0.10506,0.62857,0.256529454545455,0.462223848785718,7.79306175741438,0.6913062804,0.433593421842165,75.6717035808588
"2178","2024-11-28",2,10.356,36.7029,7.96002,29.4,833.49951,1155.78,0,11,28,2023,11,332,420,50,0.53219,50,0.25556,0.10815,0.62378,0.261256909090909,0.44996745321925,7.82789939759168,0.6948445904,0.396680542922091,70.7054258003312
"2179","2024-11-28",2,10.564,38.8341,7.79957,29.4,856.10366,1186.44,0,11,28,2023,11.5,332,420,50,0.53343,50,0.25536,0.11089,0.62341,0.261865636363636,0.447234711704173,7.62397887863765,0.6975460944,0.387069118935213,68.0587428676069
"2180","2024-11-28",2,10.615,39.3307,7.7626,29.4,859.59059,1181.13,0,11,28,2023,12,332,420,50,0.53146,50,0.27579,0.11447,0.62324,0.260898545454545,0.464794638427371,7.97424518359559,0.6981939525,0.388716885931652,71.7085823290787
"2181","2024-11-28",2,10.717,37.4656,8.05582,29.4,843.90063,1143.1,0,11,28,2023,12.5,332,420,50,0.52607,50,0.25095,0.1186,0.62477,0.258252545454545,0.437780405478254,7.02053344136448,0.6994725021,0.400724948895621,65.4791337076963
"2182","2024-11-28",2,11.045,36.7398,8.32912,29.4,809.30224,1080.6,0,11,28,2023,13,332,420,50,0.51759,50,0.25655,0.12486,0.62936,0.254089636363636,0.4480422635928,6.8674460985229,0.7034287725,0.421270556370726,68.6194889608474
"2183","2024-11-28",2,11.368,39.3937,8.15259,29.3,756.38741,988.936,0,11,28,2023,13.5,332,420,50,0.5047,50,0.24099,0.13294,0.63112,0.247761818181818,0.437783925686308,6.07578957169902,0.7070934336,0.45332371774578,66.4903872416591
"2184","2024-11-28",2,11.699,39.4303,8.32813,29.3,686.06152,882.062,0,11,28,2023,14,332,420,50,0.48699,50,0.23409,0.14603,0.63476,0.239067818181818,0.425863913069624,5.40378127074502,0.7106107389,0.493787705555742,65.5220368623836
"2185","2024-11-28",2,11.721,40.8263,8.14803,29.3,599.52787,745.444,0,11,28,2023,14.5,332,420,50,0.46022,50,0.21975,0.16443,0.637,0.225926181818182,0.396750859910804,4.52100193726167,0.7108359749,0.550815594540659,61.2161564307549
"2186","2024-11-28",2,11.73,41.4382,8.06857,29.3,498.26708,589.314,0,11,28,2023,15,332,420,50,0.41986,50,0.18027,0.19162,0.6439,0.206113090909091,0.321148666143851,3.21698089584574,0.71092781,0.624095922794318,49.3763539700088
"2187","2024-11-28",2,11.564,42.0028,7.90354,29.3,384.01174,420.677,0,11,28,2023,15.5,332,420,50,0.35901,50,0.13909,0.2257,0.63744,0.176241272727273,0.218827644880439,2.08617671792088,0.7092052944,0.714236170733426,36.3394548859434
"2188","2024-11-28",2,11.197,44.7643,7.34636,29.3,258.7168,246.281,0,11,28,2023,16,332,420,50,0.26043,50,0.13909,0.17177,0.60045,0.127847454545455,0.295470513501601,2.5820989107139,0.7051819101,0.821170268037482,50.7169497227287
"2189","2024-11-29",2,10.046,54.6982,5.58006,29.1,728.96368,949.304,0,11,29,2023,10,333,420,50,0.49062,50,0.23931,0.10151,0.63357,0.240849818181818,0.496246234794844,7.93220734071325,0.6906416724,0.467926896184357,82.8634545550787
"2190","2024-11-29",2,9.902,58.5202,5.06021,29.1,788.46438,1044.06,0,11,29,2023,10.5,333,420,50,0.49971,50,0.22554,0.10458,0.62787,0.245312181818182,0.445897921165628,7.19104663377018,0.6886174356,0.433766893903001,68.9814360904961
"2191","2024-11-29",2,9.388,60.9208,4.60549,29.1,829.96706,1117.08,0,11,29,2023,11,333,420,50,0.50543,50,0.2307,0.107,0.62102,0.248120181818182,0.420962982446621,7.11077337429509,0.6810200016,0.409153863216117,62.115489141954
"2192","2024-11-29",2,9.963,58.0432,5.13938,29.1,852.76159,1132.38,0,11,29,2023,11.5,333,420,50,0.50604,50,0.23075,0.11015,0.62073,0.248419636363636,0.4284998640582,6.90569475015282,0.6894804941,0.404176344488137,61.974262438017
"2193","2024-11-29",2,10.38,54.7749,5.69648,29,856.45795,1121.48,0,11,29,2023,12,333,420,50,0.50315,50,0.23577,0.11375,0.6205,0.247000909090909,0.439004419736415,6.83008892158556,0.69516116,0.407716173436071,63.5037681966655
"2194","2024-11-29",2,10.237,52.9181,5.87394,29,840.99291,1088.63,0,11,29,2023,12.5,333,420,50,0.49803,50,0.22132,0.11786,0.62132,0.244487454545455,0.416196493252622,6.19607965374268,0.6932562141,0.418572988182501,58.6146516679322
"2195","2024-11-29",2,9.893,53.2742,5.69674,29,806.63106,1004.92,0,11,29,2023,13,333,420,50,0.48745,50,0.22578,0.12337,0.62373,0.239293636363636,0.416421104501218,6.06205637650933,0.6884894061,0.447563881276223,59.965221694073
"2196","2024-11-29",2,9.531,54.7043,5.38973,29,753.96036,855.782,0,11,29,2023,13.5,333,420,50,0.4657,50,0.21451,0.12954,0.62344,0.228616363636364,0.406874805165792,5.48258971747491,0.6831920429,0.504278996291703,59.621561415817
"2197","2024-11-29",2,9.206,56.6442,5.0472,29,683.882,789.28,0,11,29,2023,14,333,420,50,0.45456,50,0.20941,0.14027,0.62456,0.223147636363636,0.379010206505159,4.95169880321651,0.6781905204,0.531833930014476,55.4987425145258
"2198","2024-11-29",2,8.899,58.2122,4.76485,29,597.59506,626.736,0,11,29,2023,14.5,333,420,50,0.42043,50,0.17242,0.15366,0.62592,0.206392909090909,0.32674815768961,3.72986466871867,0.6732525789,0.605688894589423,46.5488056697208
"2199","2024-11-29",2,8.449,60.3857,4.38142,29,496.57592,488.016,0,11,29,2023,15,333,420,50,0.38151,50,0.13222,0.17088,0.631,0.187286727272727,0.236579469165873,2.59288174769272,0.6656398389,0.676777443098981,34.9344062935926
"2200","2024-11-30",2,2.324,45.4134,3.94209,28.9,838.20238,306.406,0,11,30,2023,12.5,334,420,50,0.29862,50,0.07719,0.10859,0.58481,0.146595272727273,0.149476314406717,2.20766631885933,0.5177229264,0.782606862810569,18.5471790355114
"2201","2024-11-30",2,1.982,47.6561,3.68885,28.9,804.08243,174.512,0,11,30,2023,13,334,420,50,0.20584,50,0.05645,0.10835,0.58666,0.101048727272727,0.114383496644658,1.62318844472538,0.5070308436,0.869697699112911,14.5195078169206
"2202","2024-11-30",2,1.68,44.4713,3.8295,28.9,751.66051,79.771,0,11,30,2023,13.5,334,420,50,0.10679,50,0.03158,0.11211,0.58537,0.0524241818181818,0.0593925213689005,0.875680478635013,0.49737536,0.938176857788379,8.1296317844084
"2203","2024-11-30",2,1.452,47.1045,3.58865,28.9,681.83358,89.9818,0,11,30,2023,14,334,420,50,0.11991,50,0.02977,0.11021,0.58136,0.0588649090909091,0.0522987932893504,0.833969971253039,0.4899528656,0.930544444439683,7.45472322930712
"2204","2024-11-30",2,0.888,51.0444,3.18907,28.9,595.79638,96.7989,0,11,30,2023,14.5,334,420,50,0.13127,50,0.03924,0.11089,0.58035,0.0644416363636364,0.0630984153644793,1.09062145715624,0.4711006016,0.925483366108906,8.99048749202388
"2205","2024-12-1",2,13.227,44.231,8.4894,36.1,519.97643,862.317,0,12,1,2024,14,336,420,50,0.80772,50,0.1375,0.14552,0.69839,0.396517090909091,0.315000441243589,3.50449510885414,0.7237231181,0.501649505177959,46.0525567258554
"2206","2024-12-1",2,12.942,45.6918,8.11431,36.1,439.86638,730.144,0,12,1,2024,14.5,336,420,50,0.73209,50,0.14551,0.16025,0.70092,0.359389636363636,0.32594965881846,3.37995321341969,0.7216670996,0.557599007214059,48.8658032183119
"2207","2024-12-1",2,12.783,46.5652,7.90104,36,351.33032,584.069,0,12,1,2024,15,336,420,50,0.63445,50,0.14126,0.18205,0.70621,0.311457272727273,0.299447650583954,2.91011274800541,0.7204424021,0.62672013102499,47.0014683626517
"2208","2024-12-1",2,12.48,46.701,7.72571,36,251.61172,419.544,0,12,1,2024,15.5,336,420,50,0.5021,50,0.14251,0.21705,0.70805,0.246485454545455,0.271029598567503,2.46886254385509,0.71795456,0.71488384788152,44.9272949967764
"2209","2024-12-2",2,12.663,23.7729,11.18279,35.8,427.67407,710.028,0,12,2,2024,9,337,420,50,0.671,50,0.13197,0.15393,0.70282,0.3294,0.271505878997253,3.19995221319284,0.7194812741,0.566644928393668,46.5063372054297
"2210","2024-12-2",2,13.43,23.3032,11.83091,35.8,516.60106,856.748,0,12,2,2024,9.5,337,420,50,0.73783,50,0.11917,0.13732,0.69851,0.362207454545455,0.256008755991545,3.21923889596394,0.72507861,0.503889440027297,42.7823883692528
"2211","2024-12-2",2,14.581,26.0759,12.28822,35.8,592.87572,982.593,0,12,2,2024,10,337,420,50,0.78476,50,0.12488,0.12737,0.69503,0.385245818181818,0.274350407751585,3.61890119370518,0.7310498829,0.455629909941335,44.8192129362634
"2212","2024-12-2",2,14.577,25.6058,12.36316,35.7,653.95666,1083.37,0,12,2,2024,10.5,337,420,50,0.82273,50,0.14439,0.12186,0.69156,0.403885636363636,0.315024254699993,4.35164282534435,0.7310341781,0.420338054411579,49.7155830556286
"2213","2024-12-2",2,15.278,20.1199,13.88844,35.7,612.07515,1014.27,0,12,2,2024,13.5,337,420,50,0.7538,50,0.15612,0.13497,0.69471,0.370047272727273,0.310436537856004,4.26748770879288,0.7332489876,0.444228592973408,52.1103731731217
"2214","2024-12-2",2,15.379,21.6187,13.71658,35.6,544.91987,903.471,0,12,2,2024,14,337,420,50,0.71106,50,0.15524,0.14596,0.69941,0.349065818181818,0.31047587943975,3.95047257040105,0.7334789949,0.485402517140276,52.7724568640892
"2215","2024-12-2",2,15.412,21.593,13.75019,35.6,463.96188,769.899,0,12,2,2024,14.5,337,420,50,0.64765,50,0.16197,0.16209,0.70198,0.317937272727273,0.314534423178547,3.72520804906436,0.7335492816,0.54014416652987,55.395262334691
"2216","2024-12-2",2,14.901,22.5396,13.14481,35.6,369.04965,613.304,0,12,2,2024,15,337,420,50,0.56893,50,0.14909,0.18403,0.69923,0.279292909090909,0.282718379804547,3.00834316787902,0.7321922189,0.612232479584192,50.3553546858652
"2217","2024-12-2",2,14.233,20.988,12.84141,35.6,265.12593,441.841,0,12,2,2024,15.5,337,420,50,0.45513,50,0.16157,0.22584,0.70959,0.223427454545455,0.275544717921796,2.69596829292687,0.7295518821,0.702245093394835,51.0711588372429
"2218","2024-12-3",2,10.108,49.0451,6.30986,35.2,282.82405,471.041,0,12,3,2024,14,338,420,50,0.42889,50,0.06889,0.12965,0.6677,0.210546,0.203095690646179,1.88413698069848,0.6914991696,0.68603076865179,28.9728617185971
"2219","2024-12-3",2,10.103,50.2425,6.15951,35.2,312.51143,520.022,0,12,3,2024,14.5,338,420,50,0.46056,50,0.07736,0.13756,0.67053,0.226093090909091,0.200332817455831,2.0025803068158,0.6914303301,0.659668660213799,29.601313560988
"2220","2024-12-3",2,9.013,54.4382,5.24101,35.2,87.76471,149.214,0,12,3,2024,15.5,338,420,50,0.15775,50,0.02739,0.13158,0.66191,0.0774409090909091,0.0745875472476558,0.7317260666522,0.6751104141,0.88747830766401,13.4941424281493
"2221","2024-12-4",2,6.789,78.2414,2.15039,34.9,70.32721,120.444,0,12,4,2024,14,339,420,50,0.1136,50,0.026,0.12519,0.64435,0.0557672727272727,0.0740653231176354,0.710678169790084,0.6337044269,0.908141386952522,11.1655858365587
"2222","2024-12-4",2,6.579,87.0075,1.26558,34.9,81.47702,138.84,0.1,12,4,2024,14.5,339,420,50,0.12967,50,0.02775,0.11922,0.64269,0.0636561818181818,0.0784161557311783,0.794443189487111,0.6292324349,0.894874315658734,12.0651925082402
"2223","2024-12-4",2,6.168,91.2911,0.82456,34.9,52.80104,91.5277,0.2,12,4,2024,15,339,420,50,0.08662,50,0.03176,0.11685,0.64237,0.0425225454545455,0.0900758629618005,0.927223566405268,0.6201993536,0.92939433284395,14.0721381753305
"2224","2024-12-4",2,5.421,96.2117,0.34054,34.9,53.99584,93.499,0.2,12,4,2024,15.5,339,420,50,0.08826,50,0.03984,0.11262,0.59722,0.0433276363636364,0.0982648838635951,1.12198120992896,0.6028300349,0.927929795925465,15.802259425491
"2225","2024-12-5",2,3.826,46.6594,4.28739,35.6,393.25305,653.237,0,12,5,2024,9,340,420,50,0.40953,50,0.1711,0.162,0.69662,0.201042,0.200726584229661,3.9073144886414,0.5616338964,0.592982969275319,29.6849918442315
"2226","2024-12-5",2,4.064,48.188,4.23504,35.6,489.08776,811.354,0,12,5,2024,9.5,340,420,50,0.46712,50,0.17295,0.14327,0.69518,0.229313454545455,0.218363584326245,4.45666518827395,0.5681362944,0.522524607791756,30.6353314796546
"2227","2024-12-5",2,4.495,50.4545,4.17444,35.6,566.88433,939.71,0,12,5,2024,10,340,420,50,0.5066,50,0.16346,0.13229,0.69316,0.248694545454546,0.218821221487882,4.54847073736366,0.5795944725,0.471532146508229,29.5687202517664
"2228","2024-12-6",2,4.196,38.581,5.06719,35.3,347.24581,577.33,0,12,6,2024,10,341,420,50,0.32379,50,0.17364,0.14149,0.68854,0.158951454545455,0.260594547017096,4.48746050841123,0.5716889424,0.630108028806855,37.7412394487369
"2229","2024-12-6",2,4.979,38.2436,5.38278,35.3,682.80702,1130.97,0,12,6,2024,11,341,420,50,0.46829,50,0.1416,0.12427,0.68579,0.229887818181818,0.186976773388858,4.14987998379747,0.5919745149,0.404632512635187,24.3619492014338
"2230","2024-12-6",2,5.228,36.9209,5.59454,35.3,711.88163,1178.94,0,12,6,2024,11.5,341,420,50,0.47717,50,0.15326,0.12248,0.68388,0.234247090909091,0.205637524235823,4.54455098800829,0.5981428176,0.38939851484838,26.3401611994558
"2231","2024-12-6",2,5.5,31.9322,6.15256,35.3,708.97842,1174.15,0,12,6,2024,12,341,420,50,0.47615,50,0.1471,0.1235,0.68502,0.233746363636364,0.202296803398183,4.33307693787238,0.604725,0.390893552620195,25.9127487128605
"2232","2024-12-6",2,5.819,27.5003,6.70014,35.3,690.55298,1143.75,0,12,6,2024,12.5,341,420,50,0.47034,50,0.1539,0.12632,0.6866,0.230894181818182,0.218261039446968,4.44240077022228,0.6122371629,0.400516626090819,28.0925904830959
"2233","2024-12-6",2,6.253,30.1483,6.65259,35.3,660.08433,1093.48,0,12,6,2024,13,341,420,50,0.46044,50,0.11553,0.13084,0.68962,0.226034181818182,0.167748908270841,3.23378781232958,0.6220979901,0.416952071600016,22.1961296194431
"2234","2024-12-6",2,6.834,32.5357,6.68814,35.2,602.20481,997.985,0,12,6,2024,13.5,341,420,50,0.4404,50,0.11129,0.13822,0.69437,0.216196363636364,0.171561050795949,2.96909187591616,0.6346500884,0.450053866521742,23.2120486497512
"2235","2024-12-6",2,6.964,33.5091,6.65088,35.2,521.4935,864.82,0,12,6,2024,14,341,420,50,0.40904,50,0.11439,0.14835,0.6966,0.200801454545455,0.181318779024537,2.85253783404958,0.6373569744,0.500646007246223,25.0995296583618
"2236","2024-12-6",2,7.179,34.0722,6.69273,35.2,453.41938,752.505,0,12,6,2024,14.5,341,420,50,0.37883,50,0.16136,0.16537,0.70049,0.185971090909091,0.252747150672501,3.62984877832549,0.6417521549,0.54771291885767,35.6143699793409
"2237","2024-12-6",2,6.885,36.6691,6.30046,35.2,362.39771,602.329,0,12,6,2024,15,341,420,50,0.33176,50,0.16244,0.18871,0.70494,0.162864,0.236758084817721,3.22253508373344,0.6357164525,0.617631547981455,34.7336976433605
"2238","2024-12-6",2,6.702,37.8795,6.10262,35.2,263.02458,438.374,0,12,6,2024,15.5,341,420,50,0.2689,50,0.16456,0.22603,0.7073,0.132005454545455,0.213154470343169,2.73469744940495,0.6318635156,0.704195544020425,33.0534637628699
"2239","2024-12-7",2,4.349,41.1039,4.91163,35,361.01944,600.055,0,12,7,2024,15,342,420,50,0.32725,50,0.1098,0.18192,0.70053,0.16065,0.127913885341291,2.24541213383113,0.5757588189,0.618756165935875,18.8557312890076
"2240","2024-12-7",2,4.132,45.1691,4.50332,35,241.28014,402.498,0,12,7,2024,15.5,342,420,50,0.25061,50,0.14692,0.21453,0.70357,0.123026727272727,0.161514991542909,2.55886652998511,0.5699712336,0.724699349847935,24.5788146508839
"2241","2024-12-9",2,1.778,59.9765,2.78034,34.9,48.23898,84.0008,0,12,9,2024,15,344,420,50,0.09569,50,0.02274,0.12342,0.65416,0.0469750909090909,0.0359674518692205,0.640083064791945,0.5005305876,0.935007582594122,5.99754058009884
"2242","2024-12-9",2,1.767,60.7464,2.72471,34.9,40.30932,70.9177,0,12,9,2024,15.5,344,420,50,0.08077,50,0.02261,0.12246,0.65409,0.0396507272727273,0.0341326802929053,0.64134431673319,0.5001774821,0.944845213634541,6.06401456814625
"2243","2024-12-10",2,0.988,64.5601,2.32564,34.8,42.88779,75.1719,0,12,10,2024,9,345,420,50,0.0781,50,0.03092,0.12622,0.64839,0.03834,0.0432190739886544,0.843519353593278,0.4744942416,0.94163503103039,7.17184880460916
"2244","2024-12-10",2,0.717,69.6559,1.95255,34.8,48.70241,84.7654,0,12,10,2024,9.5,345,420,50,0.08766,50,0.02302,0.12532,0.64714,0.0430330909090909,0.0305959942158598,0.631292473448431,0.4652465021,0.934435832038018,5.13227096801543
"2245","2024-12-10",2,0.296,74.8012,1.57264,34.8,54.25713,93.9301,0,12,10,2024,10,345,420,50,0.09657,50,0.03634,0.12597,0.64311,0.0474070909090909,0.0516195120650649,0.985259180223899,0.4505596224,0.927609826676115,7.49458393903115
"2246","2024-12-10",2,-0.258,83.8339,0.96897,34.8,92.83291,157.576,0.1,12,10,2024,10.5,345,420,50,0.15571,50,0.0593,0.11864,0.63848,0.0764394545454545,0.0854764638808406,1.69479934305406,0.4306387796,0.881561246230205,11.3004575835604
"2247","2024-12-10",2,-0.687,90.628,0.54437,34.8,102.38869,173.342,0,12,10,2024,11,345,420,50,0.16897,50,0.06437,0.11571,0.63586,0.0829489090909091,0.0907148470796853,1.87854479312438,0.4147488341,0.870512117247509,11.5888211948282
"2248","2024-12-10",2,-0.779,94.8482,0.29722,34.8,92.22803,156.578,0,12,10,2024,11.5,345,420,50,0.15399,50,0.06293,0.11042,0.62954,0.0755950909090909,0.0937305496279221,1.90537627173679,0.4112884749,0.882265365776315,11.7442147857869
"2249","2024-12-10",2,-0.449,97.3449,0.15693,34.8,88.06169,149.704,0,12,10,2024,12,345,420,50,0.14751,50,0.05953,0.10676,0.61649,0.072414,0.0955193749893101,1.82557965705083,0.4236142389,0.88713048434523,11.9027029909581
"2250","2024-12-10",2,0.212,98.0111,0.12337,34.8,83.18865,141.664,0.4,12,10,2024,12.5,345,420,50,0.13994,50,0.05124,0.10489,0.61446,0.0686978181818182,0.0915165100374228,1.59410192426626,0.4475825616,0.892854897598362,11.5319499560725
"2251","2024-12-10",2,0.042,98.3701,0.09986,34.8,63.46494,109.122,0.1,12,10,2024,13,345,420,50,0.10958,50,0.04539,0.08743,0.47897,0.0537938181818182,0.0740121518728884,1.32055182786093,0.4415100596,0.916404333118567,9.56682507142158
"2252","2024-12-10",2,0.073,98.8819,0.06866,34.8,58.93374,101.646,0.2,12,10,2024,13.5,345,420,50,0.10217,50,0.03996,0.09256,0.54516,0.0501561818181818,0.0691018959863261,1.24989505633553,0.4426221381,0.921901586754984,9.15043055142248
"2253","2024-12-10",2,0.132,99.0576,0.05812,34.8,48.12522,83.8131,0.1,12,10,2024,14,345,420,50,0.08456,50,0.02772,0.07902,0.40672,0.0415112727272727,0.0385841788502839,0.757703273110688,0.4447328336,0.935147993874539,5.67514169792954
"2254","2024-12-10",2,-0.18,99.219,0.04708,34.8,24.33737,44.5657,0,12,10,2024,14.5,345,420,50,0.04424,50,0.02959,0.0712,0.36865,0.0217178181818182,0.0399743935171602,0.813629419560686,0.43348436,0.964975506336496,6.00764777508805
"2255","2024-12-11",2,-2.189,98.1585,0.09573,34.8,45.3748,79.2752,0,12,11,2024,9.5,346,420,50,0.07129,50,0.03909,0.06358,0.30031,0.0349969090909091,0.0326339540596479,0.980533361629091,0.3559251069,0.938549050065545,5.08559302976249
"2256","2024-12-11",2,-2.055,98.2903,0.08977,34.8,57.79809,99.7723,0,12,11,2024,10.5,346,420,50,0.08861,50,0.0313,0.06501,0.30746,0.0434994545454545,0.0274322432607964,0.786140604214623,0.3613746725,0.923284516576769,4.10721420552086
"2257","2024-12-11",2,-2.072,98.3101,0.08862,34.8,44.01162,77.0261,0,12,11,2024,11,346,420,50,0.06863,50,0.03215,0.06676,0.30942,0.0336910909090909,0.0290654552011412,0.791335164532637,0.3606854976,0.940239282745277,4.19771530838504
"2258","2024-12-11",2,-1.936,98.375,0.08608,34.8,84.42691,143.707,0,12,11,2024,11.5,346,420,50,0.12386,50,0.05429,0.07198,0.37079,0.060804,0.0595572426868854,1.48519488937828,0.3661810944,0.891396807429591,7.64865812511017
"2259","2024-12-11",2,-1.955,98.3788,0.08576,34.8,169.66154,284.335,0,12,11,2024,12,346,420,50,0.22212,50,0.13678,0.09086,0.46238,0.109040727272727,0.141197168567876,3.69654792748565,0.3654157725,0.796547910622804,16.9553304972416
"2260","2024-12-11",2,-1.853,98.4237,0.08401,34.8,281.70822,469.2,0,12,11,2024,12.5,346,420,50,0.32372,50,0.16251,0.09359,0.49984,0.158917090909091,0.155042731268594,4.60923748044419,0.3695150301,0.687041899181609,18.5596455649757
"2261","2024-12-11",2,-1.476,98.6322,0.07496,34.8,264.69075,441.123,0,12,11,2024,13,346,420,50,0.30885,50,0.14703,0.09518,0.51906,0.151617272727273,0.154332001366032,4.25819213061546,0.3844675664,0.702648578846409,18.6884030640513
"2262","2024-12-11",2,-1.213,98.7966,0.06725,34.8,312.96298,520.767,0.1,12,11,2024,13.5,346,420,50,0.34613,50,0.16189,0.11866,0.55253,0.169918363636364,0.138795222397386,4.00330773995875,0.3947134941,0.65927561483147,17.2110343190423
"2263","2024-12-16",2,5.933,26.3619,6.85941,34.7,535.39744,887.76,0,12,16,2024,14,351,420,50,0.24117,50,0.07678,0.14553,0.69285,0.118392545454545,0.106352275340004,1.94125341876819,0.6148674621,0.491541946102403,15.2340058515123
"2264","2024-12-16",2,5.755,24.3864,6.95692,34.7,460.77562,764.642,0,12,16,2024,14.5,351,420,50,0.21767,50,0.09772,0.16074,0.6951,0.106856181818182,0.13173146168024,2.24416206406481,0.6107479725,0.542420580324298,19.0994792468404
"2265","2024-12-16",2,5.531,24.4393,6.84459,34.7,364.0566,605.066,0,12,16,2024,15,351,420,50,0.18357,50,0.09001,0.18349,0.6984,0.0901161818181818,0.112676437824522,1.81940768824695,0.6054648429,0.616280661434305,17.2072626026663
"2266","2024-12-31",2,6.424,24.8282,7.24442,34.1,271.41179,452.212,0,12,31,2024,15.5,366,420,50,0.20356,50,0.06982,0.19762,0.69518,0.0999294545454545,0.0921994008353559,1.30434852837246,0.6258694464,0.696442809781523,15.1963639302404
